FID;OBJECTID;ULAND;UREGBEZ;UKREIS;UGEMEINDE;UJAHR;UMONAT;USTUNDE;UWOCHENTAG;UKATEGORIE;UART;UTYP1;ULICHTVERH;IstStrasse;IstRad;IstPKW;IstFuss;IstKrad;IstGkfz;IstSonstig;LINREFX;LINREFY;XGCSWGS84;YGCSWGS84
25574;25575;08;4;15;061;2016;02;07;6;3;6;4;0;0;1;0;1;1;0;0;515465,611199999980000;5371281,973799999800000;9,209334586000001;48,494469361000000
25575;25576;08;1;25;013;2016;03;13;4;3;5;3;0;1;1;1;0;0;0;0;504796,218999999980000;5435799,271999999900000;9,065672316000001;49,075035671000002
25585;25586;08;3;17;096;2016;02;18;5;1;6;4;2;0;0;1;1;0;0;0;422759,728000000000000;5370331,377600000200000;7,954777985000000;48,481361792999998
25594;25595;08;1;16;033;2016;03;15;4;3;3;2;0;1;1;1;0;0;0;0;531111,678399999980000;5389410,491700000100000;9,422463884000001;48,656974267000002
25598;25599;08;1;16;073;2016;02;15;2;3;6;4;0;1;0;1;1;0;0;0;521039,155299999980000;5389266,231999999800000;9,285684476000000;48,656096914000003
25610;25611;08;2;26;056;2016;03;16;4;3;6;7;0;0;0;1;1;0;0;0;485748,277000000000000;5470752,559000000400000;8,803616170000000;49,389301224000000
25614;25615;08;1;18;079;2016;03;17;3;3;0;7;0;0;1;0;0;0;0;0;510795,937500000000000;5422765,911799999900000;9,147476605000000;48,957717310000000
25620;25621;08;2;12;000;2016;03;19;3;2;5;3;2;1;1;1;0;0;0;0;456397,354899999980000;5426646,676799999500000;8,403971108000000;48,991182072999997
25622;25623;08;3;35;043;2016;02;11;7;3;5;3;0;0;1;1;0;0;0;0;513637,390000000010000;5279591,978299999600000;9,181660917000000;47,669575682000001
25623;25624;08;2;12;000;2016;02;16;7;2;5;3;0;0;1;1;0;0;0;0;452860,405399999990000;5429798,497399999800000;8,355259738000001;49,019272934999996
25628;25629;08;1;15;028;2016;02;07;6;2;6;2;0;0;0;1;1;0;0;0;500828,785800000010000;5404832,578999999900000;9,011285200000000;48,796486186999999
25629;25630;08;1;21;000;2016;02;09;6;3;6;4;0;0;0;0;1;0;0;1;516149,386799999980000;5444035,162300000000000;9,221454495000000;49,148927461000000
25631;25632;08;2;16;043;2016;02;16;2;3;5;3;0;0;1;1;0;0;0;0;442051,503000000030000;5412083,286999999500000;8,209956044000000;48,859006548000004
25633;25634;08;1;27;014;2016;02;18;2;3;5;3;2;2;1;1;0;0;0;0;577773,859700000030000;5443196,916699999900000;10,066248614999999;49,136676113999997
25634;25635;08;2;11;000;2016;03;15;3;2;0;7;0;0;1;0;0;0;0;0;440606,503600000000000;5403881,129099999600000;8,191445307000000;48,785091495000003
25635;25636;08;4;35;057;2016;02;18;4;3;3;2;2;1;1;1;0;0;0;0;544220,537699999990000;5280059,107800000300000;9,589085610000000;47,672410366000001
25638;25639;08;2;25;032;2016;02;13;7;3;6;1;0;0;0;1;1;0;0;0;534109,413799999980000;5495302,244599999900000;9,472128673000000;49,609325585999997
25654;25655;08;2;16;002;2016;03;18;4;3;5;3;1;0;1;1;0;0;0;0;444309,841499999980000;5422520,208100000400000;8,239318669999999;48,953093201999998
25655;25656;08;2;15;046;2016;03;08;7;2;6;4;0;0;0;1;1;0;0;1;450832,397600000030000;5416500,668499999700000;8,329130298000001;48,899499839000001
25659;25660;08;2;12;000;2016;03;19;6;2;3;2;2;1;1;1;0;0;0;0;457902,002800000020000;5427947,545300000300000;8,424403058999999;49,002988018000003
25663;25664;08;3;35;075;2016;03;07;4;3;5;3;0;1;1;1;0;0;0;0;488369,146599999980000;5290065,711699999900000;8,844788024000000;47,763853353999998
25666;25667;08;4;35;016;2016;03;09;4;3;0;7;0;0;1;0;0;0;0;0;537509,415099999980000;5278626,665400000300000;9,499563959000000;47,659946312999999
25670;25671;08;1;35;019;2016;03;20;4;3;0;3;2;0;1;1;0;0;0;0;581277,478000000000000;5392469,609000000200000;10,104172563000001;48,679977491999999
25681;25682;08;3;16;045;2016;03;18;4;3;5;3;0;0;1;1;0;0;0;0;414402,568199999980000;5324048,620299999600000;7,851083013000000;48,063969063000002
25696;25697;08;1;25;107;2016;03;12;6;3;0;1;0;0;1;0;0;0;0;0;534825,924800000040000;5437974,317699999500000;9,477033485000000;49,093634289999997
25703;25704;08;2;26;080;2016;03;16;3;2;2;2;0;0;1;1;0;0;0;0;485603,809000000010000;5479424,191999999800000;8,801310708999999;49,467298227999997
25719;25720;08;3;36;050;2016;03;00;3;2;5;3;2;1;1;1;0;0;0;0;399258,572200000000000;5275405,920800000400000;7,659194225000000;47,624218591999998
25727;25728;08;3;35;100;2016;03;15;6;3;5;2;0;0;1;1;0;0;0;0;487816,647000000000000;5286495,798999999600000;8,837515032000001;47,731722685000001
25729;25730;08;2;25;001;2016;03;08;5;3;0;7;0;0;1;1;0;0;0;0;528384,985299999940000;5472290,105299999900000;9,391241566000000;49,402636319000003
25733;25734;08;2;12;000;2016;03;16;6;3;5;3;0;1;1;0;0;1;0;0;455226,007500000010000;5429028,022699999600000;8,387697706000001;49,012518692000000
25760;25761;08;3;36;050;2016;03;07;4;3;5;2;0;0;1;1;0;0;0;0;399598,765000000010000;5274757,559000000400000;7,663869346000000;47,618439184000003
25767;25768;08;3;36;084;2016;03;12;1;3;5;3;0;0;1;1;0;0;0;0;405510,588999999980000;5277273,427000000100000;7,741980133000000;47,641960177999998
25769;25770;08;1;11;000;2016;03;13;5;2;5;3;0;0;1;1;0;0;0;0;511271,056900000030000;5410065,305400000000000;9,153616362999999;48,843457477999998
25775;25776;08;2;15;109;2016;03;07;3;3;5;3;0;0;1;0;0;1;0;0;462387,273899999970000;5438302,763199999900000;8,484764855000000;49,096424638999999
25787;25788;08;3;25;053;2016;03;15;7;2;5;3;0;0;1;1;0;0;0;0;456610,710000000020000;5342069,896999999900000;8,415732072000001;48,230365378999998
25794;25795;08;2;26;028;2016;03;18;6;2;6;4;1;1;0;1;1;0;0;0;471301,661900000010000;5483824,440100000200000;8,603603675000001;49,506369391000000
25805;25806;08;4;36;064;2016;03;08;4;3;5;3;0;1;1;1;0;0;0;0;546336,105600000010000;5291663,118800000300000;9,618501259000000;47,776664633999999
25820;25821;08;1;18;049;2016;03;13;4;3;3;2;0;0;1;0;0;0;1;0;522079,266999999990000;5422102,180400000000000;9,301573513999999;48,951446654000002
25830;25831;08;2;36;071;2016;03;07;6;2;5;3;0;0;1;1;0;0;0;0;468715,344199999990000;5422367,334200000400000;8,572675830000000;48,953434606000002
25840;25841;08;1;19;020;2016;03;22;6;3;6;6;2;1;0;0;1;0;0;1;519690,131999999980000;5405354,039699999600000;9,268135065999999;48,800865903999998
25872;25873;08;1;21;000;2016;03;19;7;3;6;2;2;1;0;1;1;0;0;0;516428,975099999980000;5443728,835599999900000;9,225275930000001;49,146164538999997
25893;25894;08;2;22;000;2016;03;08;6;3;5;3;0;0;1;0;0;0;0;1;462736,543999999990000;5479439,620099999900000;8,485715560999999;49,466464340999998
25894;25895;08;1;36;029;2016;03;08;3;2;6;7;0;0;0;0;1;0;1;0;569141,981700000000000;5411577,674999999800000;9,942545697000000;48,853312189999997
25904;25905;08;4;36;064;2016;03;17;1;2;2;6;0;1;1;1;0;0;0;0;548451,016100000010000;5284035,242499999700000;9,645880112000000;47,707880893000002
25908;25909;08;2;12;000;2016;03;14;3;2;7;7;0;0;1;1;0;0;0;0;456745,266000000000000;5428270,710900000300000;8,408553689000000;49,005814954999998
25941;25942;08;2;35;066;2016;03;12;2;3;4;1;0;1;1;1;0;0;0;0;462916,563000000020000;5385433,481999999800000;8,496804885000000;48,620871811999997
25960;25961;08;2;15;047;2016;03;07;4;2;0;7;0;2;1;0;0;0;0;0;460119,006100000000000;5413875,179200000100000;8,456091418000000;48,876550037000001
25962;25963;08;1;11;000;2016;03;18;7;3;2;6;2;1;1;1;0;0;0;0;517716,165600000010000;5404166,997200000100000;9,241203172000001;48,790246832999998
25966;25967;08;3;11;000;2016;03;12;6;3;5;2;0;0;1;1;0;0;0;0;414559,359100000000000;5317224,224999999600000;7,854548566000000;48,002602379999999
25972;25973;08;3;35;002;2016;03;16;4;3;6;7;0;0;0;1;1;0;0;0;505138,400399999980000;5284602,798800000000000;9,068506768000001;47,714784758999997
25979;25980;08;2;22;000;2016;03;16;6;3;3;2;0;1;1;1;0;0;0;0;461776,354700000030000;5484655,828300000200000;8,471959857000000;49,513321679000001
25981;25982;08;2;15;107;2016;03;13;1;2;0;7;0;1;1;0;0;0;0;0;463441,683800000000000;5456244,999900000200000;8,497577107000000;49,257878509999998
26024;26025;08;2;26;038;2016;03;15;6;2;5;2;0;1;1;1;0;0;0;0;471487,621900000030000;5480260,905199999900000;8,606429245999999;49,474325462000003
26027;26028;08;3;11;000;2016;03;00;4;3;0;1;2;1;1;0;0;0;0;0;414433,101599999990000;5316740,897699999600000;7,852952654000000;47,998237777999996
26033;26034;08;2;25;001;2016;03;17;3;2;4;2;0;0;1;1;0;0;0;0;528306,277000000000000;5472500,804999999700000;9,390171742000000;49,404535181999996
26040;26041;08;1;15;045;2016;03;22;6;3;5;2;2;0;1;1;0;0;0;0;499492,542000000020000;5394795,258200000000000;8,993102544999999;48,706190730000003
26048;26049;08;1;11;000;2016;03;08;3;2;5;3;0;0;1;1;0;0;0;0;515734,425800000030000;5405409,090400000100000;9,214269846000001;48,801473848999997
26066;26067;08;3;26;074;2016;03;15;5;3;6;4;0;0;0;1;1;0;0;0;465512,764199999980000;5322966,234199999800000;8,537147841000000;48,059042777000002
26068;26069;08;1;19;067;2016;03;15;6;3;5;3;0;0;1;1;0;0;0;0;539943,248700000000000;5406049,643000000200000;9,543994687000000;48,806151741000001
26070;26071;08;1;19;053;2016;03;14;5;2;6;4;0;0;0;1;1;0;0;0;533457,823800000010000;5425463,813199999700000;9,457261625999999;48,981174836999998
26073;26074;08;3;26;027;2016;03;16;3;3;4;2;0;1;1;1;0;0;0;0;462041,429300000020000;5308627,416400000500000;8,491829249000000;47,929841602000003
26081;26082;08;4;15;059;2016;03;15;2;3;5;3;0;0;1;1;0;0;0;0;516246,210399999980000;5367098,077700000300000;9,219737694999999;48,456809771000003
26082;26083;08;3;17;040;2016;03;17;5;2;5;3;1;0;1;1;0;0;0;0;432706,581300000020000;5347718,449099999900000;8,092981901000000;48,279091760000000
26089;26090;08;3;35;075;2016;03;05;6;3;5;2;2;0;1;1;0;0;0;0;490732,851000000020000;5292469,275999999600000;8,876279928000001;47,785517796000001
26091;26092;08;3;36;091;2016;03;17;3;3;6;4;0;1;0;1;1;0;0;0;395516,754599999990000;5271885,068799999500000;7,610247175000000;47,591955200999998
26102;26103;08;1;18;073;2016;03;13;2;3;0;7;0;0;1;0;0;0;0;0;496024,045199999990000;5420808,021300000100000;8,945705979000000;48,940186212000000
26104;26105;08;3;35;025;2016;03;09;1;3;1;5;0;0;1;1;0;0;0;0;497682,104700000030000;5280078,832600000300000;8,969121123000001;47,674095903999998
26105;26106;08;4;15;061;2016;03;10;5;3;6;4;0;0;0;0;1;0;0;1;515755,217899999990000;5371564,618999999900000;9,213265190000000;48,497004939000000
26112;26113;08;1;17;019;2016;03;16;6;2;5;3;0;0;1;1;0;0;0;0;551649,433500000040000;5394359,876000000200000;9,701945874000000;48,700135877000001
26120;26121;08;1;26;066;2016;03;12;7;3;5;3;0;0;1;1;0;0;0;0;536359,862700000060000;5448997,543999999800000;9,499038693999999;49,192700039999998
26125;26126;08;4;36;006;2016;03;07;5;2;6;4;0;1;0;1;1;0;0;0;556093,976700000000000;5283921,060600000400000;9,747742163000000;47,706234963000000
26132;26133;08;1;15;045;2016;03;07;5;3;6;4;1;0;0;1;1;0;0;0;497725,831899999990000;5396165,460000000000000;8,969081573000000;48,718513215999998
26134;26135;08;3;11;000;2016;03;12;5;3;6;4;0;0;0;1;1;0;0;0;414062,838200000000000;5315796,809100000200000;7,848179249000000;47,989695681000001
26146;26147;08;4;35;016;2016;03;14;6;3;6;4;0;0;1;0;1;0;0;0;535494,721600000050000;5277743,017699999700000;9,472660754000000;47,652109451000001
26165;26166;08;1;25;107;2016;03;22;2;3;6;4;2;0;0;0;1;0;0;1;535610,542999999950000;5439646,700000000200000;9,487927963000001;49,108632677000003
26178;26179;08;3;15;115;2016;03;20;2;3;3;6;2;0;1;1;0;0;0;0;407872,103599999970000;5320509,062199999600000;7,764211359000000;48,031220888000000
26191;26192;08;3;11;000;2016;03;19;6;3;6;2;2;0;0;1;1;0;0;0;418398,674500000020000;5315338,482099999700000;7,906368573000000;47,986140742000003
26216;26217;08;1;15;013;2016;03;06;5;3;3;6;2;0;1;1;0;0;0;0;495971,921600000000000;5389743,844300000000000;8,945298922999999;48,660734857999998
26221;26222;08;1;28;131;2016;03;15;5;3;6;4;0;0;0;1;1;0;0;0;536810,264599999990000;5512129,951899999800000;9,511095492999999;49,760518648999998
26222;26223;08;1;15;050;2016;03;11;2;2;6;4;0;0;0;1;1;0;0;0;489884,793799999980000;5399972,242700000300000;8,862385586000000;48,752681136000000
26224;26225;08;2;12;000;2016;03;14;4;2;6;7;0;0;0;0;1;0;0;1;455715,694100000020000;5428213,871000000300000;8,394482785999999;49,005230656000002
26234;26235;08;2;26;017;2016;03;14;5;2;5;3;0;0;1;1;0;0;0;0;494854,975600000010000;5465876,987499999800000;8,929166179999999;49,345590336999997
26237;26238;08;2;16;049;2016;03;13;5;3;5;3;0;0;1;1;0;0;0;0;438872,455599999990000;5400957,462399999600000;8,168275887000000;48,758625031999998
26240;26241;08;2;36;004;2016;03;15;6;2;5;3;0;0;1;1;0;0;0;0;471282,811999999980000;5413151,873999999800000;8,608392991000001;48,870661112000001
26241;26242;08;3;27;050;2016;03;12;3;3;6;4;0;0;0;1;1;0;0;0;486821,342100000010000;5314881,835699999700000;8,823375728000000;47,987102688000000
26247;26248;08;1;18;040;2016;03;15;4;2;3;6;0;0;1;1;0;0;0;0;510640,570100000010000;5431511,829500000000000;9,145583329999999;49,036394712000003
26266;26267;08;1;16;049;2016;03;13;2;1;6;4;0;0;0;0;1;0;1;0;525254,985699999960000;5385956,084200000400000;9,342727208000000;48,626162567999998
26274;26275;08;1;11;000;2016;03;08;6;2;6;4;0;0;0;0;1;0;1;0;517519,124599999980000;5407126,822200000300000;9,238646807000000;48,816878547000002
26284;26285;08;1;19;061;2016;03;09;3;3;6;4;0;0;0;1;1;0;0;0;538804,060000000060000;5414708,008999999600000;9,529300755000000;48,884110032999999
26311;26312;08;4;36;082;2016;03;18;7;3;3;3;1;0;1;1;0;0;0;0;547345,194999999950000;5295991,228799999700000;9,632442270000000;47,815531098000001
26316;26317;08;4;35;005;2016;03;11;6;3;5;3;0;0;1;1;0;0;0;0;525889,040999999970000;5286704,859000000200000;9,345282680000000;47,733199337999999
26338;26339;08;3;35;075;2016;03;11;6;2;5;2;0;0;1;1;0;0;0;0;486943,425099999990000;5289699,926699999700000;8,825773062000000;47,760534890999999
26373;26374;08;2;31;000;2016;03;10;2;2;6;4;0;0;0;1;1;0;0;0;477647,410600000000000;5415212,120900000400000;8,695070856999999;48,889456521000000
26376;26377;08;3;37;096;2016;03;17;5;3;5;3;0;0;1;1;0;0;0;0;420993,314000000010000;5267718,885800000300000;7,949797605000000;47,558079685000003
26383;26384;08;1;19;085;2016;03;13;6;3;5;3;0;0;1;1;0;0;0;0;528659,483499999970000;5413757,171600000000000;9,390862545999999;48,876108799999997
26385;26386;08;1;15;045;2016;03;13;3;2;0;7;0;1;1;0;0;0;0;0;498065,041000000030000;5395705,835599999900000;8,973695442000000;48,714379551999997
26395;26396;08;1;19;008;2016;03;18;4;3;5;3;2;0;1;1;0;0;0;0;531070,876000000050000;5421626,502999999600000;9,424347668999999;48,946781278000003
26396;26397;08;3;35;079;2016;03;08;5;2;5;3;0;1;1;1;0;0;0;0;503070,938000000020000;5303427,155700000000000;9,041076007999999;47,884170069000000
26397;26398;08;4;16;023;2016;03;15;2;3;0;7;0;0;1;0;0;0;0;0;508771,066400000010000;5368973,064600000200000;9,118672471000000;48,473826598000002
26398;26399;08;3;17;021;2016;03;14;7;3;0;1;0;0;1;0;0;0;0;0;428938,849800000030000;5371969,901899999900000;8,038102862000001;48,496829464000001
26413;26414;08;1;25;034;2016;03;18;5;3;6;1;2;0;0;1;1;0;0;0;498520,369300000020000;5445130,544400000000000;8,979705908000000;49,158991407999999
26415;26416;08;1;15;042;2016;03;17;6;3;2;6;0;0;1;1;0;0;0;0;494880,574399999980000;5406422,790500000100000;8,930271302000000;48,810771072999998
26426;26427;08;2;22;000;2016;03;20;6;3;3;2;2;0;1;1;0;0;0;0;465811,725700000010000;5484277,536000000300000;8,527737094000001;49,510160114000001
26439;26440;08;2;11;000;2016;03;17;7;3;0;7;0;0;1;0;0;0;0;0;440512,285800000010000;5404474,820700000000000;8,190076861000000;48,790422776000000
26440;26441;08;4;36;082;2016;03;16;4;3;5;3;0;0;1;1;0;0;0;0;547698,910000000030000;5295298,081000000200000;9,637090648999999;47,809268772000003
26445;26446;08;1;25;058;2016;03;13;6;2;5;3;0;0;1;1;0;0;0;0;506753,364999999990000;5443637,066999999800000;9,092601664000000;49,145521666000000
26448;26449;08;3;26;074;2016;03;19;5;3;5;3;2;0;1;1;0;0;0;0;463571,772400000020000;5323435,562699999700000;8,511058821000001;48,063157328000003
26451;26452;08;2;35;085;2016;03;11;4;3;5;3;0;1;1;1;0;0;0;0;481065,032000000010000;5395565,304600000400000;8,742598736000000;48,712830818000000
26454;26455;08;1;17;024;2016;03;07;4;3;6;4;0;0;0;1;1;0;0;0;560881,084500000000000;5385992,126799999700000;9,826165634000001;48,624033568999998
26460;26461;08;1;21;000;2016;03;19;2;2;6;4;2;0;0;1;1;0;0;0;513452,056700000020000;5448347,900100000200000;9,184610749000001;49,187786869999996
26461;26462;08;4;36;064;2016;03;14;5;2;0;2;0;0;1;1;0;0;0;0;545551,773700000020000;5292199,206199999900000;9,608088735000001;47,781543763000002
26476;26477;08;2;21;000;2016;03;17;3;3;5;3;0;0;1;1;0;0;0;0;477023,223699999970000;5475095,614400000300000;8,683138185000001;49,428099590000002
26483;26484;08;1;11;000;2016;03;15;3;2;6;4;0;0;0;1;1;0;0;0;512466,514700000000000;5399240,018299999600000;9,169580977000001;48,746051428999998
26498;26499;08;3;35;075;2016;03;10;5;3;5;2;0;0;1;1;0;0;0;0;487758,281499999980000;5289902,631199999700000;8,836640750000001;47,762374719999997
26501;26502;08;4;16;025;2016;03;17;6;3;0;1;0;0;1;0;0;0;0;0;503586,711899999990000;5361124,193300000400000;9,048461026000000;48,403265220000002
26514;26515;08;3;26;010;2016;03;09;5;3;0;1;0;1;1;0;0;0;0;0;466492,286299999980000;5327729,900399999700000;8,549919863000000;48,101952650999998
26516;26517;08;4;26;124;2016;03;13;6;2;5;3;0;0;1;1;0;0;0;0;545171,513999999970000;5335214,063000000100000;9,607535753000001;48,168563331999998
26519;26520;08;3;11;000;2016;03;20;7;3;5;3;2;0;0;0;1;0;0;1;413155,549999999990000;5315425,627000000300000;7,836096481000000;47,986234201999999
26520;26521;08;3;27;004;2016;03;17;6;1;5;3;0;0;1;0;0;0;0;1;494723,940799999980000;5322940,568000000000000;8,929189315000000;48,059722284000003
26526;26527;08;1;16;072;2016;03;17;3;3;6;7;1;0;0;1;1;0;0;0;530555,834599999940000;5393412,596699999600000;9,415212068000001;48,693004197000000
26528;26529;08;3;37;032;2016;03;15;3;3;2;7;0;0;1;1;0;0;0;0;438389,848100000000000;5273780,764200000100000;8,180163328000001;47,614502088000002
26530;26531;08;1;21;000;2016;03;04;3;3;0;3;2;0;1;0;0;0;0;1;515268,917200000030000;5446309,593399999700000;9,209467075999999;49,169409191000000
26537;26538;08;4;36;052;2016;03;17;7;3;6;4;0;0;1;0;1;0;0;0;566005,348699999970000;5293233,127299999800000;9,881260663999999;47,789074265000004
26542;26543;08;3;36;091;2016;03;13;7;2;6;4;0;0;0;0;1;0;0;1;394568,275499999990000;5271745,248800000200000;7,597668746000000;47,590543979000003
26545;26546;08;2;37;004;2016;03;15;2;3;6;2;0;0;0;1;1;0;0;0;453516,161000000020000;5373060,256000000100000;8,370638135000000;48,508937389000003
26548;26549;08;4;26;021;2016;03;17;1;2;0;1;0;0;1;0;0;0;0;0;559334,138299999990000;5327756,830299999600000;9,796960682000000;48,100312807999998
26551;26552;08;2;36;028;2016;03;07;6;3;6;5;0;0;0;1;1;0;0;0;494049,890499999980000;5422447,169099999600000;8,918723805000001;48,954915636999999
26576;26577;08;1;11;000;2016;03;09;3;3;6;2;0;0;0;1;1;0;0;0;507795,402999999990000;5396008,163999999900000;9,105979254999999;48,717053581999998
26577;26578;08;3;17;008;2016;03;14;2;2;6;6;0;0;0;1;1;0;0;0;441067,452999999980000;5364191,301699999700000;8,203355474000000;48,428111182999999
26579;26580;08;4;35;029;2016;03;16;7;2;0;7;0;0;1;0;0;0;0;0;545234,623799999940000;5272526,293700000300000;9,601815222000001;47,604565536000003
26583;26584;08;1;17;026;2016;03;10;7;2;5;3;0;0;1;1;0;0;0;0;546643,357100000020000;5395309,968899999700000;9,634022311000001;48,709076871000001
26591;26592;08;3;35;063;2016;03;12;7;3;5;2;0;0;1;1;0;0;0;0;496901,732800000000000;5287953,670500000000000;8,958669071999999;47,744947611000001
26602;26603;08;3;26;074;2016;03;02;5;3;5;3;2;0;1;1;0;0;0;0;464424,085100000030000;5323448,058899999600000;8,522497141000001;48,063317861999998
26613;26614;08;2;31;000;2016;03;00;2;3;6;3;2;0;0;1;1;0;0;0;477771,978000000000000;5415696,958999999800000;8,696743777000000;48,893822440999998
26616;26617;08;3;16;017;2016;03;15;3;3;5;3;0;0;1;1;0;0;0;0;410039,290800000020000;5339781,539500000000000;7,789207814000000;48,204885740999998
26622;26623;08;1;17;019;2016;03;15;2;3;0;1;0;0;1;1;0;0;0;0;551582,434099999950000;5393773,906100000300000;9,700962195000001;48,694870377000001
26629;26630;08;2;35;008;2016;03;21;7;2;6;1;2;0;0;1;1;0;0;0;479794,764900000010000;5402533,405299999800000;8,724989172000001;48,775475384000003
26631;26632;08;3;17;001;2016;03;07;6;3;5;2;0;0;1;1;0;0;0;0;431775,248700000000000;5387058,149000000200000;8,074017086000000;48,632864560000002
26647;26648;08;1;26;046;2016;03;15;2;3;5;3;0;0;1;1;0;0;0;0;550127,971299999980000;5458552,135200000400000;9,689188139000001;49,277668716000001
26649;26650;08;4;35;057;2016;03;15;1;2;3;2;0;0;1;0;0;1;0;0;546556,417099999960000;5279355,939799999800000;9,620126336000000;47,665919862999999
26671;26672;08;4;35;057;2016;03;16;7;2;4;6;0;0;1;0;0;1;0;0;549640,199999999950000;5274421,304999999700000;9,660639220000000;47,621292869000001
26672;26673;08;1;17;009;2016;03;06;3;3;0;4;1;0;0;1;1;0;0;0;548288,995699999970000;5399365,766599999700000;9,656864955000000;48,745435350000001
26675;26676;08;2;12;000;2016;03;19;6;3;5;3;2;1;1;0;0;0;0;1;455114,258299999990000;5427751,574900000400000;8,386310700999999;49,001028810999998
26678;26679;08;1;25;013;2016;03;14;1;2;5;3;0;0;1;0;0;1;0;0;504283,140900000000000;5437051,926799999500000;9,058660258000000;49,086307693000002
26700;26701;08;3;26;074;2016;03;05;5;2;6;4;2;0;0;1;1;0;0;0;464384,420700000020000;5323421,389200000100000;8,521967003000000;48,063075707000003
26708;26709;08;2;25;014;2016;03;18;4;3;0;1;1;1;1;1;0;0;0;0;523262,266000000000000;5485637,985000000300000;9,321418746000001;49,522914520999997
26718;26719;08;1;16;080;2016;03;01;6;3;6;7;2;0;0;1;1;0;0;0;518250,493000000020000;5397512,712500000400000;9,248182805000001;48,730370049000001
26746;26747;08;2;22;000;2016;03;11;6;3;5;3;0;0;1;1;0;0;0;0;465909,032699999980000;5475385,669300000200000;8,529847265000001;49,430187013999998
26759;26760;08;4;15;061;2016;03;09;5;3;5;3;0;0;1;1;0;0;0;0;515035,267600000020000;5370979,932099999900000;9,203498841000000;48,491762532000003
26766;26767;08;4;35;016;2016;03;17;7;3;6;4;0;0;0;1;1;0;0;0;536013,005499999970000;5279623,893799999700000;9,479717171000001;47,669003818000000
26768;26769;08;2;16;043;2016;03;14;7;3;0;4;0;0;0;0;1;0;0;1;441577,501600000020000;5411350,030799999800000;8,203599006999999;48,852366470000000
26779;26780;08;2;15;017;2016;03;15;5;3;5;3;0;0;1;1;0;0;0;0;453790,141200000010000;5420924,376000000200000;8,368983655999999;48,939519656999998
26783;26784;08;4;15;059;2016;03;20;7;2;8;1;2;0;1;0;0;0;0;0;515080,272300000010000;5364025,329199999600000;9,203857286000000;48,429195022000002
26784;26785;08;1;27;014;2016;03;09;3;1;6;1;0;0;1;1;1;0;0;1;578054,976900000010000;5443483,117900000000000;10,070157338000000;49,139214506999998
26800;26801;08;3;17;096;2016;03;07;4;3;5;3;1;0;1;1;0;0;0;0;421204,586899999990000;5369400,085400000200000;7,933912985000000;48,472791923000003
26805;26806;08;3;35;079;2016;03;06;3;3;0;1;1;0;1;0;0;0;0;0;501281,789200000000000;5300249,525100000200000;9,017135429000000;47,855585748000003
26822;26823;08;3;11;000;2016;03;12;7;3;0;3;0;0;1;1;0;0;0;0;413711,625699999980000;5316799,860600000200000;7,843271250000000;47,998671197999997
26826;26827;08;2;12;000;2016;03;13;3;3;6;4;0;0;0;0;1;0;0;1;452800,422100000030000;5427417,728900000500000;8,354716187999999;48,997853259999999
26827;26828;08;1;11;000;2016;03;12;3;3;5;3;0;0;1;1;0;0;0;0;516199,050700000020000;5398576,059399999700000;9,220327901999999;48,739992587000003
26850;26851;08;2;36;028;2016;03;11;5;3;3;6;0;0;1;0;0;0;1;0;494075,201500000020000;5422521,959599999700000;8,919068455000000;48,955588671999998
26852;26853;08;3;16;014;2016;03;04;2;3;6;7;2;0;0;1;1;0;0;0;422768,634399999980000;5332202,968500000400000;7,961879017000000;48,138389791000002
26860;26861;08;1;18;006;2016;03;00;4;3;0;1;2;1;1;0;0;0;0;0;517853,955699999990000;5421839,057699999800000;9,243850440999999;48,949216143999998
26865;26866;08;3;11;000;2016;03;16;1;3;3;6;0;0;1;0;1;0;0;0;401072,528100000000000;5313838,926900000300000;7,674565399000000;47,970207371999997
26867;26868;08;3;26;075;2016;03;17;4;3;0;7;0;1;1;0;0;0;0;0;460389,656900000000000;5317377,847799999600000;8,468910543000000;48,008467942999999
26870;26871;08;2;16;043;2016;03;22;5;2;6;4;2;0;0;1;1;0;0;0;442049,127299999990000;5412081,877799999900000;8,209923858000000;48,858993650999999
26883;26884;08;1;16;056;2016;03;10;7;3;6;7;0;0;0;1;1;0;0;0;530507,146599999980000;5395707,871299999800000;9,414720093000000;48,713654515999998
26886;26887;08;4;26;073;2016;03;17;6;3;0;7;0;0;1;0;0;0;0;0;566774,705300000030000;5337013,009800000100000;9,898340199000000;48,182843611000003
26895;26896;08;3;36;050;2016;03;15;7;2;3;2;0;0;1;1;0;0;0;0;399238,598999999990000;5275164,758000000400000;7,658983960000000;47,622046150000003
26907;26908;08;4;17;079;2016;03;10;7;3;4;2;0;0;1;1;0;0;0;0;499875,667900000000000;5339946,431699999600000;8,998326357000000;48,212745386000002
26911;26912;08;1;11;000;2016;03;17;5;2;6;4;0;0;0;1;1;0;0;0;508070,620500000020000;5397360,437199999600000;9,109747321000000;48,729215175999997
26917;26918;08;2;22;000;2016;04;13;7;3;6;7;0;0;0;1;1;0;0;0;462985,577099999990000;5482971,426500000100000;8,488821807000001;49,498246416000001
26924;26925;08;3;35;066;2016;04;15;1;3;9;2;0;0;1;0;0;0;0;0;506497,820599999980000;5281498,500000000000000;9,086584705000000;47,686841119999997
26930;26931;08;1;36;065;2016;04;09;7;2;5;3;0;0;1;1;0;0;0;0;557987,668700000040000;5405115,250099999800000;9,789592524000000;48,796325183999997
26952;26953;08;1;16;049;2016;04;16;2;3;0;7;0;0;0;1;1;0;0;0;525688,705899999940000;5384507,355000000400000;9,348523239000000;48,613112068000000