FID;OBJECTID;ULAND;UREGBEZ;UKREIS;UGEMEINDE;UJAHR;UMONAT;USTUNDE;UWOCHENTAG;UKATEGORIE;UART;UTYP1;ULICHTVERH;IstStrasse;IstRad;IstPKW;IstFuss;IstKrad;IstGkfz;IstSonstig;LINREFX;LINREFY;XGCSWGS84;YGCSWGS84
26955;26956;08;2;22;000;2016;04;19;4;3;5;2;0;0;1;1;0;0;0;0;462426,402500000030000;5485628,686200000300000;8,480846922000000;49,522112622999998
26960;26961;08;1;19;068;2016;04;17;1;3;5;3;0;0;1;1;0;0;0;0;525370,072999999970000;5413653,758000000400000;9,345995543000001;48,875321863000003
26977;26978;08;4;37;078;2016;04;12;1;3;7;7;0;0;1;0;0;0;0;0;507930,344700000020000;5320512,405100000100000;9,106389144000000;48,037848394999997
26980;26981;08;1;17;026;2016;04;16;5;3;8;1;0;0;1;0;0;0;0;0;547789,564200000020000;5395199,010099999600000;9,649588803000000;48,707991956999997
26988;26989;08;3;26;074;2016;04;16;3;3;5;3;0;0;1;1;0;0;0;0;459761,815899999990000;5322599,853699999900000;8,460002305000000;48,055409734000001
26989;26990;08;3;35;100;2016;03;12;3;2;0;1;0;0;1;0;0;0;0;0;488474,824499999990000;5285935,071499999600000;8,846307717000000;47,726689585999999
26994;26995;08;4;17;075;2016;03;01;3;3;6;6;2;1;0;1;1;0;0;0;512276,952400000010000;5339138,806499999900000;9,165237199000000;48,205360566000003
26998;26999;08;3;26;052;2016;03;17;5;3;4;2;0;0;1;1;0;0;0;0;454601,448700000010000;5330140,509800000100000;8,389952030000000;48,122903201000000
27012;27013;08;1;16;049;2016;04;22;6;3;5;3;2;0;1;1;0;0;0;0;524480,214799999960000;5386138,024600000100000;9,332223975000000;48,627830119000002
27016;27017;08;1;35;016;2016;04;14;1;2;0;6;0;0;1;0;0;1;0;0;589298,103600000030000;5381778,442099999600000;10,210807004999999;48,582723444999999
27024;27025;08;2;26;003;2016;04;13;1;3;3;2;0;0;1;0;0;0;0;0;460495,644700000000000;5463129,178000000300000;8,456410999999999;49,319616883000002
27029;27030;08;3;17;065;2016;03;10;3;2;5;3;0;0;1;1;0;0;0;0;417062,654600000010000;5354825,891599999700000;7,880764846000000;48,341166942000001
27037;27038;08;2;16;033;2016;03;16;5;3;3;2;0;0;1;1;0;0;0;0;447303,918999999990000;5412539,464999999900000;8,281500225000000;48,863578337000000
27047;27048;08;3;11;000;2016;03;18;3;2;4;2;0;0;1;1;0;0;0;0;414572,611199999980000;5318098,363099999700000;7,854552079000000;48,010467353000003
27059;27060;08;4;15;059;2016;04;13;7;3;3;2;0;0;1;0;0;0;0;0;514405,879499999980000;5366450,486100000300000;9,194824216000001;48,451028596000000
27067;27068;08;2;22;000;2016;04;05;6;3;4;2;2;1;1;1;0;0;0;0;462426,459399999990000;5485628,900100000200000;8,480847688000001;49,522114551000001
27073;27074;08;1;16;077;2016;04;13;5;3;5;3;0;0;1;0;0;0;1;0;516104,677499999990000;5392283,416500000300000;9,218798729000000;48,683386400000003
27074;27075;08;1;11;000;2016;04;16;2;3;0;1;0;0;1;0;0;0;0;0;517301,747500000000000;5405991,313600000000000;9,235637833000000;48,806669790000001
27079;27080;08;3;16;045;2016;04;15;7;2;5;3;0;0;1;0;0;1;0;0;413717,948199999980000;5324827,031399999700000;7,841738639000000;48,070878815999997
27080;27081;08;2;11;000;2016;03;15;4;3;5;3;0;1;1;1;0;0;0;0;441711,872399999990000;5403602,791899999600000;8,206531220000001;48,782692400999998
27085;27086;08;1;18;048;2016;04;18;7;3;0;7;0;0;1;0;1;0;0;0;518935,988300000030000;5417495,876400000400000;9,258427047000000;48,910114282999999
27093;27094;08;3;15;074;2016;03;15;5;3;5;3;0;0;1;1;0;0;0;0;396796,533500000020000;5298416,171099999900000;7,620982043000000;47,830808584000003
27105;27106;08;2;11;000;2016;04;15;7;3;2;4;0;0;0;1;1;1;0;0;439384,104500000020000;5398465,989600000000000;8,175603510000000;48,736264063999997
27107;27108;08;2;37;074;2016;04;14;3;3;6;4;0;0;1;0;1;0;0;0;467854,797800000000000;5370760,374599999700000;8,564944184000000;48,489145008000001
27109;27110;08;3;26;074;2016;03;06;4;3;5;3;1;1;1;1;0;0;0;0;466005,179799999980000;5323512,307799999600000;8,543712901999999;48,063982125999999
27117;27118;08;4;21;000;2016;04;11;6;3;5;7;0;0;1;1;0;0;0;0;570730,747199999980000;5361357,585500000000000;9,955632445999999;48,401406567000002
27121;27122;08;3;36;084;2016;04;16;1;3;3;6;0;0;1;0;0;1;0;0;405689,401699999990000;5278897,032999999800000;7,744010064000000;47,656591526000000
27134;27135;08;2;12;000;2016;04;16;4;2;5;3;0;0;1;1;0;0;0;0;462920,330000000020000;5421460,349000000400000;8,493605979000000;48,944955587999999
27135;27136;08;3;37;022;2016;04;22;6;3;6;4;2;0;0;1;1;0;0;0;450262,099899999970000;5296192,230100000300000;8,335574812000001;47,817158953000003
27145;27146;08;3;15;016;2016;04;17;6;2;6;4;0;1;0;1;1;0;0;0;431386,874100000020000;5310005,616499999500000;8,081263850999999;47,939691134999997
27148;27149;08;1;17;026;2016;04;15;2;3;5;3;0;0;1;1;0;0;0;0;548744,529600000010000;5393999,448400000100000;9,662426829999999;48,697127410999997
27150;27151;08;1;21;000;2016;04;07;5;3;1;7;0;1;1;1;0;0;0;0;516723,182700000000000;5442705,383000000400000;9,229267632000001;49,136950312000003
27160;27161;08;2;22;000;2016;03;16;3;2;6;4;0;0;0;1;1;0;0;0;465809,146200000020000;5475584,975999999800000;8,528452584000000;49,431974097000001
27161;27162;08;4;26;021;2016;04;13;7;3;5;3;0;0;1;1;0;0;0;0;559347,978200000010000;5327746,518799999700000;9,797145123000000;48,100218755000000
27165;27166;08;3;36;050;2016;04;19;4;3;6;4;0;0;0;1;1;0;0;0;400896,667200000030000;5276593,205799999600000;7,680721450000000;47,635151387000001
27166;27167;08;4;35;016;2016;04;17;3;3;3;2;0;0;1;0;0;1;0;0;535648,715100000030000;5279526,000099999800000;9,474856764000000;47,668143215000001
27172;27173;08;2;21;000;2016;04;14;2;3;6;3;0;0;1;0;1;0;0;0;477322,580499999980000;5474714,262600000000000;8,687288210000000;49,424680639000002
27185;27186;08;1;15;044;2016;04;16;7;3;3;2;0;0;1;0;0;0;0;0;505440,288799999980000;5390115,371600000200000;9,073883685000000;48,664066466000001
27207;27208;08;3;17;031;2016;04;12;3;2;6;4;0;1;0;1;1;0;0;0;416616,298599999980000;5358246,219200000200000;7,874064718000000;48,371873645000001
27214;27215;08;1;35;027;2016;03;15;5;3;6;4;0;0;0;0;1;0;0;1;590377,718100000060000;5376931,685200000200000;10,224389495000000;48,538975677000003
27218;27219;08;2;15;096;2016;03;08;3;3;3;6;0;0;1;1;0;0;0;0;464834,957999999980000;5417944,621899999700000;8,520056120000000;48,913442001000000
27220;27221;08;2;16;005;2016;03;16;5;3;3;6;0;0;1;1;0;0;0;0;444736,472300000020000;5418158,780799999800000;8,245736824000000;48,913900705000003
27230;27231;08;1;21;000;2016;04;16;3;3;6;6;0;0;1;0;1;0;0;0;515583,983499999970000;5443328,784099999800000;9,213673925000000;49,142587968000001
27236;27237;08;2;21;000;2016;03;18;5;3;1;5;0;1;1;1;0;0;0;0;476976,385899999990000;5475614,418200000200000;8,682462158000000;49,432764357000003
27255;27256;08;2;12;000;2016;04;08;4;3;0;3;0;1;1;1;0;0;0;0;459618,827700000020000;5427972,049700000300000;8,447873238000000;49,003323149000003
27261;27262;08;1;25;110;2016;04;18;7;3;6;4;0;0;0;1;1;0;0;0;525985,045700000020000;5442614,989199999700000;9,356235842000000;49,135815256999997
27277;27278;08;1;17;026;2016;03;16;5;3;1;6;0;0;1;1;0;0;0;0;545393,268900000020000;5395284,335199999600000;9,617028108000000;48,708938531000001
27279;27280;08;2;22;000;2016;04;15;4;3;6;4;0;0;0;0;1;0;0;1;461872,363900000000000;5481308,470800000200000;8,473609151000000;49,483220064000001
27289;27290;08;2;15;009;2016;04;15;6;3;5;3;0;0;1;1;0;0;0;0;473764,675999999980000;5436966,899000000200000;8,640700170000001;49,084998544000001
27294;27295;08;4;26;070;2016;04;16;1;3;6;3;0;0;0;1;1;0;0;0;563166,590800000010000;5342025,256199999700000;9,850551121000001;48,228302198999998
27308;27309;08;1;28;064;2016;03;12;3;3;8;1;0;0;1;0;0;0;0;0;540899,744199999960000;5501002,801900000300000;9,566707863000000;49,660175975999998
27314;27315;08;3;36;084;2016;04;10;1;3;5;2;0;0;1;1;0;0;0;0;405474,930799999970000;5277522,282900000000000;7,741451727000000;47,644193573999999
27320;27321;08;1;28;131;2016;03;14;3;2;6;2;0;0;0;1;1;0;0;0;535852,275299999980000;5514507,065600000300000;9,498013761999999;49,781956485000002
27324;27325;08;1;25;065;2016;04;21;2;2;6;4;2;0;0;1;1;0;0;0;516954,458400000000000;5449584,946700000200000;9,232728158000001;49,198827569999999
27328;27329;08;2;12;000;2016;03;19;5;3;2;2;2;1;1;1;0;0;0;0;451422,300099999990000;5431657,829099999700000;8,335369048000000;49,035885991999997
27329;27330;08;3;17;031;2016;04;15;1;3;6;4;0;0;0;1;1;0;0;0;416643,874699999990000;5358374,549900000000000;7,874411561000000;48,373031605999998
27335;27336;08;3;36;050;2016;04;14;4;3;2;6;0;0;1;1;0;0;0;0;403580,458700000020000;5277125,195799999900000;7,716321883000000;47,640342138999998
27341;27342;08;1;25;046;2016;03;18;5;2;5;3;0;0;1;1;0;0;0;0;521172,542000000020000;5434190,490000000200000;9,289819391000000;49,060218663999997
27359;27360;08;1;27;076;2016;03;12;3;3;6;4;0;0;0;1;1;0;0;0;550607,092999999990000;5437192,478000000100000;9,693086578000001;49,085506158000001
27372;27373;08;2;16;015;2016;04;12;4;3;5;3;0;0;1;1;0;0;0;0;449339,045300000000000;5410741,648199999700000;8,309469054999999;48,847576201999999
27393;27394;08;1;17;051;2016;03;17;3;3;5;3;0;0;1;1;0;0;0;0;544917,116000000040000;5395184,103000000100000;9,610545266000001;48,708071363999998
27394;27395;08;2;35;007;2016;03;15;4;3;0;3;0;1;1;1;0;0;0;0;483878,957400000010000;5398259,978500000200000;8,780745466999999;48,737151159000000
27400;27401;08;4;36;069;2016;04;19;6;3;5;3;0;1;1;1;0;0;0;0;552297,866000000040000;5294020,309999999600000;9,698358005999999;47,797415563000001
27401;27402;08;4;36;082;2016;04;21;2;2;0;7;2;0;1;0;0;0;0;0;547689,942599999950000;5294897,746100000100000;9,636926846000000;47,805667649999997
27402;27403;08;3;36;105;2016;04;07;6;2;5;3;0;1;1;1;0;0;0;0;401594,867399999990000;5267300,350900000000000;7,692098399000000;47,551664223000003
27405;27406;08;1;18;048;2016;04;15;6;3;5;7;0;0;1;1;0;0;0;0;512331,924699999970000;5415264,936200000300000;9,168231884000001;48,890212075000001
27411;27412;08;1;18;003;2016;04;18;6;2;5;3;0;0;1;1;0;0;0;0;509892,047599999990000;5417215,382500000300000;9,134994475999999;48,907801554999999
27414;27415;08;3;36;105;2016;04;07;3;3;0;7;0;0;1;0;0;0;0;0;399386,901799999990000;5267421,347600000000000;7,662732804000000;47,552414282000001
27420;27421;08;1;11;000;2016;04;16;5;3;6;2;0;0;0;1;1;0;0;0;512613,250699999980000;5401597,481599999600000;9,171649243999999;48,767256115000002
27426;27427;08;2;35;085;2016;04;12;1;3;2;6;0;0;1;1;0;1;0;0;480428,711799999990000;5397576,253700000200000;8,733853288000001;48,730901578000001
27431;27432;08;2;16;043;2016;04;16;6;2;6;1;0;0;0;1;1;0;0;0;441683,669899999980000;5411681,888199999900000;8,204998856000000;48,855361506999998
27446;27447;08;1;19;008;2016;04;11;6;3;6;4;0;0;0;1;1;0;0;0;534794,753499999990000;5422806,805400000000000;9,475305303000001;48,957200247000003
27453;27454;08;1;16;033;2016;04;19;6;3;8;1;1;0;1;0;0;0;0;0;535294,346000000020000;5389653,782999999800000;9,479278910000000;48,658940581000003
27454;27455;08;1;26;028;2016;04;14;3;3;5;3;0;0;1;1;0;0;0;0;534472,858499999970000;5458642,097799999600000;9,473969903000000;49,279561211999997
27473;27474;08;4;36;064;2016;04;14;6;3;5;2;0;0;1;1;0;0;0;0;545408,251500000010000;5292212,902900000100000;9,606174343999999;47,781677125999998
27475;27476;08;3;35;021;2016;04;13;6;3;6;2;0;0;0;0;1;0;1;0;492382,566300000010000;5300635,341099999800000;8,898160633000000;47,859013208000000
27479;27480;08;3;16;038;2016;04;09;6;2;0;7;0;0;1;1;0;0;0;0;397102,436400000010000;5332754,728600000000000;7,616839578000000;48,139719229999997
27482;27483;08;4;36;081;2016;04;14;5;3;5;3;0;0;1;0;0;0;0;1;562992,493999999950000;5281526,819000000100000;9,839345161000001;47,684058669000002
27483;27484;08;1;25;026;2016;04;06;3;3;6;7;0;1;0;1;1;0;0;0;495624,760000000010000;5446387,399000000200000;8,939977106000001;49,170283451000003
27484;27485;08;1;19;086;2016;04;13;2;3;3;6;0;0;1;1;0;0;0;0;535171,827099999990000;5405549,557900000400000;9,478971483000001;48,801941517000003
27497;27498;08;4;35;016;2016;04;09;7;3;0;6;0;0;1;0;0;0;0;0;537861,302999999960000;5278818,703200000300000;9,504266982000001;47,661653647999998
27500;27501;08;4;26;021;2016;04;07;6;3;5;2;0;1;1;1;0;0;0;0;558359,465800000010000;5327823,559700000100000;9,783879542999999;48,101003157999997
27503;27504;08;4;35;016;2016;04;16;6;2;6;6;0;0;1;0;1;0;0;0;535662,093299999950000;5281822,048100000200000;9,475222519000001;47,688800901999997
27507;27508;08;4;36;081;2016;04;16;5;3;4;2;0;1;1;1;0;0;0;0;562009,452799999970000;5281465,240700000000000;9,826239271000000;47,683599727000001
27512;27513;08;3;11;000;2016;04;14;1;3;0;1;0;0;1;0;0;0;0;0;415656,121600000010000;5315645,190499999600000;7,869559562000000;47,988543929999999
27517;27518;08;1;18;079;2016;04;19;7;2;5;3;1;1;1;1;0;0;0;0;510617,125100000000000;5425291,402499999900000;9,145099875000000;48,980438802000002
27537;27538;08;2;21;000;2016;04;18;5;3;1;5;0;0;1;1;0;0;0;0;479085,848600000030000;5473482,432199999700000;8,711667497000001;49,413663706999998
27548;27549;08;1;36;027;2016;04;06;7;1;6;4;1;0;0;1;1;0;0;0;554307,982899999940000;5421274,609799999700000;9,741637565000000;48,942012061000000
27562;27563;08;1;15;053;2016;04;06;4;3;4;6;0;1;1;1;0;0;0;0;483633,108599999980000;5378897,329199999600000;8,778167209999999;48,562956464000003
27565;27566;08;4;35;057;2016;04;13;5;3;6;4;0;0;1;0;1;0;0;0;544148,667299999970000;5279796,932900000400000;9,588101735000000;47,670056430000002
27568;27569;08;4;35;016;2016;04;07;5;3;3;6;0;0;1;1;0;0;0;0;530702,101799999950000;5281793,060300000000000;9,409126978000000;47,688794780000002
27572;27573;08;4;15;059;2016;04;13;1;2;3;6;0;0;1;0;0;0;0;1;516352,709199999980000;5368078,546900000400000;9,221216455000000;48,465627699999999
27573;27574;08;4;26;035;2016;04;16;4;3;6;4;0;1;0;1;1;0;0;0;538178,179099999950000;5330937,657200000200000;9,513099277000000;48,130548883000003
27580;27581;08;2;35;085;2016;04;06;3;3;6;2;2;1;0;1;1;0;0;0;480264,407699999980000;5398248,675699999600000;8,731586771000000;48,736945460000001
27591;27592;08;2;12;000;2016;04;15;2;3;0;2;0;0;1;0;0;0;0;1;453390,490600000020000;5431996,207299999900000;8,362256764000000;49,039081643999999
27600;27601;08;3;35;063;2016;04;03;1;1;6;4;2;0;0;1;1;0;0;0;498714,179400000020000;5289921,265300000100000;8,982841314000000;47,762657351999998
27601;27602;08;2;11;000;2016;04;14;1;3;4;6;0;0;1;0;0;0;0;0;439316,013400000000000;5406696,587600000200000;8,173463087000000;48,810291962999997
27611;27612;08;2;26;036;2016;04;09;3;3;0;7;0;0;1;0;0;0;0;0;468628,238499999980000;5479965,628800000100000;8,566984279000000;49,471528540000001
27624;27625;08;3;15;074;2016;04;15;6;3;5;3;0;0;1;1;0;0;0;0;395959,579600000000000;5296374,787100000300000;7,610292183000000;47,812311843000003
27629;27630;08;1;15;021;2016;04;18;2;2;5;3;0;0;1;1;0;0;0;0;489706,441999999980000;5382851,985000000300000;8,860385393000000;48,598662689999998
27636;27637;08;3;17;057;2016;04;05;7;2;6;4;2;0;0;1;1;0;0;0;411962,074499999990000;5380985,694000000100000;7,806443951000000;48,575771594999999
27637;27638;08;4;15;050;2016;04;06;3;2;5;3;1;1;1;1;0;0;0;0;520265,423000000010000;5376630,204199999600000;9,274561578000000;48,542446996999999
27644;27645;08;4;35;016;2016;04;16;1;2;5;3;0;0;1;0;0;1;0;0;536028,862599999990000;5279442,237200000300000;9,479913407000000;47,667368498999998
27651;27652;08;3;15;015;2016;04;14;3;2;5;3;0;0;1;1;0;0;0;0;400861,925700000020000;5316195,996199999900000;7,671200460000000;47,991376137000003
27658;27659;08;3;26;074;2016;04;16;3;3;6;2;0;0;0;0;1;0;0;1;465196,628000000030000;5323808,315000000400000;8,532836586000000;48,066601630999997
27665;27666;08;2;22;000;2016;04;13;4;3;9;1;0;1;0;1;1;0;0;0;463403,091699999990000;5477997,960799999500000;8,495047668000000;49,453537804000000
27667;27668;08;1;11;000;2016;04;08;4;3;3;6;0;0;1;1;0;0;0;0;509876,196799999980000;5399070,423399999700000;9,134341143000000;48,744572218999998
27669;27670;08;1;19;067;2016;04;17;7;3;6;7;0;1;0;1;1;0;0;0;539122,993600000050000;5405941,081199999900000;9,532813641000001;48,805227346999999
27679;27680;08;4;16;015;2016;04;11;1;2;6;7;0;0;0;1;1;0;0;0;507018,552800000000000;5366467,545699999700000;9,094918974000001;48,451307833999998
27683;27684;08;3;36;050;2016;04;22;5;2;4;6;2;0;1;0;0;0;0;0;398623,225299999990000;5272889,992700000300000;7,651322680000000;47,601487933000001
27684;27685;08;1;25;065;2016;04;11;7;3;5;3;0;0;1;1;0;0;0;0;516003,772899999980000;5447493,580500000200000;9,219595245000001;49,180040757000000
27694;27695;08;4;35;035;2016;04;16;3;3;4;2;0;0;1;1;0;0;0;0;542803,817799999960000;5283433,002700000100000;9,570544662000000;47,702861423999998
27695;27696;08;1;11;000;2016;04;17;6;3;6;4;0;0;0;1;1;0;0;0;516857,125699999980000;5406595,035899999600000;9,229607239000000;48,812113001000000
27702;27703;08;3;17;031;2016;04;07;6;3;1;7;0;0;1;1;0;0;0;0;414435,510499999970000;5360506,066700000300000;7,844163386000000;48,391908481999998
27704;27705;08;2;26;082;2016;04;11;6;3;5;3;0;0;1;1;0;0;0;0;475274,195499999970000;5480291,207999999600000;8,658694289000000;49,474764053999998
27705;27706;08;3;35;075;2016;04;14;5;3;6;6;0;0;1;0;1;0;0;0;488477,616299999990000;5290083,676699999700000;8,846235053999999;47,764016943000001
27711;27712;08;2;21;000;2016;04;15;6;2;1;5;0;0;1;0;0;0;0;1;477096,598300000010000;5474858,109899999600000;8,684163757000000;49,425966050000000
27712;27713;08;4;17;002;2016;04;11;1;2;5;2;0;0;1;1;0;0;0;0;494314,212899999980000;5344784,515399999900000;8,923398306999999;48,256247244000001
27715;27716;08;1;25;086;2016;04;15;6;3;6;6;0;0;0;0;1;0;0;1;498867,159300000000000;5439818,893000000200000;8,984477284000001;49,111211693000001
27727;27728;08;2;26;076;2016;04;06;3;1;5;3;2;0;1;0;0;0;0;1;475343,379599999990000;5466856,528199999600000;8,660483799000000;49,353924483999997
27734;27735;08;1;16;049;2016;04;09;2;3;5;3;0;0;1;1;0;0;0;0;525197,521100000010000;5385782,412100000300000;9,341936834000000;48,624602523999997
27740;27741;08;1;19;067;2016;04;15;1;3;8;1;0;0;1;0;0;0;0;0;539655,485600000010000;5410535,007299999700000;9,540509534000000;48,846518211999999
27750;27751;08;2;26;085;2016;04;17;7;2;5;2;0;1;1;1;0;0;0;0;491172,846299999980000;5455570,855000000400000;8,878700509000000;49,252843177999999
27759;27760;08;3;35;043;2016;04;07;5;3;5;3;0;0;1;1;0;0;0;0;515493,042599999990000;5281051,463899999900000;9,206431323000000;47,682665808000003
27771;27772;08;2;12;000;2016;04;06;2;3;5;3;2;0;1;1;0;0;0;0;458970,200200000020000;5428143,215900000200000;8,438987781000000;49,004820041999999
27776;27777;08;4;36;064;2016;04;00;4;3;6;4;2;0;0;1;1;0;0;0;544984,481299999980000;5292310,731700000400000;9,600527712000000;47,782587030000002
27777;27778;08;2;26;060;2016;04;15;1;3;6;7;0;0;0;1;1;0;0;0;477860,949399999980000;5463506,081600000200000;8,695335724000000;49,323883975000001
27782;27783;08;1;11;000;2016;04;17;7;3;6;4;0;1;0;1;1;0;0;0;512910,815699999980000;5401969,434000000400000;9,175710355000000;48,770596073000000
27784;27785;08;1;36;002;2016;04;17;5;3;2;3;0;0;1;1;0;0;0;0;574654,454799999950000;5416253,154699999800000;10,018533373000000;48,894726542000001
27786;27787;08;1;21;000;2016;04;15;6;3;6;4;0;0;0;1;1;0;0;0;516303,001099999990000;5443736,633899999800000;9,223548890000000;49,146238044000000
27787;27788;08;1;19;091;2016;04;00;6;3;4;6;2;0;0;0;1;0;0;1;525789,072000000040000;5405566,826299999800000;9,351200762000000;48,802556967000001
27798;27799;08;2;21;000;2016;04;12;1;3;4;6;0;0;1;1;0;0;0;0;479090,137500000010000;5473680,863300000300000;8,711716171999999;49,415448713000004
27799;27800;08;1;35;016;2016;04;07;4;2;0;3;0;0;1;1;0;0;0;0;591255,844900000030000;5386482,644700000100000;10,238380036000001;48,624751533000001
27803;27804;08;4;35;016;2016;04;13;6;3;0;6;0;1;1;0;0;0;0;0;536777,388000000040000;5279438,217000000200000;9,489883239999999;47,667290192000003
27816;27817;08;1;17;009;2016;04;16;3;2;5;3;0;0;1;1;0;0;0;0;548414,873600000050000;5399389,309100000200000;9,658579894000001;48,745637352000003
27832;27833;08;4;16;031;2016;04;16;7;2;6;4;0;0;0;1;1;0;0;0;502781,015900000000000;5362790,946200000100000;9,037586103000001;48,418264297999997
27836;27837;08;2;26;104;2016;04;13;7;2;3;6;0;0;1;1;0;0;0;0;493442,208999999970000;5470080,250799999600000;8,909646771000000;49,383385281000002
27837;27838;08;2;22;000;2016;04;22;3;3;5;3;2;0;1;1;0;0;0;0;462450,153999999980000;5486837,008000000400000;8,481060053000000;49,532982251000000
27839;27840;08;4;35;016;2016;04;20;6;3;6;4;2;0;0;1;1;0;0;0;536449,087199999950000;5279081,168300000000000;9,485480572000000;47,664096272999998
27845;27846;08;2;12;000;2016;04;12;5;3;5;2;0;0;1;1;0;0;0;0;455183,161000000020000;5428483,438500000200000;8,387171924000000;49,007617000000003
27849;27850;08;1;19;020;2016;04;19;6;3;6;4;0;0;0;1;1;0;0;0;520555,388900000020000;5405806,605999999700000;9,279940420999999;48,804909096999999
27850;27851;08;3;37;002;2016;04;18;4;3;5;3;0;1;1;1;0;0;0;0;434780,401300000030000;5271409,272900000200000;8,132491346000000;47,592813020000001
27863;27864;08;2;12;000;2016;04;07;6;3;5;3;0;0;1;1;0;0;0;0;458818,947999999970000;5429381,921000000100000;8,436794102000000;49,015952325999997
27868;27869;08;1;16;049;2016;04;07;4;3;6;4;0;1;0;1;1;0;0;0;525236,154300000050000;5385917,128800000100000;9,342469287000000;48,625812883999998
27869;27870;08;1;27;099;2016;04;22;6;3;5;3;2;0;1;1;0;0;0;0;561932,760000000010000;5446540,610999999600000;9,849615867000001;49,168551809000000
27871;27872;08;1;19;008;2016;04;16;6;3;6;4;0;0;0;1;1;0;0;0;535001,196499999960000;5422749,730399999800000;9,478120358000000;48,956675181999998
27877;27878;08;3;16;010;2016;04;05;5;3;4;2;2;0;1;1;0;0;0;0;430224,505200000010000;5335393,908200000400000;8,061560624000000;48,167956105999998
27882;27883;08;4;26;058;2016;04;17;1;3;2;2;0;0;1;0;0;1;0;0;558469,415999999970000;5319797,538499999800000;9,784258561000000;48,028789062000001
27889;27890;08;4;35;015;2016;04;17;1;2;5;3;0;0;1;1;0;0;0;0;518724,219999999970000;5295473,235999999600000;9,250104432000001;47,812340163999998
27890;27891;08;1;11;000;2016;04;07;5;3;6;4;0;0;0;1;1;0;0;0;512417,549000000000000;5399051,127000000300000;9,168909209000001;48,744353146000002
27897;27898;08;3;16;009;2016;04;09;5;2;2;6;0;1;1;1;0;0;0;0;420360,871300000000000;5325543,244500000000000;7,930763842000000;48,078185746000003
27909;27910;08;4;36;008;2016;04;12;3;3;8;1;0;0;1;0;0;0;0;0;548024,004199999970000;5308168,235700000100000;9,642862789000001;47,925035195000000
27911;27912;08;4;35;016;2016;04;13;4;3;5;2;0;1;1;1;0;0;0;0;536181,741400000060000;5277985,859299999700000;9,481829131000000;47,654256345000000
27914;27915;08;1;19;042;2016;04;08;5;3;6;4;0;0;0;1;1;0;0;0;529430,748900000010000;5416061,501299999700000;9,401546853999999;48,896801433999997
27915;27916;08;1;21;000;2016;04;13;4;3;5;3;0;1;1;1;0;0;0;0;516229,956000000010000;5441183,611499999600000;9,222444511000001;49,123274680999998
27922;27923;08;3;11;000;2016;04;14;5;3;4;6;0;1;1;0;0;0;0;0;412659,705599999990000;5318275,722000000100000;7,828872364000000;48,011804163999997
27927;27928;08;1;21;000;2016;04;11;3;3;6;2;0;0;0;0;1;0;0;1;514349,853000000000000;5443242,389000000400000;9,196749642000000;49,141840887999997
27946;27947;08;2;15;109;2016;04;16;5;3;5;3;0;0;1;1;0;0;0;0;460343,691100000000000;5436913,598500000300000;8,456908585000001;49,083800668999999
27957;27958;08;3;11;000;2016;04;14;1;3;8;7;0;1;1;0;0;0;0;0;412820,865200000000000;5314696,701799999900000;7,831759920000000;47,979631738999998
27960;27961;08;2;15;102;2016;04;16;1;2;5;3;0;0;1;1;0;0;0;0;455306,123299999980000;5436326,908300000200000;8,387988058000000;49,078178213000001
27963;27964;08;1;16;070;2016;04;16;4;3;5;3;0;0;1;1;0;0;0;0;539597,400299999980000;5384842,219399999800000;9,537249798000000;48,615398833000000
27965;27966;08;2;26;105;2016;04;08;3;2;6;4;0;0;0;1;1;0;0;0;471057,662300000030000;5479359,491999999600000;8,600560378000001;49,466197209999997
27973;27974;08;4;35;016;2016;04;15;7;3;6;4;0;0;0;1;1;0;0;0;532481,400400000040000;5279330,352000000000000;9,432653475000000;47,666549728000000
27974;27975;08;2;11;000;2016;04;08;4;3;5;3;0;0;1;1;0;0;0;0;441821,587000000000000;5403270,764000000400000;8,208071591000000;48,779716049000001
27976;27977;08;1;19;020;2016;04;11;1;2;6;4;0;0;0;1;1;0;0;0;519016,927000000030000;5408733,322300000100000;9,259124267000001;48,831286257999999
27985;27986;08;2;36;046;2016;04;15;7;2;6;1;0;1;0;1;1;0;0;0;483642,395000000020000;5418517,456299999700000;8,776719934000001;48,919377570000002
27999;28000;08;1;18;076;2016;04;17;3;2;6;4;0;0;0;1;1;0;0;0;504584,355300000000000;5422514,027499999900000;9,062621287000001;48,955528710000003
28020;28021;08;4;35;035;2016;04;14;1;3;5;3;0;0;1;1;0;0;0;0;541207,043100000010000;5281063,540900000400000;9,549037995000001;47,681646610999998
28021;28022;08;1;27;013;2016;04;14;4;2;0;7;0;0;1;0;0;0;0;0;567123,084799999950000;5426856,163700000400000;9,917541909000001;48,990957569000003
28023;28024;08;3;27;049;2016;04;15;3;3;6;4;0;0;0;1;1;0;0;0;472609,676900000020000;5324598,733400000300000;8,632288394000000;48,074074404000001
28030;28031;08;2;16;024;2016;04;08;5;3;5;3;0;0;1;1;0;0;0;0;445235,056199999990000;5408464,698900000200000;8,253838936999999;48,826746209000000
28031;28032;08;4;36;008;2016;04;15;5;3;5;2;0;0;1;1;0;0;0;0;547063,063100000030000;5310917,185700000300000;9,630300706000000;47,949838069000002
28047;28048;08;3;35;063;2016;04;01;1;2;6;4;2;0;0;1;1;0;0;0;493939,478200000010000;5288819,857300000300000;8,919140514000000;47,752720156999999