FID;OBJECTID;ULAND;UREGBEZ;UKREIS;UGEMEINDE;UJAHR;UMONAT;USTUNDE;UWOCHENTAG;UKATEGORIE;UART;UTYP1;ULICHTVERH;IstStrasse;IstRad;IstPKW;IstFuss;IstKrad;IstGkfz;IstSonstig;LINREFX;LINREFY;XGCSWGS84;YGCSWGS84
28053;28054;08;3;17;146;2016;04;15;6;2;5;3;0;0;1;1;0;0;0;0;431948,765200000020000;5355742,728299999600000;8,081474167000000;48,351193440999999
28057;28058;08;1;11;000;2016;04;20;7;2;6;4;1;0;0;1;1;0;0;0;516458,717300000020000;5404669,544300000200000;9,224103461000000;48,794802236999999
28058;28059;08;2;15;084;2016;04;14;5;3;0;7;0;0;1;0;0;0;0;0;473123,236600000000000;5445435,518299999600000;8,631351440000000;49,161148109999999
28062;28063;08;1;11;000;2016;04;18;5;3;5;3;0;0;1;1;0;0;0;0;516546,415600000010000;5409664,552699999900000;9,225499016000001;48,839734172000000
28067;28068;08;2;12;000;2016;04;12;1;3;0;7;0;0;1;0;0;0;0;0;457255,912900000000000;5428185,279799999700000;8,415544662000000;49,005082068000000
28070;28071;08;1;16;078;2016;04;19;4;3;3;2;0;0;1;1;0;0;0;0;512287,788400000020000;5392839,597500000100000;9,166959140000000;48,688476657000002
28073;28074;08;1;15;044;2016;04;10;3;3;5;3;0;0;1;1;0;0;0;0;504375,995999999980000;5389688,135999999900000;9,059425187000000;48,660231357999997
28078;28079;08;4;35;066;2016;04;12;4;3;0;1;0;0;1;0;0;0;0;0;517732,119000000010000;5284710,087000000300000;9,236413594000000;47,715527029000000
28080;28081;08;1;25;013;2016;04;08;1;3;5;3;0;1;1;1;0;0;0;0;504946,216299999970000;5436170,746000000300000;9,067730698000000;49,078376075000001
28085;28086;08;1;17;055;2016;04;06;5;2;5;3;1;0;1;1;0;0;0;0;544743,375400000020000;5397114,250699999700000;9,608393141000001;48,725446599999998
28090;28091;08;4;36;009;2016;04;18;4;3;5;3;0;0;1;1;0;0;0;0;556627,810000000060000;5308887,099000000400000;9,758120618000000;47,930800028999997
28105;28106;08;3;26;031;2016;04;08;2;3;6;4;0;1;0;1;1;0;0;0;456994,254900000000000;5331960,361600000400000;8,421920149000000;48,139441708000000
28117;28118;08;3;35;043;2016;04;18;6;3;5;3;0;0;1;0;0;0;0;1;510583,457500000020000;5282906,005400000100000;9,141060612000000;47,699451355999997
28131;28132;08;3;17;096;2016;04;07;5;3;5;2;0;0;1;1;0;0;0;0;421632,995000000000000;5370363,825100000000000;7,939527552000000;48,481514197999999
28132;28133;08;4;15;060;2016;04;19;4;3;0;7;1;0;1;0;0;0;0;0;514942,617499999990000;5378044,328300000200000;9,202498036000000;48,555318225000001
28143;28144;08;4;35;016;2016;04;13;5;3;5;2;0;0;1;1;0;0;0;0;537786,048500000030000;5278777,928200000000000;9,503261196000000;47,661291181000003
28164;28165;08;1;19;067;2016;04;17;4;3;3;2;0;0;1;1;0;0;0;0;539302,930199999940000;5405733,629400000000000;9,535244215000001;48,803349855000000
28168;28169;08;3;36;091;2016;04;17;6;2;6;4;0;0;0;1;1;0;0;0;395804,473000000000000;5274608,176599999900000;7,613425752000000;47,616496325000000
28183;28184;08;3;17;098;2016;04;18;7;3;3;6;0;1;1;1;0;0;0;0;438088,536900000010000;5369072,781000000400000;8,162369213000000;48,471736813000000
28185;28186;08;2;21;000;2016;04;17;4;3;2;6;0;0;1;0;0;0;0;0;483916,388400000000000;5473058,622200000100000;8,778280197999999;49,409998455000000
28186;28187;08;4;37;078;2016;04;07;6;3;0;1;0;0;1;0;0;0;0;0;508199,854300000010000;5316197,246700000000000;9,109922170999999;47,999020899000001
28196;28197;08;3;11;000;2016;04;07;7;3;5;3;0;1;1;1;0;0;0;0;412729,068900000010000;5318219,162200000100000;7,829813753000000;48,011304869000000
28200;28201;08;2;26;046;2016;04;17;3;1;6;4;0;0;0;1;1;0;0;0;475103,732399999980000;5454353,573699999600000;8,657963116000000;49,241450800000003
28205;28206;08;1;19;068;2016;04;19;5;3;3;6;0;0;1;1;0;0;0;0;527279,924800000040000;5412863,935200000200000;9,371988758000001;48,868135817000002
28207;28208;08;1;25;049;2016;04;20;7;3;6;7;1;0;0;0;1;1;0;0;498615,833900000030000;5447948,611399999800000;8,981005571000001;49,184341121999999
28220;28221;08;1;15;050;2016;04;14;4;3;6;4;0;0;0;1;1;0;0;0;490352,273200000000000;5400162,506099999900000;8,868741029000001;48,754400161000000
28222;28223;08;2;16;049;2016;04;07;3;2;5;3;0;0;1;1;0;0;0;0;438901,608000000010000;5402610,303999999500000;8,168427050000000;48,773495261000001
28241;28242;08;3;26;074;2016;04;06;4;2;5;3;0;0;1;1;0;0;0;0;465971,888099999980000;5323782,034000000000000;8,543244597999999;48,066407022999996
28244;28245;08;3;36;073;2016;04;06;5;3;3;2;0;0;1;0;0;0;0;1;397494,305500000020000;5277831,842199999800000;7,635151521000000;47,645763449000000
28250;28251;08;3;35;075;2016;04;07;4;3;5;2;0;0;1;1;0;0;0;0;486964,394800000010000;5289709,470700000400000;8,826052594000000;47,760621188000002
28251;28252;08;2;25;058;2016;04;13;2;3;6;4;0;0;0;1;1;0;0;0;511159,299999999990000;5467243,709300000200000;9,153673067000000;49,357803650000001
28253;28254;08;3;17;096;2016;04;16;5;3;5;3;0;0;1;1;0;0;0;0;421815,550099999990000;5369736,346599999800000;7,942114845000000;48,475892825000003
28254;28255;08;4;16;025;2016;04;13;4;3;6;7;0;0;1;0;1;0;0;0;504932,378800000010000;5363020,356900000000000;9,066664976000000;48,420315025000001
28258;28259;08;3;35;043;2016;04;18;3;3;0;7;0;0;1;0;0;0;0;0;510602,165700000010000;5282052,833300000100000;9,141289222999999;47,691774514999999
28262;28263;08;1;17;049;2016;04;15;3;3;0;3;0;0;1;1;0;0;0;0;555739,392800000030000;5392162,277099999600000;9,757229433999999;48,680015736999998
28265;28266;08;2;26;107;2016;04;15;5;2;5;3;0;0;1;1;0;0;0;0;474216,381300000010000;5483002,621199999900000;8,643916071000000;49,499108345000003
28266;28267;08;4;36;081;2016;04;11;5;3;3;6;0;0;1;0;0;0;0;1;562027,179899999990000;5281483,500799999600000;9,826478044000000;47,683762307999999
28272;28273;08;3;11;000;2016;04;17;4;2;3;2;0;0;1;1;0;0;0;0;413153,594500000010000;5315626,005900000200000;7,836029746000000;47,988036415000003
28274;28275;08;1;25;005;2016;04;08;2;2;0;7;0;0;1;0;0;0;0;0;515847,330200000030000;5453065,722400000300000;9,217668536000000;49,230167518999998
28278;28279;08;1;21;000;2016;04;06;4;3;5;3;2;0;1;1;0;0;0;0;516537,199100000030000;5442375,965800000400000;9,226704384000000;49,133992128999999
28283;28284;08;3;35;043;2016;04;15;6;3;0;7;0;0;1;0;0;0;0;0;514086,024199999990000;5279682,190700000200000;9,187639960000000;47,670377764999998
28286;28287;08;2;26;082;2016;04;10;3;3;5;3;0;0;1;1;0;0;0;0;475183,713200000000000;5480563,281399999700000;8,657428260000000;49,477207583999999
28288;28289;08;1;27;076;2016;04;18;6;3;8;1;0;0;1;0;0;0;0;0;559956,672600000050000;5439070,015499999700000;9,821399098000001;49,101553954000003
28299;28300;08;1;26;085;2016;04;17;5;3;3;6;0;0;1;1;0;0;0;0;547846,767699999970000;5451154,467100000000000;9,656943714000001;49,211312153000002
28309;28310;08;1;16;004;2016;04;06;4;3;5;2;1;0;1;1;0;0;0;0;527802,431899999970000;5396762,037700000200000;9,378023602000001;48,723264124000004
28311;28312;08;2;22;000;2016;04;08;3;2;5;3;0;0;1;1;0;0;0;0;464006,753299999980000;5485751,023099999900000;8,502670528000000;49,523308888999999
28315;28316;08;3;35;043;2016;04;17;5;2;6;4;0;0;0;1;1;0;0;0;513558,076799999980000;5279444,815200000100000;9,180599838999999;47,668253225999997
28331;28332;08;2;15;066;2016;04;19;4;3;1;6;0;0;1;1;0;0;0;0;456765,711499999980000;5453339,503499999600000;8,406147139000000;49,231308904000002
28332;28333;08;4;37;100;2016;04;17;6;2;5;3;0;0;1;1;0;0;0;0;536742,357500000040000;5319601,973000000200000;9,492828145000001;48,028649340000001
28337;28338;08;4;37;100;2016;04;13;7;3;8;1;0;0;1;0;0;0;0;0;533687,376900000030000;5318920,548100000200000;9,451799247000000;48,022687116999997
28339;28340;08;1;11;000;2016;04;09;3;3;5;2;0;0;1;1;0;0;0;0;513354,352900000000000;5404482,276399999900000;9,181828299999999;48,793192025000003
28346;28347;08;1;18;051;2016;04;07;4;2;6;4;0;0;1;0;1;0;0;0;509706,842000000000000;5415056,467699999900000;9,132415717000001;48,888383423000001
28350;28351;08;4;35;030;2016;04;20;7;2;4;6;2;1;1;0;0;0;0;0;540659,082199999950000;5272638,473399999600000;9,540954184000000;47,605878062999999
28364;28365;08;3;35;063;2016;04;12;4;3;5;3;0;0;1;1;0;0;0;0;496343,588700000020000;5287286,239799999600000;8,951229034000001;47,738939420000001
28365;28366;08;2;12;000;2016;04;08;2;3;5;3;0;0;1;1;0;0;0;0;456407,656499999980000;5424452,877000000300000;8,404347136000000;48,971449221999997
28369;28370;08;1;27;059;2016;04;18;4;3;0;1;0;0;1;0;0;0;0;0;549447,269399999990000;5438351,234899999600000;9,677345238999999;49,096023275000000
28371;28372;08;3;27;046;2016;04;17;3;2;5;3;0;0;1;1;0;0;0;0;480835,731399999990000;5324282,314899999600000;8,742734919000000;48,071527916999997
28382;28383;08;1;21;000;2016;04;07;2;3;5;3;0;0;1;1;0;0;0;0;516702,297000000020000;5442454,497299999900000;9,228970905000001;49,134694080000003
28383;28384;08;3;15;047;2016;04;07;4;3;5;3;0;0;1;1;0;0;0;0;416187,468500000020000;5320627,614000000100000;7,875705761000000;48,033432863999998
28386;28387;08;2;36;040;2016;04;17;5;2;0;1;0;0;1;0;0;0;0;0;489878,039300000000000;5424686,829099999700000;8,861682361000000;48,975008598999999
28396;28397;08;3;11;000;2016;04;17;5;3;5;2;0;0;1;1;0;0;0;0;413616,938100000030000;5316626,306499999900000;7,842037134000000;47,997097230999998
28400;28401;08;3;26;031;2016;04;11;7;2;0;1;0;1;1;0;0;0;0;0;456907,751999999980000;5331646,928000000300000;8,420789165000000;48,136616046000000
28401;28402;08;1;19;041;2016;04;16;4;3;4;1;0;0;1;1;0;0;0;0;527334,957199999950000;5408762,957100000200000;9,372465433000000;48,831242381999999
28413;28414;08;1;26;046;2016;04;14;5;3;6;4;0;0;0;0;1;0;0;1;550003,744300000020000;5458668,314700000000000;9,687494849000000;49,278723870000000
28419;28420;08;2;22;000;2016;04;07;4;3;6;7;0;0;1;0;1;0;0;0;463332,894399999990000;5478237,549300000100000;8,494056967000001;49,455688563000002
28442;28443;08;4;36;055;2016;04;07;6;3;0;7;0;0;1;1;0;0;0;0;576380,312500000000000;5297202,201600000300000;10,020458522000000;47,823633354999998
28452;28453;08;3;26;074;2016;04;07;2;3;5;3;0;1;1;1;0;0;0;0;464462,648600000010000;5323482,507500000300000;8,523011862000001;48,063629937999998
28454;28455;08;2;26;096;2016;04;11;2;3;0;4;0;1;0;0;1;1;0;0;475801,996999999970000;5488875,622999999700000;8,665453511000001;49,551999213000002
28459;28460;08;1;36;065;2016;04;15;4;3;0;6;0;0;1;0;0;0;0;1;558846,301300000050000;5405903,689600000200000;9,801395939000001;48,803336557999998
28460;28461;08;2;15;009;2016;04;11;3;3;5;3;0;0;1;1;0;0;0;0;470884,016999999990000;5442420,091000000000000;8,600856423000000;49,133921704999999
28470;28471;08;1;19;044;2016;04;21;3;2;9;1;2;0;1;1;0;0;0;0;542789,823699999950000;5426157,675699999600000;9,584867107999999;48,986840289000000
28478;28479;08;4;35;052;2016;04;11;1;3;8;1;0;1;1;0;0;0;0;0;527995,413799999980000;5293556,239299999500000;9,373816217000000;47,794755766999998
28480;28481;08;3;17;034;2016;04;15;5;2;4;6;0;0;1;0;0;0;0;0;426373,864100000010000;5362694,067400000100000;8,005019908000000;48,413096944999999
28488;28489;08;4;36;009;2016;04;09;2;3;5;3;0;0;1;1;0;0;0;0;555723,894600000000000;5308094,640800000200000;9,745917747000000;47,923749891999996
28495;28496;08;3;35;043;2016;04;11;6;2;6;2;0;0;0;1;1;0;0;0;510954,450300000030000;5282008,252899999700000;9,145982790000000;47,691367519000003
28496;28497;08;1;17;030;2016;04;13;3;3;6;4;0;0;0;1;1;0;0;0;547922,908500000020000;5389646,352800000500000;9,650757358000000;48,658032617000003
28499;28500;08;2;22;000;2016;04;16;5;3;5;6;0;0;1;0;0;0;0;0;460846,413999999990000;5481254,941800000100000;8,459450822999999;49,482673280000000
28505;28506;08;3;15;074;2016;04;10;4;2;0;1;0;0;1;0;0;0;0;0;398755,715199999980000;5295264,277700000400000;7,647889666000000;47,802768853000003
28509;28510;08;2;12;000;2016;04;09;4;3;5;2;0;0;1;0;0;0;0;1;456386,191100000000000;5426399,480100000300000;8,403845042000000;48,988957714000001
28514;28515;08;1;19;001;2016;04;17;4;2;5;3;0;0;1;1;0;0;0;0;551997,276799999990000;5410122,716799999600000;9,708665600000000;48,841898282000002
28524;28525;08;4;16;036;2016;04;12;5;3;4;6;0;0;1;0;0;0;0;1;496272,439599999980000;5370454,759899999900000;8,949552870000000;48,487206692000001
28526;28527;08;1;27;032;2016;04;13;2;3;0;1;0;0;1;0;0;0;0;0;570409,713699999960000;5457720,365899999600000;9,967851024000000;49,268188397000003
28530;28531;08;2;31;000;2016;04;15;1;3;6;2;0;0;0;1;1;0;0;0;477986,637800000030000;5414777,985999999600000;8,699721838000000;48,885563331000000
28543;28544;08;3;26;074;2016;04;17;6;2;5;3;0;0;1;1;0;0;0;0;460478,489400000020000;5320532,499900000200000;8,469810578000001;48,036855109999998
28548;28549;08;4;35;035;2016;04;17;6;2;5;2;0;0;1;1;0;0;0;0;543508,254599999990000;5284977,176699999700000;9,580087966000001;47,716707571999997
28551;28552;08;1;11;000;2016;04;23;4;3;6;4;2;0;0;1;1;0;0;0;515044,400000000020000;5406154,786000000300000;9,204900534000000;48,808199109999997
28577;28578;08;1;36;088;2016;04;13;6;3;3;2;0;0;1;1;0;0;0;0;580046,432900000010000;5409842,620099999900000;10,090830243999999;48,836395817000003
28579;28580;08;2;16;049;2016;04;16;4;3;5;3;0;0;1;1;0;0;0;0;438941,003800000010000;5401586,201799999900000;8,169115191000000;48,764287297000003
28586;28587;08;4;35;016;2016;04;08;4;3;4;2;0;0;1;1;0;0;0;0;531545,822599999960000;5279568,025200000000000;9,420209058999999;47,668734499000003
28590;28591;08;3;17;026;2016;04;13;6;3;5;3;0;0;1;0;0;0;0;1;412255,062099999980000;5345279,716300000400000;7,817884876000000;48,254651531000000
28591;28592;08;4;36;082;2016;04;07;3;3;5;3;0;0;1;1;0;0;0;0;547902,033599999970000;5295609,406299999900000;9,639837901000000;47,812054652999997
28608;28609;08;2;11;000;2016;04;19;6;3;0;7;1;0;1;0;0;0;0;0;441828,118800000000000;5403541,491700000100000;8,208122184000001;48,782151882000001
28609;28610;08;3;17;065;2016;04;07;6;3;2;6;0;0;1;1;0;0;0;0;417161,881300000010000;5355586,606300000100000;7,881953978000000;48,348022536999999
28610;28611;08;1;35;016;2016;04;12;5;2;5;3;0;1;1;1;0;0;0;0;591228,950700000040000;5386710,680700000400000;10,238065333000000;48,626806434999999
28615;28616;08;3;17;008;2016;04;12;3;2;5;3;0;1;1;1;0;0;0;0;441715,598000000000000;5364610,248900000000000;8,212057904000000;48,431940208000000
28619;28620;08;3;17;096;2016;04;07;4;3;3;2;0;0;1;0;0;0;0;1;422854,860999999980000;5368510,940000000400000;7,956401003000000;48,464998733000002
28633;28634;08;1;25;013;2016;04;17;6;3;5;3;0;0;1;1;0;0;0;0;504777,938299999980000;5435811,468999999600000;9,065422151000000;49,075145530999997
28642;28643;08;4;36;011;2016;04;07;4;2;5;3;0;1;1;1;0;0;0;0;547169,008400000050000;5296880,657100000400000;9,630185731999999;47,823546161000003
28646;28647;08;1;28;115;2016;04;10;4;3;6;7;0;0;0;1;1;0;0;0;547590,735499999950000;5497652,119199999600000;9,659005468000000;49,629549076000004
28647;28648;08;4;26;134;2016;04;15;3;3;6;4;0;1;0;1;1;0;0;0;559021,792999999950000;5335977,307099999900000;9,793905139000000;48,174294119000002
28652;28653;08;2;16;028;2016;04;17;5;2;5;3;0;0;1;0;0;0;0;0;427078,895000000020000;5397528,043999999800000;8,008438421999999;48,726508838999997
28653;28654;08;3;37;002;2016;04;08;5;2;6;4;0;0;0;0;1;0;1;0;435940,933599999990000;5274970,570700000000000;8,147405628000000;47,624969024000002
28661;28662;08;3;36;069;2016;04;18;6;2;3;2;0;0;1;1;0;0;0;0;407402,179799999980000;5269508,003800000100000;7,768799106000000;47,572377944999999
28695;28696;08;4;35;059;2016;04;07;5;3;5;2;0;0;1;1;0;0;0;0;515034,512300000000000;5291011,104399999600000;9,200665749000001;47,772289112999999
28697;28698;08;1;19;041;2016;04;11;4;2;5;3;0;0;1;1;0;0;0;0;526031,890999999950000;5411404,396300000100000;9,354878095000000;48,855059945999997
28704;28705;08;1;21;000;2016;04;14;6;3;5;3;0;0;1;1;0;0;0;0;515938,341499999980000;5446465,537200000100000;9,218656701000001;49,170794927999999
28709;28710;08;4;15;062;2016;04;11;5;3;6;4;0;0;0;1;1;0;0;0;519809,025000000020000;5378614,195200000000000;9,268472649000000;48,560309998999998
28712;28713;08;3;11;000;2016;04;18;6;3;5;3;0;0;1;1;0;0;0;0;415165,524800000010000;5315639,831100000100000;7,862986608000000;47,988430829000002
28722;28723;08;2;37;054;2016;04;07;6;2;0;5;0;0;1;0;0;0;0;0;467774,804400000020000;5374733,309700000100000;8,563554785999999;48,524881946999997
28736;28737;08;1;25;098;2016;04;15;7;3;3;2;0;0;1;1;0;0;0;0;519889,698399999990000;5437352,536000000300000;9,272414948000000;49,088705284000000
28744;28745;08;2;16;024;2016;04;15;3;3;0;7;0;0;1;0;0;0;0;0;445350,926800000020000;5408914,030799999800000;8,255357621000000;48,830798211999998
28749;28750;08;3;17;089;2016;04;10;6;3;1;5;0;0;1;0;0;0;0;1;431232,833900000030000;5376249,827800000100000;8,068444715000000;48,535583471000002
28757;28758;08;4;35;034;2016;04;07;6;3;0;1;0;0;1;0;0;0;0;0;529623,146700000040000;5285610,306599999800000;9,395008910000000;47,723190572999997
28758;28759;08;1;19;087;2016;04;06;6;3;4;2;1;0;1;1;0;0;0;0;528347,586000000010000;5424374,470999999900000;9,387346880999999;48,971631379999998
28771;28772;08;3;11;000;2016;04;16;5;2;6;4;0;0;0;1;1;0;0;1;414618,670800000020000;5318575,979100000100000;7,855074426000000;48,014769841000003
28773;28774;08;2;31;000;2016;04;01;7;3;0;1;2;0;1;1;0;0;0;0;481163,704099999970000;5416895,964599999600000;8,742961162000000;48,904720714000000
28775;28776;08;2;15;097;2016;04;12;3;3;6;4;0;0;0;1;1;0;0;0;475861,403300000010000;5443378,504400000000000;8,669031425000000;49,142758589000003
28781;28782;08;3;36;082;2016;04;10;4;3;5;3;0;0;1;0;0;0;1;0;415071,083800000020000;5271515,225700000300000;7,870356757000000;47,591484215000001
28787;28788;08;2;12;000;2016;04;17;3;3;5;3;0;0;1;1;0;0;0;0;457885,065999999990000;5428008,297000000300000;8,424165197000001;49,003533333000000
28791;28792;08;1;18;011;2016;04;07;7;3;6;6;0;0;1;0;1;0;0;0;504984,442500000000000;5407305,557799999600000;9,067900898000000;48,818713457000001
28795;28796;08;1;21;000;2016;04;14;6;3;6;4;0;0;0;1;1;0;0;0;515976,179699999980000;5446087,942400000100000;9,219160802999999;49,167397370000003
28796;28797;08;2;25;118;2016;04;07;3;2;6;4;0;2;0;1;1;0;0;0;505696,100600000010000;5475858,714200000300000;9,078563773999999;49,435371038000000
28798;28799;08;3;35;043;2016;04;09;6;3;0;4;0;0;0;1;1;1;0;0;510918,598999999990000;5280543,956000000200000;9,145468390000000;47,678192887999998
28801;28802;08;1;27;071;2016;05;13;1;2;0;1;0;0;1;0;0;0;0;0;580677,575700000040000;5455960,380400000100000;10,108612291000000;49,251091549999998
28803;28804;08;1;21;000;2016;05;16;4;3;5;3;0;0;1;1;0;0;0;0;515762,625400000020000;5440702,678500000400000;9,216020629999999;49,118960676999997
28829;28830;08;4;15;059;2016;05;13;3;2;3;3;0;0;1;0;0;0;0;0;516406,096699999990000;5369270,497100000300000;9,221985434000001;48,476349544999998
28846;28847;08;1;27;076;2016;05;19;4;2;5;3;0;0;1;1;0;0;0;0;551893,711800000050000;5439435,960000000000000;9,710994152000000;49,105578629999997
28851;28852;08;1;35;031;2016;05;14;4;3;0;3;0;0;1;0;0;0;1;0;595839,050000000050000;5377842,091000000000000;10,298566973000000;48,546353363999998
28852;28853;08;4;35;016;2016;05;12;2;3;0;2;0;0;1;1;0;0;0;0;530580,327000000050000;5279730,260999999900000;9,407359784000001;47,670240591000002
28853;28854;08;3;26;052;2016;05;17;2;3;5;3;0;0;1;1;0;0;0;0;454605,126099999990000;5330137,379200000300000;8,390001776000000;48,122875299000000
28857;28858;08;3;15;048;2016;05;18;4;3;0;7;0;1;1;0;0;0;1;0;397958,789999999980000;5310485,943000000000000;7,633654981000000;47,939559385000003
28862;28863;08;4;15;062;2016;05;06;2;3;0;7;0;0;1;0;0;0;1;0;519922,171700000010000;5377990,228699999900000;9,269976243000000;48,554693079000003
28867;28868;08;1;15;003;2016;05;17;2;3;5;3;0;0;1;1;0;0;0;0;500553,281699999990000;5392838,135800000300000;9,007517676000001;48,688584239000001
28871;28872;08;1;25;065;2016;05;18;2;3;5;3;0;0;1;0;0;0;0;0;516008,436999999980000;5448615,467799999800000;9,219703917000000;49,190132304000002
28875;28876;08;1;17;026;2016;05;13;4;3;2;3;0;0;1;1;0;0;0;0;548893,930999999980000;5394470,174999999800000;9,664512755000001;48,701350132999998
28880;28881;08;2;26;085;2016;05;20;1;2;6;4;1;0;0;1;1;0;0;0;486559,307500000000000;5456300,599899999800000;8,815278752999999;49,259323401000003
28884;28885;08;1;18;012;2016;05;12;3;2;6;4;0;0;0;1;1;0;0;0;497524,332300000010000;5414235,334800000300000;8,966233151000001;48,881067758000000
28887;28888;08;1;11;000;2016;05;21;1;3;6;4;2;0;0;0;1;0;0;1;518217,140100000020000;5403699,263199999900000;9,248003069999999;48,786024687000001
28896;28897;08;3;35;043;2016;05;11;3;3;6;7;0;0;1;0;1;0;0;0;512182,879499999980000;5279292,061300000200000;9,162277397000000;47,666906165999997
28898;28899;08;3;17;096;2016;05;15;4;3;0;2;0;0;0;1;1;0;0;0;421543,679200000010000;5368816,633700000100000;7,938609484000000;48,467586232999999
28901;28902;08;2;36;043;2016;05;19;3;2;6;4;0;0;0;1;1;0;0;0;468242,450399999970000;5411918,867800000100000;8,567029437000000;48,859421259999998
28902;28903;08;3;35;075;2016;05;18;4;3;6;2;0;0;0;1;1;0;0;0;487657,445899999990000;5289474,056699999600000;8,835307328000001;47,758516686999997
28907;28908;08;4;26;128;2016;05;17;2;3;6;4;0;0;0;1;1;0;0;0;559275,528000000050000;5331133,952899999900000;9,796643055000001;48,130699315999998
28911;28912;08;1;26;066;2016;05;19;2;3;5;3;0;0;1;1;0;0;0;0;535701,543999999990000;5450855,515999999800000;9,490168774000001;49,209451131999998
28916;28917;08;1;18;006;2016;05;16;4;2;0;7;0;0;1;0;0;0;0;0;514820,109999999990000;5418690,189000000200000;9,202299795000000;48,920970136999998
28920;28921;08;1;26;069;2016;05;23;4;3;6;7;2;0;0;1;1;0;0;0;539225,534100000050000;5445663,976200000400000;9,538043117999999;49,162538157999997
28922;28923;08;4;17;023;2016;05;15;2;3;6;7;0;0;0;0;1;0;0;1;491596,193600000000000;5353282,259700000300000;8,886610738000000;48,332668732000002
28924;28925;08;2;36;040;2016;05;19;1;2;0;1;0;0;1;0;0;0;0;0;489759,458900000030000;5424177,684399999700000;8,860074770000001;48,970426566000000
28938;28939;08;3;17;146;2016;05;11;3;2;6;7;0;1;0;1;1;0;0;0;430849,836000000010000;5355302,850700000300000;8,066715591000000;48,347117163000000
28946;28947;08;2;26;038;2016;05;15;2;2;2;6;0;0;1;1;0;0;0;0;471396,916000000030000;5480730,355499999600000;8,605143271999999;49,478543739999999
28949;28950;08;2;21;000;2016;05;07;3;3;1;7;0;0;1;0;0;0;1;0;473817,961000000010000;5472832,666000000200000;8,639086090999999;49,407615299000000
28952;28953;08;2;31;000;2016;05;15;3;2;6;4;0;0;0;1;1;0;0;0;482295,861299999990000;5418184,509600000500000;8,758354464000000;48,916345446000001
28958;28959;08;3;26;074;2016;05;09;4;3;5;3;0;0;1;1;0;0;0;0;459993,390100000020000;5322841,397699999600000;8,463087302000000;48,057597397000002
28984;28985;08;3;17;001;2016;04;17;7;3;5;3;0;0;1;1;0;0;0;0;430016,238499999980000;5389571,477699999700000;8,049721582000000;48,655277392999999
28992;28993;08;2;26;037;2016;05;13;4;2;3;6;0;0;1;0;0;0;0;0;466755,357100000020000;5469054,543499999700000;8,542048514999999;49,373287300999998
28994;28995;08;2;26;085;2016;05;15;2;3;6;4;0;0;0;0;1;1;0;0;491175,496999999970000;5455421,205000000100000;8,878740232000000;49,251497084000000
28997;28998;08;4;16;036;2016;05;07;4;3;0;7;0;0;1;1;0;0;0;0;495474,350400000000000;5372466,784400000200000;8,938730088000000;48,505302432999997
29000;29001;08;2;12;000;2016;05;11;4;3;5;2;0;0;1;1;0;0;0;0;452830,127099999980000;5429238,783099999700000;8,354910706000000;49,014235978999999
29001;29002;08;3;37;128;2016;05;06;3;3;0;7;0;0;0;1;1;0;0;0;448902,856299999980000;5285494,704699999700000;8,318676833000000;47,720807723999997
29012;29013;08;3;35;043;2016;05;15;3;3;6;1;0;0;0;0;1;0;0;1;512973,662799999990000;5284544,333300000100000;9,172966862999999;47,714148805000001
29025;29026;08;1;25;063;2016;05;18;2;2;2;1;0;0;1;1;0;0;0;0;526404,345800000010000;5461591,982099999700000;9,363232931000001;49,306497133999997
29032;29033;08;4;15;061;2016;05;16;2;2;0;1;0;0;1;0;0;0;0;0;514805,206699999980000;5369992,168200000200000;9,200350034000000;48,482881708999997
29034;29035;08;3;17;089;2016;05;12;3;3;5;3;0;1;1;1;0;0;0;0;432814,655199999980000;5375116,754400000000000;8,090052677999999;48,525562612000002
29046;29047;08;3;15;130;2016;04;15;7;3;8;1;0;0;1;0;0;0;0;0;409944,561300000000000;5301409,468500000400000;7,796001634000000;47,859710382000003
29051;29052;08;3;15;132;2016;05;15;3;3;6;4;0;1;0;1;1;0;0;0;409035,235200000000000;5323774,202300000000000;7,779115728000000;48,060757801000001
29052;29053;08;1;35;015;2016;05;02;1;2;6;7;2;0;0;1;1;0;0;0;577826,394199999980000;5384161,080500000200000;10,055736304000000;48,605685014000002
29066;29067;08;1;36;019;2016;05;12;4;2;0;1;0;0;1;0;0;0;0;0;582257,316200000000000;5424533,882799999800000;10,123912309000000;48,968240664000000
29080;29081;08;1;28;047;2016;05;15;4;2;0;1;0;0;1;0;0;0;0;0;553625,634500000040000;5495873,042899999800000;9,742322699000001;49,613042452999998
29081;29082;08;4;26;120;2016;05;08;2;3;0;1;0;0;1;0;0;0;0;0;560476,324900000010000;5324370,633399999700000;9,811821118999999;48,069742665000000
29105;29106;08;3;11;000;2016;05;10;7;3;4;3;0;0;1;0;0;0;0;0;413359,439000000010000;5316131,119699999700000;7,838686068000000;47,992608011000002
29106;29107;08;3;15;041;2016;05;12;6;3;0;1;0;0;1;0;0;0;0;0;420859,435899999980000;5322333,935600000400000;7,938050429000000;48,049378369000003
29112;29113;08;4;36;081;2016;05;14;1;3;8;3;0;0;0;1;1;0;0;0;563334,444999999950000;5281413,535000000100000;9,843884549000000;47,683006067999997
29115;29116;08;1;27;046;2016;05;16;5;2;0;1;0;0;1;0;0;0;0;0;570742,113800000050000;5450300,803600000200000;9,971110331000000;49,201418836999999
29118;29119;08;2;12;000;2016;05;15;6;3;6;4;0;0;0;1;1;0;0;0;454798,401799999990000;5428255,364000000100000;8,381936415000000;49,005537388999997