FID;OBJECTID;ULAND;UREGBEZ;UKREIS;UGEMEINDE;UJAHR;UMONAT;USTUNDE;UWOCHENTAG;UKATEGORIE;UART;UTYP1;ULICHTVERH;IstStrasse;IstRad;IstPKW;IstFuss;IstKrad;IstGkfz;IstSonstig;LINREFX;LINREFY;XGCSWGS84;YGCSWGS84
29141;29142;08;2;15;066;2016;05;01;6;2;0;1;2;0;1;0;0;0;0;0;457833,636400000020000;5452931,066999999800000;8,420857975000001;49,227709574999999
29148;29149;08;4;25;031;2016;05;18;6;2;7;7;0;0;1;0;0;0;0;0;567006,127800000020000;5369990,674800000200000;9,906697506000000;48,479471310000001
29150;29151;08;1;15;001;2016;05;13;2;2;0;4;0;0;1;0;1;0;0;0;491646,766599999970000;5391675,525200000000000;8,886524638999999;48,678069622000002
29152;29153;08;1;35;032;2016;05;15;7;3;4;2;0;0;1;1;0;0;0;0;572201,660599999940000;5391396,809999999600000;9,980708275000000;48,671443574999998
29156;29157;08;1;16;049;2016;05;10;1;3;5;3;0;0;1;1;0;0;0;0;524874,456000000010000;5385831,758999999600000;9,337555798000000;48,625059383000000
29159;29160;08;3;26;012;2016;05;14;6;3;5;3;0;0;1;1;0;0;0;0;462707,502199999990000;5309917,718700000100000;8,500634184999999;47,941489492000002
29166;29167;08;1;27;076;2016;05;16;5;3;0;7;0;0;1;0;0;0;0;0;553771,502100000040000;5439602,091300000400000;9,736741631999999;49,106911621999998
29172;29173;08;1;15;050;2016;05;12;5;3;0;7;0;0;1;0;0;0;0;0;489233,201500000020000;5402276,735100000200000;8,853460594000000;48,773401327999999
29178;29179;08;4;25;033;2016;05;14;5;3;6;7;0;0;0;1;1;0;0;0;542625,677600000050000;5350663,150200000000000;9,574852270999999;48,307724749999998
29184;29185;08;2;15;017;2016;05;11;5;2;5;2;0;0;1;1;0;0;0;0;457543,754000000020000;5415955,826000000400000;8,420755071000000;48,895095144000003
29185;29186;08;4;35;016;2016;05;15;6;2;5;3;0;0;1;1;0;0;0;0;535691,816800000030000;5279156,597299999600000;9,475400696000000;47,664817171999999
29188;29189;08;1;26;011;2016;05;12;5;3;4;7;0;0;1;1;0;0;0;0;532150,558100000020000;5447360,506000000100000;9,441137030000000;49,178209957999997
29192;29193;08;4;25;033;2016;05;14;5;3;0;7;0;0;0;1;1;0;0;0;542637,109999999990000;5349974,991999999600000;9,574936906000000;48,301533133000000
29193;29194;08;1;25;026;2016;05;12;7;3;5;3;0;0;1;1;0;0;0;0;492798,981700000000000;5438447,367700000300000;8,901352792000001;49,098833098000000
29205;29206;08;1;19;087;2016;05;11;7;2;6;6;0;0;0;1;1;0;0;0;526201,517600000020000;5426706,016499999900000;9,358173476999999;48,992699453999997
29207;29208;08;1;11;000;2016;05;20;7;2;5;3;0;0;1;1;0;0;0;0;512282,023099999990000;5407344,786500000400000;9,167313535000000;48,818964934999997
29215;29216;08;3;17;040;2016;05;15;1;2;0;7;0;0;1;0;0;0;0;0;432656,210800000000000;5348057,732900000200000;8,092248991000000;48,282138470000000
29217;29218;08;3;17;057;2016;05;19;5;3;5;2;0;0;1;1;0;0;0;0;416583,547499999990000;5379656,541600000100000;7,869352141000000;48,564448826000003
29220;29221;08;1;26;011;2016;05;21;5;2;0;7;2;0;1;0;0;0;0;0;528867,067500000000000;5447537,057000000000000;9,396098201999999;49,179961357000003
29231;29232;08;2;21;000;2016;05;20;5;3;6;4;0;0;0;0;1;0;0;1;478338,538300000010000;5473374,214599999600000;8,701370770000001;49,412664157999998
29237;29238;08;4;35;013;2016;05;18;7;2;0;7;0;0;1;0;0;0;0;0;539808,222500000030000;5275397,706100000100000;9,529885093000001;47,630756816000002
29248;29249;08;4;35;057;2016;05;11;1;2;5;3;0;0;1;1;0;0;0;0;545768,542999999950000;5279843,567699999500000;9,609683649999999;47,670363385999998
29252;29253;08;3;15;041;2016;05;15;5;3;8;6;0;0;1;1;0;0;0;0;421001,657899999990000;5322350,628499999600000;7,939955418000000;48,049546153000001
29258;29259;08;3;36;107;2016;05;11;1;2;8;1;0;0;1;0;0;0;0;0;413022,380899999990000;5294531,764600000300000;7,838523108000000;47,798265385000001
29263;29264;08;1;17;026;2016;05;10;7;3;5;3;0;0;1;1;0;0;0;0;549839,427999999960000;5394129,111999999700000;9,677320820000000;48,698207287000002
29266;29267;08;1;19;067;2016;05;07;2;3;3;1;0;0;1;0;0;0;0;1;538992,841999999950000;5406434,585000000000000;9,531088072999999;48,809674854999997
29267;29268;08;2;26;097;2016;05;23;7;2;0;7;2;0;1;0;0;0;0;0;485262,636999999990000;5467606,570000000300000;8,797040812000001;49,360991579000000
29274;29275;08;3;35;043;2016;05;07;6;3;5;2;0;0;1;1;0;0;0;0;513668,718999999980000;5280173,838999999700000;9,182096454000000;47,674810403999999
29276;29277;08;1;36;028;2016;05;14;6;2;6;4;0;0;0;1;1;0;0;0;568715,833800000020000;5405033,763600000200000;9,935640824000000;48,794499074000001
29277;29278;08;4;37;076;2016;05;15;5;3;0;7;0;0;1;0;0;0;0;0;523630,089299999990000;5322456,336600000000000;9,317113394000000;48,054949823000001
29278;29279;08;1;16;080;2016;05;12;2;3;5;3;0;0;1;1;0;0;0;0;519599,618399999980000;5396989,708200000200000;9,266504080000001;48,725624156000002
29295;29296;08;1;11;000;2016;05;11;2;3;5;2;0;0;1;1;0;0;0;0;515463,527599999970000;5403320,380900000200000;9,210502189000000;48,782690864000003
29297;29298;08;3;15;132;2016;05;18;1;3;5;3;0;0;1;1;0;0;0;0;409091,635899999990000;5322231,305700000400000;7,780200407000000;48,046887392999999
29298;29299;08;1;19;090;2016;05;16;5;3;4;2;0;0;1;1;0;0;0;0;532362,649699999950000;5406521,414400000100000;9,440793833000001;48,810836610000003
29304;29305;08;4;36;081;2016;05;17;4;3;1;5;0;0;1;1;0;0;0;0;563609,800099999990000;5282540,491800000000000;9,847717321999999;47,693117911999998
29313;29314;08;3;17;056;2016;05;14;5;2;0;7;0;0;1;0;0;0;0;0;433603,398500000010000;5382738,187199999600000;8,099517810000000;48,594202830000000
29316;29317;08;4;35;016;2016;05;17;6;3;0;7;0;0;1;0;0;0;0;0;537263,269699999950000;5277560,729600000200000;9,496194965000001;47,650369896999997
29324;29325;08;3;15;133;2016;05;18;7;2;0;1;0;0;1;0;0;0;0;0;402446,796299999990000;5326803,363400000100000;7,690020570000000;48,087030761999998
29332;29333;08;1;19;044;2016;05;14;2;3;6;2;0;0;0;0;1;0;0;1;541760,738400000030000;5425558,965599999800000;9,570740424000000;48,981525220000002
29337;29338;08;2;16;022;2016;05;15;1;3;3;6;0;0;1;1;0;0;0;0;433439,150399999980000;5406098,908400000100000;8,093525097000001;48,804314275000003
29366;29367;08;4;36;024;2016;05;11;5;3;3;6;0;0;1;1;0;0;0;0;538440,201899999990000;5304809,201899999800000;9,514277836000000;47,895460561000000
29367;29368;08;1;16;015;2016;05;15;2;3;5;3;0;0;1;0;0;0;1;0;526436,506300000010000;5395558,615000000200000;9,359374677000000;48,712497706999997
29369;29370;08;3;16;056;2016;05;12;1;3;8;7;0;0;1;0;0;1;0;0;427415,337999999990000;5323330,597000000100000;8,025838074999999;48,059123495999998
29372;29373;08;4;35;015;2016;05;16;4;3;5;3;0;0;1;1;0;0;0;0;519996,215000000030000;5295009,635999999900000;9,267073239000000;47,808130701000003
29373;29374;08;1;17;018;2016;05;18;5;2;6;6;0;0;1;0;1;0;0;0;539930,410999999960000;5396236,364400000300000;9,542867641999999;48,717876386999997
29374;29375;08;4;35;016;2016;05;16;7;3;5;3;0;0;1;1;0;0;0;0;535016,209099999980000;5278021,127500000400000;9,466311202000000;47,654637800000003
29376;29377;08;3;11;000;2016;05;16;6;3;0;1;0;0;1;0;0;0;0;0;414036,253700000000000;5314841,166299999700000;7,848014332000000;47,981095730000000
29377;29378;08;1;28;007;2016;05;17;7;3;5;2;0;1;1;1;0;0;0;0;556968,033300000010000;5477849,707000000400000;9,785982362000000;49,450635837999997
29378;29379;08;4;35;024;2016;05;13;1;2;3;3;0;0;1;1;0;0;0;0;528743,976900000010000;5279618,386500000000000;9,382891029000000;47,669318238000002
29381;29382;08;2;15;084;2016;05;11;5;3;2;3;0;0;1;0;0;0;0;1;473027,667000000020000;5448157,611999999700000;8,629858096000000;49,185629577999997
29386;29387;08;3;16;010;2016;05;11;7;3;0;3;0;0;1;1;0;0;0;0;432043,415800000020000;5337266,522300000300000;8,085721152000000;48,184998800000002
29389;29390;08;1;25;026;2016;05;13;7;2;5;3;0;0;1;1;0;0;0;0;495499,615400000010000;5447021,326000000400000;8,938253186000001;49,175984933999999
29390;29391;08;3;37;128;2016;05;11;1;3;0;1;0;0;1;0;0;0;0;0;448554,073600000000000;5288328,907800000200000;8,313691569000000;47,746279233999999
29392;29393;08;1;17;049;2016;05;09;7;3;0;1;0;0;1;0;0;0;0;0;555521,311699999960000;5392087,170199999600000;9,754256945000000;48,679359558999998
29394;29395;08;2;31;000;2016;05;20;6;3;5;2;0;0;0;1;1;0;0;0;478519,994599999980000;5416002,480299999900000;8,706932737000001;48,896597192000002
29405;29406;08;1;18;073;2016;05;18;7;3;0;7;0;0;1;0;0;0;0;0;494391,214800000020000;5420641,218799999900000;8,923411025000000;48,938673055999999
29415;29416;08;3;17;096;2016;05;18;1;3;0;7;0;0;1;0;0;0;0;0;421618,803799999990000;5368809,611700000200000;7,939626936000000;48,467532437999999
29417;29418;08;3;17;057;2016;05;19;5;3;9;7;0;0;1;0;0;0;0;0;412129,617299999980000;5381061,323400000100000;7,808698881000000;48,576475350999999
29437;29438;08;3;36;073;2016;05;17;2;2;2;6;0;0;1;1;0;0;0;0;397966,097499999970000;5277128,390800000200000;7,641595616000000;47,639510301000001
29445;29446;08;3;17;089;2016;05;08;3;3;5;3;0;1;1;1;0;0;0;0;431907,488699999990000;5375364,519399999600000;8,077727339999999;48,527693542000002
29453;29454;08;3;35;079;2016;05;15;4;1;6;4;0;0;0;0;1;0;0;1;500383,439699999990000;5299406,335799999500000;9,005125215000000;47,848000384000002
29456;29457;08;3;35;075;2016;05;16;7;3;5;3;0;0;1;1;0;0;0;0;489344,243100000020000;5287826,107699999600000;8,857855384000001;47,743719270000000
29459;29460;08;2;15;059;2016;05;13;3;3;5;3;0;1;1;1;0;0;0;0;484799,435300000010000;5436893,535799999700000;8,791825505000000;49,084710080000001
29464;29465;08;3;36;079;2016;05;11;6;3;5;2;0;1;1;1;0;0;0;0;417169,807800000010000;5293108,733300000400000;7,894167505000000;47,786011015000000
29470;29471;08;1;18;079;2016;05;15;4;3;5;2;0;0;1;0;0;0;0;1;509806,527100000010000;5422973,662300000000000;9,133965929000000;48,959602648999997
29488;29489;08;4;35;016;2016;05;21;3;3;0;1;2;0;1;0;0;0;0;0;533115,737500000050000;5280384,830299999600000;9,441182569000000;47,676005160000003
29492;29493;08;3;17;110;2016;05;15;6;3;5;3;0;0;1;1;0;0;0;0;427398,550999999980000;5382317,454300000300000;8,015452530999999;48,589729650999999
29498;29499;08;1;19;044;2016;05;18;1;2;9;1;0;0;1;0;0;0;0;0;541681,176400000000000;5427488,074400000300000;9,569850980000000;48,998883288000002
29505;29506;08;4;16;022;2016;05;08;6;3;5;3;0;1;1;1;0;0;0;0;510309,273200000000000;5375300,955400000300000;9,139640624000000;48,530731310000000
29509;29510;08;1;16;056;2016;05;06;3;3;4;2;0;0;1;1;0;0;0;0;529480,813399999980000;5396355,267400000200000;9,400814545999999;48,719527761000002
29513;29514;08;3;36;069;2016;05;18;6;3;6;4;0;0;0;1;1;0;0;0;409893,067800000020000;5269230,008500000500000;7,801967974000000;47,570227817999999
29516;29517;08;1;16;019;2016;05;08;6;3;1;7;0;1;1;1;0;0;0;0;520130,767999999980000;5400323,731999999800000;9,273889162000000;48,755599838999998
29530;29531;08;3;26;005;2016;05;12;4;3;6;4;0;0;0;1;1;0;0;0;464963,520599999990000;5298584,683500000300000;8,531762399000000;47,839652890000004
29532;29533;08;2;25;114;2016;05;14;7;2;5;3;0;0;1;1;0;0;0;0;537002,626999999980000;5472285,315000000400000;9,510017137000000;49,402130325000002
29536;29537;08;4;26;014;2016;05;11;7;2;5;3;0;0;1;1;0;0;0;0;548513,204700000000000;5317705,540099999900000;9,650487509000000;48,010802220000002
29538;29539;08;3;15;108;2016;05;11;5;2;0;7;0;1;1;0;0;0;0;0;404771,508299999990000;5304301,694000000100000;7,726220065000000;47,884980421999998
29540;29541;08;1;27;102;2016;05;08;5;3;5;3;0;1;1;1;0;0;0;0;587796,050999999980000;5434039,276999999800000;10,201629087000001;49,052966572000003
29555;29556;08;2;21;000;2016;05;20;6;3;6;4;1;0;0;1;1;0;0;0;478665,739300000020000;5473447,305800000200000;8,705877637000000;49,413333164000001
29578;29579;08;4;35;016;2016;05;21;5;3;8;6;2;1;1;1;0;0;0;1;535305,748799999940000;5279434,687599999800000;9,470281078999999;47,667340455000001
29582;29583;08;4;35;016;2016;05;13;6;3;5;2;0;1;1;1;0;0;0;0;532616,143200000050000;5278726,475499999700000;9,434403121000001;47,661109592999999
29585;29586;08;2;12;000;2016;05;14;6;3;5;2;0;0;1;1;0;0;0;0;453055,000300000010000;5428760,649799999800000;8,358041143000000;49,009952306000002
29596;29597;08;3;36;045;2016;05;13;6;3;6;4;0;0;0;1;1;0;0;0;399442,614999999990000;5285125,795800000400000;7,659405626000000;47,711679877999998
29599;29600;08;3;17;065;2016;05;10;3;3;5;3;0;0;1;1;0;0;0;0;414175,019399999990000;5355197,444600000000000;7,841728772000000;48,344123267999997
29602;29603;08;4;16;041;2016;05;08;6;2;4;2;0;1;1;1;0;0;0;0;505474,997600000000000;5373323,541699999900000;9,074133766999999;48,513002587999999
29609;29610;08;4;16;049;2016;05;17;7;2;0;7;0;0;1;0;0;0;0;1;490659,542100000020000;5372259,296900000400000;8,873550205000001;48,503382647999999
29610;29611;08;3;17;065;2016;05;09;5;3;5;3;0;1;1;1;0;0;0;0;416325,760300000020000;5354317,193500000100000;7,870923553000000;48,336494072000001
29620;29621;08;2;22;000;2016;05;00;1;1;6;4;2;0;0;1;1;0;0;0;460891,368699999990000;5482399,164300000300000;8,459958234000000;49,492967833999998
29623;29624;08;1;19;055;2016;05;07;4;3;6;4;0;0;0;1;1;0;0;0;544402,840699999940000;5404468,469200000200000;9,604556404000000;48,791625785000001
29627;29628;08;1;15;021;2016;05;19;3;3;5;3;0;0;1;1;0;0;0;0;488397,772200000010000;5384506,449900000400000;8,842589329999999;48,613523700999998
29630;29631;08;2;21;000;2016;05;07;2;3;5;3;0;0;1;1;0;0;0;0;480789,266300000020000;5474097,607699999600000;8,735121576999999;49,419253302000001
29633;29634;08;2;16;015;2016;05;09;4;3;0;3;0;0;1;1;0;0;0;0;450973,076999999990000;5404861,701999999600000;8,332442819000001;48,794815651000000
29634;29635;08;1;11;000;2016;05;08;4;3;1;5;0;0;1;1;0;0;0;0;509066,970700000010000;5397433,640300000100000;9,123297644000001;48,729860012000003
29637;29638;08;1;11;000;2016;05;10;7;3;6;4;0;0;0;1;1;0;0;0;508128,959299999990000;5397430,771200000300000;9,110542020000001;48,729847143999997
29638;29639;08;2;22;000;2016;05;18;7;2;5;2;0;0;1;1;0;0;0;0;464228,973200000010000;5483927,841300000400000;8,505906112000000;49,506923481999998
29641;29642;08;1;21;000;2016;05;07;3;3;5;3;0;0;1;1;0;0;0;0;516624,537399999970000;5442274,101900000100000;9,227897473000001;49,133073471000003
29643;29644;08;4;35;057;2016;05;11;3;3;3;2;0;0;1;0;0;0;1;0;544736,623499999990000;5279989,332000000400000;9,595953138000001;47,671747076000003
29645;29646;08;1;16;019;2016;05;13;7;3;6;4;0;0;0;1;1;0;0;0;523783,683399999980000;5397976,233900000300000;9,323452589000000;48,734353214000002
29647;29648;08;2;25;074;2016;05;19;5;3;5;3;0;0;1;1;0;0;0;0;506997,557399999990000;5466583,663400000000000;9,096350838999999;49,351928485000002
29658;29659;08;3;35;063;2016;05;16;2;3;6;4;0;0;0;1;1;0;0;0;497978,360099999990000;5292202,853600000000000;8,973011525000000;47,783184155000001
29677;29678;08;2;31;000;2016;05;12;6;3;6;4;0;1;0;1;1;0;0;0;477790,021100000010000;5415670,848100000100000;8,696991354000000;48,893588203000000
29678;29679;08;4;36;082;2016;05;18;2;3;3;7;0;0;1;1;0;0;0;0;547170,589599999950000;5294082,084200000400000;9,629902298999999;47,798367452000001
29685;29686;08;2;11;000;2016;05;12;3;2;5;4;0;1;0;1;1;0;0;0;442854,386100000000000;5402721,085400000200000;8,222205151000001;48,774867348999997
29692;29693;08;3;35;043;2016;05;12;6;3;5;3;0;1;1;1;0;0;0;0;513386,710000000020000;5280333,088999999700000;9,178344395000000;47,676249181000003
29697;29698;08;3;17;001;2016;05;15;4;3;5;3;0;0;1;1;0;0;0;0;431600,240200000000000;5386633,221699999600000;8,071712222000000;48,629023214000000
29703;29704;08;2;12;000;2016;05;15;6;3;5;3;0;0;1;1;0;0;0;0;458971,213400000010000;5428142,922100000100000;8,439001663000001;49,004817467000002
29706;29707;08;1;11;000;2016;05;09;5;3;6;7;0;0;1;0;1;0;0;0;516684,749399999970000;5398555,732499999900000;9,226933152000001;48,739796906999999
29710;29711;08;4;35;045;2016;05;08;3;3;5;3;0;0;1;1;0;0;0;0;536004,103899999990000;5287552,757799999800000;9,480253426999999;47,740342970000000
29716;29717;08;1;25;034;2016;05;15;3;2;5;3;0;1;1;1;0;0;0;0;498551,599300000000000;5444983,781200000100000;8,980134776000000;49,157671293000000
29720;29721;08;2;16;017;2016;05;20;2;2;3;6;1;0;1;1;0;0;0;0;451151,901200000020000;5400526,770100000300000;8,335392488000000;48,755835443000002
29721;29722;08;1;18;050;2016;05;14;1;2;0;7;0;0;1;0;0;0;0;0;503675,596100000020000;5420330,825699999900000;9,050188142000000;48,935895356000003
29722;29723;08;3;35;043;2016;05;14;4;3;0;1;0;1;1;0;0;0;0;0;513452,266899999990000;5279341,446999999700000;9,179187227000000;47,667325363000003
29724;29725;08;2;11;000;2016;05;16;4;2;5;3;0;0;1;1;0;0;0;0;446537,015599999980000;5398937,246299999800000;8,272815624000000;48,741158040000002
29726;29727;08;2;22;000;2016;05;20;3;2;5;3;0;0;1;1;0;0;0;0;462237,516500000030000;5481813,900299999900000;8,478601959000001;49,487788971000001
29739;29740;08;2;15;009;2016;05;11;7;3;5;3;0;0;1;0;0;1;0;0;471007,895599999990000;5441133,318799999500000;8,602647105999999;49,122352790999997
29743;29744;08;1;18;051;2016;05;08;3;2;6;4;0;0;0;1;1;0;0;0;509250,931900000030000;5414936,308699999900000;9,126193724000000;48,887309473999998
29752;29753;08;3;15;074;2016;05;15;2;3;2;6;0;0;1;0;0;0;0;0;398404,334800000010000;5295834,880900000200000;7,643064670000000;47,807846046999998
29765;29766;08;2;25;058;2016;05;15;5;2;6;4;0;1;0;1;1;0;0;0;510415,361199999980000;5466659,150000000400000;9,143413142000000;49,352558684999998
29771;29772;08;1;17;026;2016;05;17;4;2;5;7;0;0;1;0;0;0;1;0;548931,072999999970000;5393764,990000000200000;9,664933957000001;48,695003741000001
29777;29778;08;1;26;066;2016;05;12;3;3;5;3;0;1;1;1;0;0;0;0;536013,662000000010000;5450123,738500000000000;9,494388238999999;49,202850560000002
29791;29792;08;2;36;068;2016;05;17;3;3;6;4;0;0;0;1;1;0;0;0;486517,102399999970000;5413097,356900000000000;8,816138130000001;48,870689081999998
29792;29793;08;1;11;000;2016;05;15;7;3;0;1;0;0;1;0;0;0;0;0;519042,931700000020000;5402095,621899999700000;9,259170770000001;48,771573799000002
29802;29803;08;1;27;025;2016;05;10;7;2;5;3;0;0;1;1;0;0;0;0;556469,692500000000000;5427588,699699999800000;9,772031867999999;48,998612758000000
29804;29805;08;1;11;000;2016;05;08;6;3;6;2;0;0;0;1;1;0;0;0;517316,668400000020000;5405975,586699999900000;9,235840380999999;48,806527897999999
29807;29808;08;3;15;059;2016;05;11;4;3;6;4;0;0;0;1;1;0;0;0;399008,636100000000000;5322243,323599999800000;7,644942112000000;48,045479679000003
29823;29824;08;1;19;008;2016;05;16;1;2;5;3;0;0;1;1;0;0;0;0;532721,486700000010000;5420111,922399999600000;9,446768417000000;48,933071833000000
29827;29828;08;1;16;081;2016;05;14;4;3;3;2;0;0;1;1;0;0;0;0;518720,761600000030000;5385975,324500000100000;9,254055312000000;48,626565384999999
29834;29835;08;1;21;000;2016;05;11;2;3;6;2;0;1;0;1;1;0;0;0;514382,020000000020000;5446190,578300000200000;9,197295974999999;49,168360043000000
29836;29837;08;4;25;072;2016;05;12;5;3;5;3;0;1;1;1;0;0;0;0;582624,019699999950000;5371958,282300000100000;10,118383142000001;48,495310748000001
29847;29848;08;3;11;000;2016;05;17;7;1;3;1;0;0;1;0;0;0;0;1;411403,309599999980000;5319766,473799999800000;7,811721195000000;48,025040844999999
29854;29855;08;4;26;021;2016;05;11;7;3;2;1;0;0;1;1;0;0;0;0;558389,026100000020000;5327214,781899999800000;9,784193260000000;48,095523769000003
29856;29857;08;3;27;046;2016;05;18;3;3;6;4;0;0;0;1;1;0;0;0;480900,647000000000000;5324202,551000000000000;8,743609915000000;48,070812230999998
29862;29863;08;2;15;100;2016;05;13;5;3;2;2;0;0;1;1;0;0;0;0;474694,141500000030000;5451879,568500000100000;8,652492191000000;49,219180102999999
29863;29864;08;4;36;055;2016;05;09;4;3;0;7;0;0;1;0;0;0;0;0;576633,148900000030000;5297338,802699999900000;10,023860085000001;47,824832147999999
29864;29865;08;3;26;037;2016;05;05;4;3;0;1;0;0;1;0;0;0;0;0;457348,472899999990000;5328055,463000000500000;8,427072062000001;48,104334960999999
29865;29866;08;1;26;046;2016;05;06;4;3;0;7;0;0;1;0;0;0;0;0;550985,777800000040000;5458396,798200000100000;9,700961035000001;49,276200594000002
29890;29891;08;3;17;096;2016;05;09;7;3;5;3;0;0;1;1;0;0;0;0;422689,760100000010000;5371877,276300000000000;7,953545253000000;48,495258423000003
29892;29893;08;1;27;025;2016;05;12;3;3;6;7;0;0;0;0;1;0;0;1;556613,988900000000000;5427147,778400000200000;9,773942996000001;48,994633542999999
29898;29899;08;2;15;064;2016;05;18;3;3;0;1;0;0;1;0;0;0;0;0;477243,859200000010000;5451333,022099999700000;8,687536111000000;49,214363867000003
29902;29903;08;1;18;046;2016;05;20;7;3;0;1;0;0;1;0;0;0;0;0;513639,217999999990000;5412595,239900000400000;9,185976808000000;48,866168731999998
29909;29910;08;2;12;000;2016;05;12;1;3;5;2;0;0;1;1;0;0;0;0;457873,611299999990000;5427955,622200000100000;8,424014051000000;49,003058734000000
29912;29913;08;1;18;073;2016;05;17;3;3;5;3;0;0;1;0;0;0;0;1;501204,945899999990000;5416075,803899999700000;9,016440277999999;48,897628003000001
29915;29916;08;4;26;021;2016;05;13;5;2;5;3;0;1;1;1;0;0;0;0;559128,115699999970000;5326434,773500000100000;9,794010575000000;48,088438512000003
29916;29917;08;1;27;052;2016;05;16;5;1;5;3;0;0;1;1;0;0;0;0;539083,408999999990000;5435331,775999999600000;9,535093074000001;49,069608658000000
29944;29945;08;1;15;003;2016;05;20;5;3;5;3;1;0;1;1;0;0;0;0;500184,658000000000000;5392222,859699999900000;9,002508753000001;48,683049365999999
29945;29946;08;3;37;096;2016;05;09;4;2;3;2;0;0;1;0;0;0;0;1;421323,004100000020000;5267759,641599999700000;7,954171984000000;47,558486379999998
29951;29952;08;3;15;048;2016;05;13;3;3;9;1;0;0;1;1;0;0;0;0;395804,753299999980000;5305135,234299999700000;7,606114344000000;47,891084900999999
29962;29963;08;1;11;000;2016;05;13;6;3;6;7;0;0;0;1;1;0;0;0;518829,232299999970000;5400848,308000000200000;9,256205307000000;48,760359598999997
29966;29967;08;3;17;026;2016;05;08;4;2;0;2;0;0;1;1;0;0;0;0;411971,518300000000000;5345658,028400000200000;7,813987062000000;48,258015063000002
29967;29968;08;1;19;085;2016;05;11;4;2;6;7;0;0;0;1;1;0;0;0;528490,106000000030000;5414138,790699999800000;9,388579194000000;48,879549500000003
29968;29969;08;3;35;015;2016;05;16;1;3;4;6;0;0;1;0;0;0;0;0;474950,510699999980000;5281487,208700000300000;8,666214127000000;47,686286715000001
29971;29972;08;3;17;040;2016;05;17;7;3;3;5;0;0;1;1;0;0;0;0;432488,353799999980000;5347483,932799999600000;8,090078360000000;48,276958907000001
29977;29978;08;1;18;010;2016;05;17;7;3;7;6;0;0;1;1;0;0;0;0;507029,152200000010000;5432013,064299999700000;9,096181017999999;49,040955345999997
29978;29979;08;1;16;049;2016;05;12;1;3;0;1;0;0;1;0;0;0;0;0;524837,468899999980000;5385837,934100000200000;9,337054247999999;48,625116405000000
29980;29981;08;3;17;129;2016;05;09;6;3;5;3;0;0;1;1;0;0;0;0;430083,800700000020000;5350774,444799999700000;8,057129467999999;48,306297763000003
29994;29995;08;1;21;000;2016;05;16;2;3;0;3;0;0;1;1;0;0;0;0;513449,261000000000000;5443728,634399999900000;9,184418000000001;49,146235212999997
30007;30008;08;1;36;042;2016;05;20;3;3;3;6;0;0;1;0;0;0;0;1;546050,620099999940000;5403737,341500000100000;9,626908042000000;48,784929142999999
30021;30022;08;2;12;000;2016;05;14;5;2;1;7;0;0;1;1;0;0;0;0;455355,479200000000000;5428248,619900000300000;8,389553893000000;49,005517273999999
30026;30027;08;4;15;061;2016;05;11;7;2;5;3;0;0;1;1;0;0;0;0;515204,625300000010000;5371479,039900000200000;9,205809214000000;48,496248606000002
30027;30028;08;1;15;053;2016;05;10;3;3;5;2;0;0;1;1;0;0;0;0;482818,822200000000000;5378762,803000000300000;8,767136222000000;48,561724443000003
30028;30029;08;3;26;074;2016;05;18;7;2;0;1;0;0;1;0;0;0;0;0;465187,531800000000000;5322148,397900000200000;8,532849618000000;48,051667201000001
30036;30037;08;3;17;110;2016;05;13;3;2;0;7;0;0;1;0;0;0;0;0;429058,513500000000000;5380013,527300000200000;8,038353124000000;48,569196058999999
30047;30048;08;3;17;096;2016;05;21;7;3;8;7;2;0;1;0;0;0;0;0;422060,465399999990000;5369763,775700000100000;7,945423005000000;48,476169955000003
30055;30056;08;2;16;043;2016;05;19;2;3;0;1;0;1;1;0;0;0;0;0;442476,348899999980000;5412526,052299999600000;8,215685404000000;48,863028757999999
30070;30071;08;4;37;100;2016;05;00;5;2;3;6;2;1;1;1;0;0;0;0;540763,871999999970000;5317659,145499999600000;9,546581821000000;48,010926169999998
30080;30081;08;3;17;057;2016;05;12;6;3;5;3;0;0;1;1;0;0;0;0;412032,743699999990000;5381018,420199999600000;7,807394893000000;48,576075871000000
30090;30091;08;4;26;028;2016;05;13;7;3;5;3;0;0;1;1;0;0;0;0;569094,421600000000000;5342888,534699999700000;9,930500915000000;48,235449805999998
30097;30098;08;3;35;075;2016;05;16;5;3;6;4;0;0;0;0;1;0;0;1;492142,639700000000000;5284999,328499999800000;8,895236105000000;47,718325217000000
30106;30107;08;3;15;048;2016;05;13;3;3;5;3;0;0;1;1;0;0;0;0;394716,642200000000000;5307034,351800000300000;7,591099046000000;47,907989147999999
30112;30113;08;1;19;090;2016;05;17;1;3;5;3;0;0;1;1;0;0;0;0;530632,290599999950000;5407183,622200000100000;9,417275671000001;48,816881324000001
30115;30116;08;2;11;000;2016;05;18;5;3;6;2;0;0;0;1;1;0;0;0;443257,900700000000000;5402275,301900000300000;8,227758269000001;48,770894388000002
30118;30119;08;2;36;033;2016;05;14;6;2;7;7;0;0;1;0;0;0;0;0;485665,728999999990000;5430571,768000000200000;8,803913290000001;49,027863558000000
30121;30122;08;1;36;065;2016;05;14;1;3;5;3;0;0;1;1;0;0;0;0;562222,796300000050000;5404508,808799999800000;9,847162172999999;48,790460836000001
30122;30123;08;1;15;048;2016;05;14;6;2;0;7;0;0;1;0;0;0;0;0;510245,743699999990000;5388114,235299999800000;9,139096107000000;48,646003638000003
30125;30126;08;2;22;000;2016;05;15;5;3;6;4;0;0;0;1;1;0;0;0;465489,263299999990000;5476226,050300000200000;8,523985238000000;49,437722247000004