FID;OBJECTID;ULAND;UREGBEZ;UKREIS;UGEMEINDE;UJAHR;UMONAT;USTUNDE;UWOCHENTAG;UKATEGORIE;UART;UTYP1;ULICHTVERH;IstStrasse;IstRad;IstPKW;IstFuss;IstKrad;IstGkfz;IstSonstig;LINREFX;LINREFY;XGCSWGS84;YGCSWGS84
30129;30130;08;3;36;069;2016;05;01;1;2;0;1;2;0;1;0;0;0;0;0;409655,719199999990000;5271143,559700000100000;7,798419137000000;47,587408875000001
30138;30139;08;1;18;079;2016;05;13;7;2;4;6;0;0;1;0;0;0;0;0;509922,295400000000000;5423051,460000000000000;9,135549319000001;48,960300642999997
30142;30143;08;2;22;000;2016;05;10;6;3;5;2;0;0;1;1;0;0;0;0;462909,616900000020000;5479118,070600000200000;8,488134222999999;49,463582750000000
30144;30145;08;3;37;060;2016;05;13;2;3;6;4;0;0;0;1;1;0;0;0;467649,861700000010000;5277590,104799999900000;8,569223706000001;47,650898484999999
30157;30158;08;4;35;036;2016;05;14;3;3;4;6;0;0;1;0;0;0;0;0;519825,768600000010000;5282522,871000000300000;9,264227426000000;47,695786533000003
30158;30159;08;2;11;000;2016;05;18;6;3;3;6;0;0;1;0;0;0;0;0;441727,215299999980000;5403595,953499999800000;8,206741029000000;48,782632327000002
30166;30167;08;2;26;012;2016;05;16;4;2;0;7;0;0;1;0;0;0;0;0;475939,523999999980000;5477533,354500000400000;8,668045685999999;49,449984608000001
30167;30168;08;4;35;034;2016;05;15;1;3;8;1;0;0;1;0;0;0;0;0;531994,810799999980000;5284901,266099999700000;9,426580837000000;47,716697858000003
30170;30171;08;3;17;040;2016;05;17;3;3;5;3;0;0;1;0;0;0;0;0;431782,989999999990000;5347916,321999999700000;8,080502932000000;48,280772892000002
30172;30173;08;1;26;066;2016;05;06;5;3;0;7;0;1;1;0;0;0;0;0;536894,679200000010000;5450028,157700000300000;9,506473394000000;49,201938415999997
30176;30177;08;3;37;065;2016;05;16;3;2;6;6;0;0;1;0;1;0;0;0;448978,880000000000000;5275055,755099999700000;8,320910118000001;47,626893807999998
30188;30189;08;3;35;098;2016;05;19;7;3;0;7;0;0;1;0;0;0;0;0;502150,708099999990000;5298320,376000000200000;9,028741863000001;47,838226048000003
30190;30191;08;2;22;000;2016;05;17;3;2;5;3;0;0;1;0;0;0;1;0;461029,319000000020000;5482589,035000000100000;8,461844344999999;49,494684493000001
30192;30193;08;3;17;067;2016;05;19;1;2;6;4;0;0;0;1;1;0;0;0;433687,913799999980000;5374791,490500000300000;8,101930158000000;48,522729650999999
30194;30195;08;1;18;073;2016;05;14;7;3;0;7;0;0;1;0;0;0;0;0;499488,914700000020000;5425589,639499999600000;8,993014820999999;48,983212668999997
30195;30196;08;2;16;008;2016;05;11;1;2;0;1;0;0;1;0;0;0;0;0;440660,045300000000000;5394927,969800000100000;8,193463924000000;48,704561837999996
30196;30197;08;1;36;050;2016;05;11;7;3;5;3;0;0;1;1;0;0;0;0;581035,842500000030000;5403621,673700000200000;10,103082677000000;48,780314742999998
30199;30200;08;4;36;049;2016;05;09;5;3;5;3;0;0;1;1;0;0;0;0;581230,571899999980000;5281397,334900000100000;10,082295093999999;47,680859058999999
30200;30201;08;4;35;036;2016;05;10;6;3;4;6;0;0;1;0;0;0;0;1;519086,685200000010000;5283101,700899999600000;9,254402747000000;47,701016856000003
30201;30202;08;2;21;000;2016;05;21;5;3;5;3;0;0;1;1;0;0;0;0;476387,572800000020000;5471815,234400000400000;8,674567503000001;49,398568797999999
30202;30203;08;4;36;055;2016;05;16;3;3;5;2;0;0;1;0;0;0;1;0;576828,611299999990000;5297268,275700000100000;10,026458626000000;47,824174366999998
30203;30204;08;1;26;011;2016;05;18;3;3;5;3;0;0;1;1;0;0;0;0;531769,282699999980000;5445876,943900000300000;9,435788568000000;49,164885052000002
30205;30206;08;2;12;000;2016;05;17;4;3;5;2;0;0;1;1;0;0;0;0;452815,065000000000000;5429655,640999999800000;8,354656261000001;49,017984472999999
30206;30207;08;3;36;091;2016;05;14;2;3;5;3;0;0;1;1;0;0;0;0;395691,987000000020000;5272613,967000000200000;7,612403914000000;47,598539985999999
30209;30210;08;3;17;096;2016;05;17;7;2;5;3;0;0;1;1;0;0;0;0;422277,466799999990000;5369865,092600000100000;7,948339834000000;48,477108156000000
30210;30211;08;1;19;084;2016;05;08;7;1;8;1;0;1;1;0;0;0;0;0;546682,474000000050000;5411096,151499999700000;9,636346570000001;48,851077089000000
30211;30212;08;3;36;050;2016;05;17;3;3;6;4;0;0;1;0;1;0;0;0;399605,480099999990000;5274754,223600000100000;7,663959449000000;47,618410220999998
30220;30221;08;1;27;079;2016;05;20;5;2;8;1;0;0;1;0;0;0;0;0;562195,504900000060000;5423232,064000000200000;9,849638013000000;48,958875990000003
30222;30223;08;1;18;073;2016;05;15;3;3;5;3;0;0;1;1;0;0;0;0;497503,106199999980000;5422252,984799999700000;8,965894572000000;48,953192405999999
30229;30230;08;1;36;065;2016;05;10;4;3;3;6;0;0;1;0;0;0;1;0;561382,484700000030000;5403828,604700000000000;9,835621025000000;48,784425921000000
30237;30238;08;4;26;087;2016;05;15;5;3;0;1;0;0;1;0;0;0;0;0;570945,594599999950000;5324314,961299999600000;9,952330455000000;48,068163071000001
30246;30247;08;1;21;000;2016;05;22;4;3;6;7;2;0;1;0;1;0;0;0;514174,869599999980000;5441040,579500000000000;9,194273065999999;49,122038885999999
30247;30248;08;2;25;033;2016;05;21;6;2;6;7;2;0;0;1;1;0;0;0;510183,749200000020000;5459037,542700000100000;9,140029496000000;49,284005544999999
30252;30253;08;2;22;000;2016;05;09;2;3;5;3;0;1;1;1;0;0;0;0;462613,331599999980000;5479668,755900000200000;8,483993495000000;49,468517734999999
30260;30261;08;1;18;071;2016;05;21;5;3;0;1;0;0;1;0;0;0;0;0;508906,762700000020000;5419821,901600000400000;9,121605463000000;48,931264032000001
30262;30263;08;1;11;000;2016;05;16;2;2;6;4;0;0;0;1;1;0;0;0;518132,707300000010000;5403864,524400000500000;9,246860928000000;48,787513822000001
30266;30267;08;1;18;027;2016;05;12;7;2;5;3;0;1;1;1;0;0;0;0;503475,989100000010000;5412198,374400000100000;9,047393409000000;48,862738837999999
30270;30271;08;3;35;043;2016;05;19;5;3;5;2;0;0;1;1;0;0;0;0;513547,932099999980000;5279440,901300000000000;9,180464587000000;47,668218222000000
30271;30272;08;2;36;070;2016;05;09;5;3;1;5;0;0;1;0;0;0;1;0;468460,236800000010000;5415428,663599999600000;8,569727882000001;48,891004944000002
30278;30279;08;1;16;056;2016;05;15;6;3;5;2;0;0;1;1;0;0;0;0;530501,203699999950000;5395584,852400000200000;9,414630213000001;48,712548150000003
30295;30296;08;4;36;081;2016;05;11;5;3;0;7;0;0;1;0;0;0;0;0;556845,733099999950000;5276135,571200000100000;9,756748970000000;47,636123818000002
30308;30309;08;1;18;048;2016;05;08;1;3;0;7;0;1;1;0;0;0;0;0;514307,345399999990000;5416626,226900000100000;9,195228065000000;48,902415412000003
30310;30311;08;3;35;043;2016;05;15;1;3;5;3;0;0;1;1;0;0;0;0;513843,538799999980000;5279558,581899999600000;9,184405911000001;47,669270812000001
30320;30321;08;1;17;038;2016;05;12;5;2;1;1;0;0;1;0;0;1;0;0;542177,456499999970000;5403065,815800000000000;9,574114893999999;48,779163146999998
30321;30322;08;4;16;048;2016;05;17;3;2;4;3;0;0;1;1;0;0;0;0;496953,626400000010000;5375433,785100000000000;8,958735392000000;48,532003584999998
30328;30329;08;2;12;000;2016;05;12;7;3;5;3;0;0;1;1;0;0;0;0;456267,234699999970000;5428245,663400000000000;8,402020367000000;49,005555960999999
30334;30335;08;2;25;091;2016;05;07;3;3;6;4;0;0;0;1;1;0;0;0;524356,424899999980000;5476733,155700000000000;9,335988158999999;49,442775218000001
30346;30347;08;1;16;049;2016;05;16;3;3;3;3;0;0;1;1;0;0;0;0;523830,045600000010000;5385702,904600000000000;9,323375587999999;48,623940867000002
30347;30348;08;1;28;131;2016;05;16;6;3;5;3;0;0;1;1;0;0;0;0;536171,324000000020000;5514493,918999999800000;9,502444175000001;49,781819112999997
30355;30356;08;2;12;000;2016;05;10;3;3;0;2;0;0;1;1;0;0;0;0;457901,695799999990000;5427947,472699999800000;8,424398868999999;49,002987343999997
30357;30358;08;4;15;061;2016;05;07;2;3;5;3;0;1;1;1;0;0;0;0;515741,667000000020000;5372439,007000000200000;9,213114737000000;48,504871567999999
30368;30369;08;1;16;015;2016;05;12;6;2;6;2;0;0;0;1;1;0;0;0;522821,304999999990000;5394348,166000000200000;9,310163952000000;48,701751375000001
30376;30377;08;3;25;053;2016;05;18;2;3;0;7;0;0;1;0;0;0;0;0;454647,096599999990000;5341947,589999999900000;8,389305225999999;48,229127667999997
30379;30380;08;3;35;022;2016;05;11;7;3;8;7;0;0;1;0;0;0;0;0;482770,203199999990000;5301959,075799999800000;8,769598560000000;47,870737378999998
30380;30381;08;4;36;055;2016;05;16;3;3;5;3;0;0;1;1;0;0;0;0;576320,440999999990000;5298223,393500000200000;10,019838727000000;47,832827135999999
30388;30389;08;3;37;126;2016;05;19;6;3;0;7;0;0;1;0;0;0;0;0;444610,711699999990000;5274759,725499999700000;8,262812121000000;47,623871547999997
30394;30395;08;2;22;000;2016;05;15;5;3;5;3;0;0;1;1;0;0;0;0;468124,494899999990000;5479099,822300000100000;8,560101194000000;49,463714703000001
30398;30399;08;2;25;074;2016;05;17;4;3;2;6;0;0;1;1;0;0;0;0;506715,206599999980000;5466674,275799999900000;9,092464624000000;49,352746723000003
30416;30417;08;1;36;089;2016;05;14;6;3;2;6;0;0;1;1;0;0;0;0;584071,027699999980000;5418072,516699999600000;10,147355659000000;48,909883686000001
30422;30423;08;3;36;091;2016;05;14;4;3;3;5;0;0;1;1;0;0;0;0;394476,391400000020000;5271763,312900000300000;7,596442642000000;47,590691522999997
30424;30425;08;2;26;098;2016;05;11;6;2;6;7;0;0;0;0;1;0;1;0;478903,527100000010000;5460622,005199999500000;8,709835259000000;49,297978596000000
30426;30427;08;1;17;024;2016;05;21;3;3;0;1;2;0;1;0;0;0;0;0;560752,649300000050000;5385883,715900000200000;9,824407054000000;48,623070871000003
30427;30428;08;3;11;000;2016;05;22;7;3;0;1;2;0;1;0;0;0;0;0;404437,242600000000000;5317437,108199999700000;7,718833274000000;48,003084162999997
30439;30440;08;1;27;014;2016;05;12;6;3;5;3;0;0;1;0;0;1;0;0;578405,391999999990000;5442780,359000000200000;10,074824067000000;49,132849395999997
30446;30447;08;1;11;000;2016;06;17;4;3;8;7;0;0;1;0;0;0;0;0;515802,173200000020000;5405206,547199999900000;9,215184623000001;48,799650079000003
30448;30449;08;4;35;016;2016;05;10;7;3;6;4;0;0;1;0;1;0;0;0;536353,545300000000000;5277807,762900000400000;9,484102134000001;47,652644307000003
30452;30453;08;2;21;000;2016;05;08;3;3;3;2;0;0;1;0;0;0;0;1;476597,653400000010000;5472423,688099999900000;8,677426991000001;49,404049858000000
30453;30454;08;1;19;020;2016;05;15;5;2;5;2;0;0;1;1;0;0;0;0;519790,096000000020000;5406483,007000000200000;9,269550759000000;48,811018717000003
30463;30464;08;3;35;066;2016;05;14;5;3;4;6;0;0;1;0;0;0;0;0;509032,291900000010000;5281633,551400000200000;9,120359751000001;47,688025813000003
30469;30470;08;2;26;082;2016;05;09;4;3;5;3;0;0;1;1;0;0;0;0;475502,679999999990000;5480411,161000000300000;8,661840716000000;49,475852260000003
30474;30475;08;4;35;036;2016;05;18;3;3;8;1;0;0;1;0;0;0;0;0;519946,019299999990000;5282494,116899999800000;9,265828731999999;47,695524114000001
30481;30482;08;2;35;085;2016;05;13;6;3;0;1;0;0;1;0;0;0;0;0;480430,470600000000000;5396204,352900000300000;8,733942314000000;48,718560081000000
30496;30497;08;3;15;132;2016;05;11;7;3;5;3;0;0;1;1;0;0;0;0;407670,897600000030000;5324865,758000000400000;7,760572930000000;48,070380311000001
30499;30500;08;1;18;070;2016;05;18;1;3;5;3;0;1;1;1;0;0;0;0;520175,495999999980000;5423876,508000000400000;9,275658799000000;48,967472801000000
30504;30505;08;3;35;075;2016;05;15;3;2;0;1;0;0;1;1;0;0;0;0;490200,459800000010000;5292035,051000000000000;8,869182117999999;47,781602974000002
30516;30517;08;2;21;000;2016;05;08;6;2;1;7;0;1;1;0;0;0;0;1;482227,923699999980000;5474390,943400000200000;8,754944510000000;49,421935554999997
30521;30522;08;1;11;000;2016;05;17;1;3;5;2;0;1;1;1;0;0;0;0;516116,811600000020000;5405651,552299999600000;9,219486615999999;48,803645205999999
30537;30538;08;1;35;031;2016;05;20;6;2;0;1;1;0;1;0;0;0;0;0;594936,252800000020000;5378921,933199999900000;10,286584030000000;48,556202820999999
30543;30544;08;1;18;028;2016;05;18;6;3;3;6;0;0;1;0;0;1;0;0;513482,824700000000000;5426691,208399999900000;9,184310456000000;48,992974980000000
30545;30546;08;1;11;000;2016;06;17;4;3;3;6;0;0;1;1;0;0;0;0;512064,327500000010000;5406876,948699999600000;9,164334202999999;48,814760595000003
30553;30554;08;1;18;079;2016;05;18;7;2;6;3;0;0;0;1;1;0;0;0;509859,383399999990000;5422499,703200000300000;9,134676512000000;48,955338234000003
30560;30561;08;1;11;000;2016;06;11;4;2;0;1;0;0;1;0;0;0;0;0;512711,807600000000000;5399708,333999999800000;9,172932117000000;48,750259425000003
30577;30578;08;4;16;041;2016;05;12;6;3;2;6;0;0;1;1;0;0;0;0;504399,302099999970000;5372238,932199999700000;9,059556971999999;48,503253483000002
30578;30579;08;2;12;000;2016;05;18;5;3;0;7;0;0;1;0;0;0;0;0;452634,705499999980000;5429743,918600000400000;8,352179360999999;49,018764709000003
30591;30592;08;4;36;083;2016;05;13;3;2;0;1;0;0;1;0;0;0;0;0;531722,946099999940000;5300760,191599999600000;9,424115461000000;47,859398386000002
30594;30595;08;3;27;019;2016;05;09;4;3;5;3;0;0;1;1;0;0;0;0;482899,937400000000000;5331980,802400000400000;8,770136370000000;48,140849506000002
30601;30602;08;3;17;096;2016;05;16;3;3;4;3;0;0;1;1;0;0;0;0;421014,321000000000000;5368442,389499999600000;7,931520065000000;48,464153688000003
30604;30605;08;1;11;000;2016;05;12;7;2;0;1;0;0;1;0;0;0;0;0;512855,569699999990000;5407461,356900000000000;9,175130368000000;48,820001980999997
30607;30608;08;3;36;087;2016;05;10;6;2;8;7;0;0;1;0;0;0;0;0;420749,751200000000000;5297335,585699999700000;7,941180711000000;47,824486061999998
30616;30617;08;4;35;067;2016;05;23;7;3;0;1;2;0;1;0;0;0;0;0;529849,721600000050000;5291804,096599999800000;9,398455250000000;47,778907902999997
30624;30625;08;1;16;072;2016;05;12;2;3;0;7;0;0;1;0;0;0;0;0;530697,123400000040000;5393221,275200000000000;9,417117719000000;48,691276160000001
30627;30628;08;3;17;096;2016;05;11;3;3;0;7;0;0;1;0;0;0;0;0;421451,342899999990000;5368813,052899999500000;7,937361215000000;48,467542498000000
30647;30648;08;2;21;000;2016;05;17;3;3;3;6;0;0;1;0;0;0;0;0;476560,069399999980000;5472770,387000000100000;8,676888485999999;49,407166912000001
30649;30650;08;4;36;005;2016;05;16;2;3;6;4;0;0;0;1;1;0;0;0;540439,241200000050000;5308267,698400000100000;9,541345491000000;47,926453508999998
30653;30654;08;1;19;008;2016;05;11;6;3;5;3;0;0;1;1;0;0;0;0;531377,073399999990000;5417782,653500000000000;9,428233606999999;48,912188565000001
30654;30655;08;2;15;009;2016;05;12;1;2;5;3;0;0;1;1;0;0;0;0;467136,447600000010000;5437186,248100000400000;8,549909603000000;49,086653396000003
30659;30660;08;4;35;016;2016;05;18;3;2;3;2;0;0;1;1;0;0;0;0;536208,395600000050000;5277905,058299999700000;9,482177376999999;47,653527853999996
30666;30667;08;1;11;000;2016;05;10;3;2;6;4;0;1;0;1;1;0;0;0;513945,909199999990000;5403843,445100000100000;9,189861000000001;48,787432178000003
30681;30682;08;1;28;115;2016;06;20;6;3;6;4;0;0;0;1;1;0;0;0;548082,255000000000000;5496964,425900000100000;9,665726936000000;49,623325002000001
30683;30684;08;4;36;096;2016;06;18;3;2;4;2;0;0;1;1;0;0;0;0;538940,785700000010000;5300837,347900000400000;9,520616563000001;47,859695571000003
30691;30692;08;2;26;013;2016;06;17;2;2;8;1;0;0;1;0;0;0;0;0;503593,851299999980000;5481758,625400000300000;9,049621962000000;49,488456153999998
30708;30709;08;1;25;024;2016;06;17;5;3;5;3;0;0;1;1;0;0;0;0;523243,265499999980000;5444062,599899999800000;9,318732200000000;49,148946733000002
30713;30714;08;3;16;055;2016;06;19;4;3;5;3;0;0;1;0;0;0;0;1;427609,533500000020000;5333000,708499999700000;8,026803230000001;48,146135258999998
30717;30718;08;1;26;066;2016;06;10;4;2;5;3;0;0;1;1;0;0;0;0;537109,771199999960000;5449935,382000000200000;9,509417385000001;49,201090917999998
30718;30719;08;1;16;049;2016;06;11;6;3;6;7;0;0;0;1;1;0;0;0;525210,314800000050000;5386188,359100000000000;9,342135130000001;48,628253925000003
30719;30720;08;3;17;089;2016;06;13;3;3;8;1;0;0;1;0;0;0;0;0;432621,333600000010000;5375337,824400000300000;8,087398975999999;48,527530460000001
30727;30728;08;3;36;014;2016;06;15;2;3;5;3;0;0;1;0;0;0;0;1;392554,382900000030000;5279278,102400000200000;7,569042437000000;47,657971240999998
30729;30730;08;2;15;107;2016;06;16;1;3;0;7;0;0;1;0;0;0;0;0;461664,219999999970000;5458091,034099999800000;8,472973559000000;49,274374447000000
30733;30734;08;4;15;061;2016;06;10;4;2;6;4;0;0;0;1;1;0;0;0;514845,229700000030000;5373776,931099999700000;9,201026223000000;48,516929801000003
30757;30758;08;2;15;017;2016;06;18;3;2;7;7;0;0;1;0;0;0;0;0;454822,019099999980000;5419090,721699999600000;8,383276739999999;48,923101787999997
30759;30760;08;2;26;096;2016;06;16;6;3;0;4;0;0;0;1;1;0;0;0;476109,873000000020000;5489615,635499999900000;8,669665047000001;49,558667555000000
30766;30767;08;4;35;016;2016;06;10;2;3;5;3;0;0;1;1;0;0;0;0;534501,524500000060000;5279443,808799999800000;9,459569697999999;47,667465929000002
30774;30775;08;1;18;048;2016;06;06;3;3;6;4;0;0;0;1;1;0;0;0;519369,685500000020000;5417608,464700000400000;9,264351165000001;48,911113673999999
30778;30779;08;2;21;000;2016;06;13;4;3;5;2;0;0;1;1;0;0;0;0;477029,316100000000000;5474903,508299999900000;8,683233327000000;49,426371862000003
30782;30783;08;1;19;067;2016;06;13;7;3;6;4;0;1;0;1;1;0;0;0;539070,252600000010000;5407084,230600000400000;9,532204220000001;48,815513893999999
30784;30785;08;4;15;091;2016;06;08;4;3;6;2;0;0;0;0;1;0;0;1;513282,016999999990000;5359618,994800000500000;9,179408849000000;48,389593933999997
30787;30788;08;2;22;000;2016;06;19;2;3;3;5;0;0;1;1;0;0;0;0;462030,190799999980000;5481653,575100000000000;8,475754874000000;49,486333991999999
30788;30789;08;2;16;009;2016;06;16;4;2;5;3;0;0;1;1;0;0;0;0;446352,799000000000000;5420201,813199999700000;8,267526600000000;48,932419940999999
30791;30792;08;1;18;079;2016;06;19;2;3;5;3;0;0;1;1;0;0;0;0;510005,318600000000000;5421876,648799999600000;9,136654632999999;48,949731100999998
30795;30796;08;3;36;091;2016;06;07;4;3;4;6;0;0;1;0;0;0;0;0;395317,571899999980000;5271600,724800000000000;7,607666464000000;47,589365352999998
30796;30797;08;1;17;015;2016;06;04;7;3;6;6;1;1;0;0;1;0;0;1;558180,868600000050000;5392791,366399999700000;9,790482641000001;48,685451782000001
30798;30799;08;3;36;084;2016;06;13;7;3;0;1;0;0;1;0;0;0;0;0;405377,698900000020000;5277382,781999999700000;7,740187638000000;47,642924475999997
30799;30800;08;1;19;079;2016;06;13;6;3;4;6;0;0;1;0;0;0;0;0;523147,155000000030000;5407194,746000000300000;9,315315018000000;48,817305372000000
30814;30815;08;3;15;050;2016;06;13;3;2;5;1;0;0;1;0;0;1;0;0;401203,773400000010000;5302170,645999999700000;7,678998186000000;47,865272423999997
30817;30818;08;4;15;061;2016;06;10;7;2;0;1;0;0;1;0;0;0;0;0;515662,629399999980000;5372219,359299999700000;9,212036470999999;48,502897519999998
30820;30821;08;3;17;065;2016;06;14;7;2;0;1;0;0;1;0;0;0;0;0;416337,265200000020000;5354377,277200000400000;7,871066832000000;48,337036042999998
30822;30823;08;1;18;040;2016;06;15;4;3;5;3;0;0;1;1;0;0;0;0;510540,456499999970000;5431952,566399999900000;9,144225052000000;49,040361093000001
30827;30828;08;4;15;092;2016;06;13;2;2;6;7;0;0;0;0;1;0;0;1;518637,531000000020000;5363658,589200000300000;9,251928075000000;48,425800436999999
30841;30842;08;1;27;014;2016;06;13;1;3;5;3;0;0;1;1;0;0;0;0;575435,228600000030000;5443596,217799999800000;10,034267208999999;49,140559005999997
30845;30846;08;3;26;012;2016;06;17;2;3;3;6;0;0;1;0;0;0;0;1;454361,345800000010000;5314368,496399999600000;8,388408355999999;47,980991678000002
30846;30847;08;3;17;089;2016;06;20;1;2;0;7;0;0;1;0;0;0;0;0;431030,756400000010000;5377308,815100000200000;8,065532314000000;48,545087029000001
30848;30849;08;3;17;096;2016;06;14;6;3;3;6;0;0;1;0;0;0;0;0;420536,562500000000000;5368177,847699999800000;7,925108610000000;48,461713992000000
30849;30850;08;2;26;037;2016;06;10;6;3;5;1;0;0;1;1;0;0;0;0;466183,993900000000000;5468789,454800000400000;8,534200676999999;49,370871452999999
30852;30853;08;1;15;021;2016;06;09;4;3;4;2;0;0;1;1;0;0;0;0;490211,751800000030000;5382541,247499999600000;8,867246366000000;48,595875331000002
30854;30855;08;3;26;074;2016;06;07;5;3;6;4;0;1;0;0;1;0;0;1;460466,488699999990000;5323161,846099999700000;8,469406662000001;48,060509869999997
30869;30870;08;1;11;000;2016;06;19;1;2;6;4;0;0;0;0;1;0;0;1;515957,041700000000000;5406788,129099999600000;9,217354994000001;48,813873804000004
30877;30878;08;3;15;074;2016;06;15;5;3;5;2;0;0;1;1;0;0;0;0;400611,074199999970000;5298014,854799999900000;7,672030107000000;47,827799609000003
30879;30880;08;2;12;000;2016;06;19;3;3;5;3;0;0;1;1;0;0;0;0;457092,755899999990000;5428238,072700000400000;8,413308301000001;49,005545626000000
30880;30881;08;4;25;108;2016;06;18;2;3;5;3;0;0;1;1;0;0;0;0;556805,541600000000000;5361117,664599999800000;9,767478339000000;48,400657033999998
30885;30886;08;1;36;088;2016;06;07;4;3;2;1;0;0;1;1;0;0;0;0;579985,882199999990000;5411066,159000000000000;10,090244105000000;48,847408416000000
30894;30895;08;2;16;052;2016;06;14;4;3;6;4;0;0;0;1;1;0;0;0;441089,788600000030000;5416075,270800000100000;8,196270706000000;48,894823557999999
30901;30902;08;4;36;055;2016;06;16;3;3;3;2;0;0;1;1;0;0;0;0;576826,266799999980000;5297268,344399999800000;10,026427320000000;47,824175265000001
30909;30910;08;2;15;009;2016;06;15;2;3;3;6;0;0;1;1;0;0;0;0;470589,669799999970000;5441658,821800000000000;8,596876921000000;49,127059924999998
30914;30915;08;1;16;080;2016;06;21;3;2;5;3;2;1;1;1;0;0;0;0;518937,898999999980000;5395376,571999999700000;9,257432445999999;48,711132894000002
30926;30927;08;3;11;000;2016;06;17;4;3;0;1;0;1;1;0;0;0;0;0;414007,875100000000000;5315135,108000000000000;7,847575257000000;47,983736036000003
30929;30930;08;2;12;000;2016;06;17;6;3;5;3;0;0;1;1;0;0;0;0;456410,158999999990000;5426752,398000000000000;8,404134783000000;48,992133954000003
30930;30931;08;4;17;079;2016;06;16;4;3;6;4;0;0;0;1;1;0;0;0;499893,208300000000000;5347926,734699999900000;8,998560456000000;48,284542547999997
30933;30934;08;3;11;000;2016;06;15;3;3;1;7;0;0;1;0;0;0;0;0;413859,178200000020000;5315920,603900000500000;7,845425314000000;47,990781861000002
30937;30938;08;3;35;002;2016;06;12;6;3;0;7;0;0;1;0;0;0;0;0;504990,074299999980000;5284690,441399999900000;9,066530243000001;47,715574498000002
30940;30941;08;1;18;048;2016;06;02;1;3;2;6;2;0;1;1;0;0;0;0;515349,728100000010000;5414560,267199999700000;9,209373976000000;48,883805654000000
30941;30942;08;1;15;001;2016;06;18;1;2;0;1;0;1;1;0;0;0;0;0;489193,835399999980000;5391576,813799999700000;8,853205223000000;48,677143964000003
30962;30963;08;4;36;055;2016;06;11;4;2;5;3;0;0;1;0;0;0;0;1;581101,510800000050000;5300117,742399999900000;10,084069741000000;47,849283110000002
30972;30973;08;4;36;009;2016;06;15;3;3;0;7;0;0;1;0;0;0;0;0;555674,316600000020000;5308098,565600000300000;9,745254663000001;47,923789509999999
30976;30977;08;3;26;074;2016;06;07;4;3;5;3;0;0;1;0;0;0;1;0;460175,965299999980000;5323927,177000000100000;8,465436329999999;48,067377247000003
30992;30993;08;2;22;000;2016;06;13;4;3;5;2;0;0;1;0;0;0;1;0;463088,152200000010000;5478805,200500000300000;8,490627169000000;49,460779506000002
31007;31008;08;2;22;000;2016;06;19;7;3;5;2;0;0;1;1;0;0;0;0;462044,004200000020000;5481786,655199999900000;8,475932809000000;49,487531842999999
31010;31011;08;1;27;076;2016;06;10;3;2;5;3;0;0;1;1;0;0;0;0;552213,310199999950000;5439081,965800000400000;9,715326833000001;49,102367489999999
31012;31013;08;3;17;065;2016;06;16;7;3;9;7;0;0;1;0;0;0;0;0;415570,178699999990000;5352742,813900000400000;7,861045463000000;48,322232184000001
31015;31016;08;3;36;079;2016;06;18;3;3;6;4;0;0;0;0;1;0;0;1;417196,054599999970000;5293155,369500000000000;7,894508951000000;47,786433922999997
31037;31038;08;2;15;084;2016;06;16;1;3;0;7;0;0;1;0;0;0;0;0;474107,654299999990000;5448601,969100000300000;8,644649855999999;49,189673184000000
31041;31042;08;2;12;000;2016;06;15;4;3;5;3;0;0;1;1;0;0;0;0;456204,978699999980000;5426687,895800000100000;8,401337117000001;48,991539228999997
31061;31062;08;4;36;008;2016;06;13;3;3;5;3;0;0;1;1;0;0;0;0;547752,762499999950000;5311461,127899999700000;9,639597427000000;47,954680693999997
31063;31064;08;1;21;000;2016;06;22;5;1;6;4;2;0;0;1;1;0;0;0;514435,386799999980000;5442071,962200000000000;9,197880466999999;49,131310487000000
31068;31069;08;3;17;059;2016;06;19;6;3;5;3;0;0;1;1;0;0;0;0;412727,088999999980000;5349507,370000000100000;7,823369831000000;48,292743870000002
31075;31076;08;3;17;031;2016;06;10;5;2;6;4;0;0;0;1;1;0;0;0;417730,030700000000000;5358472,531499999600000;7,889056264000000;48,374055490000003
31083;31084;08;1;19;020;2016;06;22;4;2;5;3;2;1;1;1;0;0;0;0;520692,414500000010000;5406995,331500000300000;9,281866459000000;48,815598092999998
31088;31089;08;3;35;099;2016;06;13;7;3;5;3;0;0;1;0;0;0;0;0;495846,139399999990000;5297047,490000000200000;8,944500416000000;47,826763501999999
31112;31113;08;3;35;066;2016;06;11;1;3;0;1;0;0;1;0;0;0;0;0;509368,752099999980000;5281778,256099999900000;9,124846345000000;47,689323025999997
31121;31122;08;2;12;000;2016;06;12;3;3;1;5;0;0;1;1;0;0;0;0;455214,093899999980000;5428895,460000000000000;8,387549419999999;49,011325415000002
31122;31123;08;4;36;008;2016;06;12;2;3;2;6;0;0;1;0;0;0;0;0;545521,707599999970000;5308687,938199999700000;9,609423286000000;47,929893464999999
31125;31126;08;2;12;000;2016;06;12;6;2;5;3;0;0;1;1;0;0;0;0;452479,946799999980000;5428273,196999999700000;8,350235041000000;49,005523640000000
31126;31127;08;3;35;075;2016;06;08;4;3;0;7;0;1;1;0;0;0;0;0;491948,246400000000000;5285584,174200000200000;8,892633410000000;47,723585034999999
31129;31130;08;3;36;019;2016;06;19;3;3;5;3;0;0;1;1;0;0;0;0;394551,647999999990000;5275901,410000000100000;7,596447611000000;47,627926367000001