FID;OBJECTID;ULAND;UREGBEZ;UKREIS;UGEMEINDE;UJAHR;UMONAT;USTUNDE;UWOCHENTAG;UKATEGORIE;UART;UTYP1;ULICHTVERH;IstStrasse;IstRad;IstPKW;IstFuss;IstKrad;IstGkfz;IstSonstig;LINREFX;LINREFY;XGCSWGS84;YGCSWGS84
31144;31145;08;2;16;015;2016;06;15;5;2;8;1;0;0;1;0;0;0;0;0;452507,288000000000000;5408410,460000000000000;8,352920767000001;48,826857019000002
31147;31148;08;3;16;042;2016;06;21;4;2;3;2;1;0;1;0;0;0;0;0;428781,542000000020000;5328532,056300000300000;8,043303970000000;48,106068780999998
31149;31150;08;4;15;061;2016;06;15;4;3;6;6;0;0;0;0;1;0;0;1;515554,867600000000000;5371363,768699999900000;9,210545753000000;48,495203013000001
31156;31157;08;3;26;060;2016;06;17;2;3;4;2;0;1;1;1;0;0;0;0;442286,692300000000000;5331291,523600000000000;8,224329287000000;48,132260451999997
31157;31158;08;4;15;061;2016;06;17;2;3;5;2;0;1;1;1;0;0;0;0;516998,974999999980000;5378918,815000000400000;9,230400702000001;48,563132930999998
31163;31164;08;3;35;021;2016;06;14;6;2;4;6;0;0;1;1;0;0;1;0;494934,542100000020000;5304349,253999999700000;8,932235046000001;47,892453873999997
31179;31180;08;3;25;057;2016;06;11;4;2;8;1;0;1;1;0;0;0;0;0;473407,781000000020000;5356530,627299999800000;8,640999729000001;48,361388867000002
31180;31181;08;1;25;063;2016;06;13;3;3;6;7;0;1;0;1;1;0;0;0;525765,104000000050000;5464365,284599999900000;9,354618408000000;49,331470140999997
31181;31182;08;1;26;066;2016;06;16;1;3;0;1;0;1;1;0;0;0;0;0;538649,403799999970000;5449537,149799999800000;9,530513152999999;49,197413705000002
31189;31190;08;4;21;000;2016;06;21;4;1;6;7;0;1;0;1;1;0;0;0;572184,209200000040000;5365442,481700000400000;9,975970206000000;48,437986350000003
31192;31193;08;4;36;082;2016;06;17;5;3;5;3;0;0;1;1;0;0;0;0;547334,939299999970000;5296822,883700000100000;9,632396142999999;47,823014188000002
31195;31196;08;1;15;042;2016;06;20;5;3;2;6;0;0;0;1;1;0;1;0;492156,212600000030000;5407752,076500000400000;8,893139006000000;48,822700763000000
31203;31204;08;3;11;000;2016;06;09;4;3;0;1;0;1;1;0;0;0;0;0;414613,403600000020000;5317766,427100000000000;7,855165022000000;48,007486915999998
31206;31207;08;1;18;060;2016;06;16;3;2;5;3;0;1;1;1;0;0;0;0;523512,717000000000000;5430362,974999999600000;9,321630160000000;49,025703725000000
31212;31213;08;2;11;000;2016;06;09;3;3;0;7;0;0;1;0;0;0;0;0;437987,981199999980000;5397685,302000000100000;8,156735340999999;48,729104335000002
31228;31229;08;2;15;025;2016;06;18;6;2;6;4;0;0;1;0;1;0;0;0;474804,013600000010000;5434153,750500000100000;8,655109119000001;49,059736745000002
31233;31234;08;1;16;079;2016;06;13;6;3;0;1;0;0;1;0;0;0;0;0;536293,780099999970000;5374898,819100000000000;9,491560916999999;48,526148790000001
31252;31253;08;2;15;107;2016;06;13;4;3;5;3;0;0;1;1;0;0;0;0;462971,986399999990000;5456393,230899999800000;8,491108588000000;49,259183575999998
31260;31261;08;3;25;049;2016;06;05;5;2;5;3;0;1;1;1;0;0;0;0;470761,452999999980000;5334145,119900000300000;8,606822049000000;48,159879175999997
31265;31266;08;1;18;010;2016;06;06;5;3;0;1;0;0;1;0;0;0;0;0;506992,647999999990000;5431940,164400000100000;9,095680268000001;49,040299986999997
31270;31271;08;4;36;052;2016;06;07;4;3;5;3;0;0;1;1;0;0;0;0;567047,265600000040000;5293832,473100000100000;9,895262533000000;47,794358592000002
31271;31272;08;1;21;000;2016;06;19;4;3;5;3;0;0;1;1;0;0;0;0;516391,666199999980000;5441795,083700000300000;9,224685710999999;49,128770795999998
31282;31283;08;4;36;006;2016;06;10;4;1;6;6;0;0;0;0;1;0;0;1;554836,264800000000000;5284818,552600000100000;9,731091000999999;47,714417634000000
31287;31288;08;4;35;036;2016;06;06;5;3;5;3;0;1;1;1;0;0;0;0;519977,255000000000000;5282336,733000000000000;9,266237810000000;47,694107076999998
31289;31290;08;4;36;009;2016;06;08;4;3;6;4;0;1;0;1;1;0;0;0;552211,802799999950000;5305596,152599999700000;9,698606148000000;47,901567579000002
31290;31291;08;2;12;000;2016;06;12;5;3;6;7;0;0;1;0;1;0;0;0;458351,911299999980000;5427355,279000000100000;8,430614975999999;48,997691003000000
31296;31297;08;4;16;050;2016;06;10;4;3;4;2;0;1;1;1;0;0;0;0;485220,171299999990000;5365794,491399999700000;8,800141708000000;48,445118315000002
31299;31300;08;4;35;016;2016;06;15;5;3;2;6;0;0;1;0;0;0;0;0;535946,115600000020000;5280675,665599999900000;9,478912763000000;47,678470736999998
31322;31323;08;4;35;016;2016;06;08;5;3;5;3;0;1;1;0;0;1;0;0;536797,082300000010000;5277796,049100000400000;9,490007288999999;47,652513841000001
31329;31330;08;2;21;000;2016;06;16;2;3;4;2;0;0;1;1;0;0;0;0;476555,691600000020000;5472865,352500000000000;8,676822533999999;49,408020942999997
31338;31339;08;3;36;082;2016;06;23;5;3;3;6;2;0;1;0;0;0;0;1;417113,946200000010000;5271166,047600000200000;7,897589685000000;47,588607302000000
31344;31345;08;4;16;018;2016;06;14;5;2;4;3;0;0;1;1;0;0;0;0;491727,385499999970000;5362016,990500000300000;8,888208976000000;48,411253213000002
31345;31346;08;2;26;096;2016;06;13;7;2;6;7;0;0;1;0;1;0;0;0;475801,996999999970000;5488875,622999999700000;8,665453511000001;49,551999213000002
31351;31352;08;4;35;059;2016;06;14;6;3;2;2;0;0;1;1;0;0;0;0;512968,642999999980000;5290852,253700000200000;9,173087973000000;47,770904745999999
31357;31358;08;1;18;051;2016;06;08;6;3;5;3;0;0;1;1;0;0;0;0;509410,988300000030000;5414986,036700000100000;9,128378223000000;48,887754405999999
31362;31363;08;1;36;065;2016;06;09;6;3;4;7;0;1;1;1;0;0;0;0;557908,438300000040000;5407165,267699999700000;9,788802952999999;48,814772617000003
31363;31364;08;3;17;153;2016;06;07;5;3;4;6;0;0;1;0;0;0;0;0;420702,202700000020000;5389269,229799999900000;7,923330248000000;48,651446133999997
31368;31369;08;2;21;000;2016;06;18;5;3;5;2;0;0;1;0;0;0;0;1;476556,848500000020000;5472840,666000000200000;8,676839939000001;49,407798935999999
31373;31374;08;1;17;026;2016;06;07;5;3;4;2;0;1;1;1;0;0;0;0;548629,898200000050000;5394004,430900000000000;9,660869711000000;48,697181176999997
31376;31377;08;1;26;020;2016;06;10;7;3;1;1;0;0;0;1;1;0;0;0;551183,832000000050000;5470671,229799999900000;9,705259172000000;49,386585398999998
31381;31382;08;1;27;014;2016;06;10;4;3;3;6;0;0;1;1;0;0;0;0;577274,749500000030000;5443747,357200000400000;10,059512776000000;49,141689679000002
31404;31405;08;2;26;041;2016;06;11;3;3;5;3;0;0;1;1;0;0;0;0;477216,684000000010000;5466576,525999999600000;8,686294379000000;49,351478767000003
31405;31406;08;1;25;038;2016;06;18;2;2;0;1;0;0;1;0;0;0;0;0;500032,261600000030000;5432873,002600000200000;9,000441509000000;49,048731039000003
31407;31408;08;3;17;116;2016;06;19;6;3;5;3;0;0;1;1;0;0;0;0;433846,338999999980000;5387084,776999999800000;8,102119127000000;48,633326629000003
31411;31412;08;1;11;000;2016;06;06;6;3;5;3;0;0;1;1;0;0;0;0;519594,429400000020000;5400875,551300000400000;9,266618360000001;48,760581061000003
31414;31415;08;1;27;076;2016;06;09;5;3;6;4;0;0;0;1;1;0;0;0;552982,595100000040000;5438945,026399999900000;9,725847258000000;49,101069973000001
31419;31420;08;4;16;050;2016;06;09;2;2;0;1;0;1;1;0;0;0;0;0;483726,120999999980000;5365886,881000000100000;8,779935166000000;48,445912632000002
31421;31422;08;3;36;069;2016;06;07;4;2;6;4;0;1;0;1;1;0;0;0;409110,849300000000000;5272578,853299999600000;7,790876582000000;47,600244386999996
31423;31424;08;1;11;000;2016;06;14;4;1;6;4;0;0;0;1;1;0;0;0;516117,051900000020000;5405664,088399999800000;9,219490381000000;48,803757972000000
31430;31431;08;2;22;000;2016;06;16;3;3;1;3;0;0;1;1;0;1;0;0;460935,714900000020000;5482652,988800000400000;8,460545481000001;49,495253701999999
31431;31432;08;4;17;008;2016;06;18;2;3;4;2;0;1;1;1;0;0;0;0;491658,541000000030000;5350934,890999999800000;8,887498414000000;48,311551072000000
31438;31439;08;3;35;043;2016;06;14;5;2;6;4;0;1;0;1;1;0;0;0;513791,924100000000000;5279957,723299999700000;9,183730974000000;47,672863253000003
31439;31440;08;2;26;029;2016;06;17;2;3;4;6;0;0;1;1;0;0;0;0;485616,981700000000000;5481318,698900000200000;8,801423628000000;49,484339284000001
31440;31441;08;2;16;013;2016;06;06;7;2;0;7;0;1;1;0;0;0;0;0;451242,590600000000000;5387838,901100000400000;8,338124360000000;48,641708995999998
31451;31452;08;4;16;041;2016;06;12;2;3;5;3;0;0;1;1;0;0;0;0;503730,018400000000000;5371872,165799999600000;9,050493055000001;48,499958239000001
31466;31467;08;1;21;000;2016;06;10;5;2;6;7;0;0;0;1;1;0;0;0;515895,711000000010000;5442040,355999999700000;9,217897218999999;49,130990134999998
31474;31475;08;3;35;043;2016;06;14;3;3;0;7;0;0;0;0;1;0;0;1;513782,629900000000000;5279910,956700000000000;9,183605685000000;47,672442660999998
31475;31476;08;1;11;000;2016;06;16;3;2;5;3;0;1;1;1;0;0;0;0;511674,996199999990000;5406779,118700000500000;9,159028166000001;48,813887966999999
31478;31479;08;1;11;000;2016;06;11;6;3;0;4;0;0;0;0;1;0;0;1;513723,864400000020000;5402318,270999999700000;9,186787160000000;48,773716784000001
31485;31486;08;2;16;017;2016;06;17;1;3;8;7;0;1;1;0;0;0;0;0;452285,368599999990000;5400444,476400000000000;8,350822480000000;48,755183076000002
31493;31494;08;1;36;043;2016;06;13;2;2;5;3;0;1;1;1;0;0;0;0;570776,400999999950000;5408110,491399999700000;9,964224099000001;48,821941998000000
31495;31496;08;4;26;021;2016;06;06;5;3;0;1;0;1;1;0;0;0;0;0;557680,814099999960000;5327081,981999999800000;9,774664585000000;48,094393584000002
31496;31497;08;4;26;108;2016;06;14;1;2;0;1;0;1;1;0;0;0;0;0;572412,115200000000000;5336223,489299999500000;9,974036480000001;48,175123749999997
31498;31499;08;4;35;005;2016;06;12;4;3;6;6;0;0;0;1;1;0;0;0;526118,607899999940000;5286462,744699999700000;9,348329832999999;47,731011676000001
31505;31506;08;2;12;000;2016;06;18;5;3;0;7;0;0;1;0;0;0;0;0;455680,710599999990000;5427704,355999999700000;8,394060078000001;49,000645003000002
31507;31508;08;1;15;003;2016;06;18;5;2;5;3;0;0;1;1;0;0;0;0;503145,441799999970000;5392980,629599999600000;9,042739549000000;48,689858446000002
31510;31511;08;3;15;074;2016;06;07;6;3;5;3;0;0;1;1;0;0;0;0;399181,018700000020000;5297429,252399999600000;7,653064364000000;47,822309541000003
31533;31534;08;1;16;077;2016;06;17;1;3;8;1;0;1;1;0;0;0;0;0;516996,589900000020000;5388484,106999999800000;9,230760083000000;48,649183907000001
31534;31535;08;4;37;076;2016;06;09;7;3;2;6;0;1;1;0;0;0;0;0;522560,168200000010000;5320371,199599999900000;9,302645454000000;48,036228596999997
31536;31537;08;1;15;045;2016;06;11;4;2;5;3;0;0;1;1;0;0;0;0;500232,181199999990000;5393942,706199999900000;9,003155367000000;48,698521264000000
31539;31540;08;1;21;000;2016;06;13;5;3;0;7;0;0;1;0;0;0;0;0;515665,505799999980000;5440391,530500000300000;9,214677574000000;49,116164267999999
31545;31546;08;2;16;043;2016;06;18;7;3;0;1;0;0;1;0;0;0;0;0;435308,454600000000000;5410794,025899999800000;8,118238809999999;48,846743404000001
31552;31553;08;3;35;043;2016;06;13;7;3;5;3;0;1;1;1;0;0;0;0;513773,520000000020000;5279878,771599999600000;9,183483312000000;47,672153264999999
31558;31559;08;1;15;003;2016;06;16;5;3;0;7;0;0;1;0;0;0;0;0;505455,266999999990000;5390075,243200000400000;9,074086572000001;48,663705335000003
31567;31568;08;1;19;067;2016;06;19;5;3;5;3;0;0;1;1;0;0;0;0;540786,976700000000000;5403451,575899999600000;9,555227054000000;48,782725988999999
31568;31569;08;2;15;059;2016;06;15;4;3;6;4;0;0;0;1;1;0;0;0;484262,261999999990000;5437088,706700000000000;8,784461274000000;49,086452221999998
31569;31570;08;2;26;085;2016;06;13;6;3;4;2;0;0;1;0;0;0;0;1;490643,094800000020000;5455501,885099999600000;8,871422490000001;49,252214907999999
31577;31578;08;3;17;065;2016;06;12;5;3;4;6;0;0;1;0;0;0;0;0;412893,561999999980000;5353834,955000000100000;7,824720078000000;48,331692580000002
31579;31580;08;3;17;034;2016;06;16;2;3;5;3;0;1;1;1;0;0;0;0;426178,297000000020000;5361524,350800000100000;8,002583231999999;48,402552251000003
31588;31589;08;4;35;057;2016;06;15;4;3;5;3;0;0;1;1;0;0;0;0;543260,645499999980000;5279325,782100000400000;9,576226414000001;47,665877385999998
31589;31590;08;1;19;020;2016;06;11;4;2;1;1;0;1;1;1;0;0;0;0;518907,602200000020000;5408842,928999999500000;9,257639681000001;48,832275594999999
31624;31625;08;1;19;020;2016;06;16;5;3;6;4;0;0;0;1;1;0;0;0;519798,088999999980000;5406731,410000000100000;9,269671610000000;48,813253048999997
31635;31636;08;2;12;000;2016;06;17;5;2;3;2;0;0;1;1;0;0;0;0;455732,862199999970000;5428222,148000000000000;8,394716617000000;49,005306339999997
31641;31642;08;3;35;043;2016;06;17;4;2;3;6;0;0;1;0;0;0;0;0;513506,061600000020000;5279419,469999999700000;9,179906193000001;47,668026265999998
31642;31643;08;4;37;105;2016;06;17;5;2;5;2;0;0;1;1;0;0;0;0;519558,946799999980000;5323267,738699999600000;9,262516842000000;48,062387803999997
31646;31647;08;1;19;091;2016;06;07;2;3;3;2;0;1;1;1;0;0;0;0;526940,594000000040000;5406824,929999999700000;9,366964664999999;48,813825688000001
31647;31648;08;3;16;011;2016;06;13;5;3;5;3;0;0;1;1;0;0;0;0;413190,208999999970000;5331946,787999999700000;7,833207067000000;48,134850540000002
31648;31649;08;2;21;000;2016;06;07;2;3;5;2;0;1;1;0;0;0;0;1;477795,628000000030000;5472935,645800000100000;8,693910740000000;49,408699728000002
31649;31650;08;2;15;106;2016;06;14;7;3;5;2;0;0;1;1;0;0;0;0;466064,952999999980000;5453476,110999999600000;8,533862047000000;49,233123685000002
31653;31654;08;2;36;040;2016;06;12;6;3;6;4;0;0;0;1;1;0;0;0;488593,554000000000000;5421233,509999999800000;8,844226569000000;48,943921381000003
31655;31656;08;1;25;038;2016;06;06;6;3;6;4;0;0;0;1;1;0;0;0;501648,847000000010000;5435027,978799999700000;9,022573731000000;49,068113975000003
31659;31660;08;3;35;043;2016;06;16;5;3;0;7;0;0;1;0;0;0;0;0;514624,259000000020000;5280059,352800000500000;9,194822374999999;47,673759388999997
31662;31663;08;2;12;000;2016;06;14;4;3;5;3;0;1;1;1;0;0;0;0;456364,243100000020000;5426311,530199999900000;8,403554496000000;48,988165041000002
31664;31665;08;4;35;052;2016;06;11;3;3;5;2;0;0;1;0;0;0;0;1;522818,723699999970000;5289675,323599999800000;9,304490267000000;47,760041864000002
31690;31691;08;4;35;035;2016;06;14;1;2;0;7;0;0;1;0;0;0;0;0;543831,283199999950000;5285701,076999999600000;9,584467461999999;47,723198767000000
31696;31697;08;1;27;014;2016;06;19;7;2;5;3;0;0;1;1;0;0;0;0;576029,197000000040000;5443814,236999999700000;10,042450634000000;49,142446620999998
31698;31699;08;3;35;063;2016;06;14;5;3;5;3;0;0;1;1;0;0;0;0;498112,998499999990000;5288478,892799999600000;8,974825093000000;47,749678023999998
31705;31706;08;1;15;042;2016;06;10;1;3;5;3;0;0;1;1;0;0;0;0;496124,931999999970000;5407118,106999999800000;8,947213393000000;48,817035079000000
31711;31712;08;4;36;081;2016;06;12;4;3;5;3;0;0;1;1;0;0;0;0;562464,590699999940000;5281840,354700000000000;9,832356746000000;47,686930701000001
31714;31715;08;2;31;000;2016;06;10;6;2;6;4;0;0;0;0;1;0;0;1;478145,719999999970000;5416073,345599999700000;8,701822518000000;48,897221582000000
31717;31718;08;3;17;141;2016;06;10;6;3;2;6;0;0;1;0;0;0;0;0;421119,997299999990000;5379864,426000000000000;7,930789440000000;48,566906013999997
31723;31724;08;3;35;075;2016;06;14;6;2;5;3;0;0;1;1;0;0;0;0;489073,072200000000000;5293044,719600000400000;8,854106809999999;47,790669323000003
31726;31727;08;2;26;018;2016;06;07;3;3;5;3;0;0;1;1;0;0;0;0;473193,405199999980000;5471957,096400000200000;8,630536002000000;49,399712536000003
31730;31731;08;1;25;079;2016;06;11;1;3;3;6;0;0;1;0;0;0;0;0;511231,704499999990000;5456922,502399999600000;9,154379746000000;49,264962070999999
31737;31738;08;4;26;097;2016;06;08;4;3;6;4;0;0;0;1;1;0;0;0;535445,262400000010000;5334074,079199999600000;9,476632529000000;48,158924267000003
31739;31740;08;2;16;043;2016;06;19;4;3;0;4;0;0;1;0;1;0;0;0;439732,765000000010000;5411509,353600000000000;8,178431228000001;48,853623134000003
31740;31741;08;2;21;000;2016;06;23;2;3;5;2;2;1;1;1;0;0;0;0;477031,651200000020000;5475125,748399999900000;8,683252658000001;49,428370958000002
31743;31744;08;1;11;000;2016;06;16;2;3;5;3;0;0;1;0;0;1;0;0;515105,802399999990000;5403124,383600000300000;9,205625372000000;48,780936482000001
31749;31750;08;3;17;096;2016;06;13;6;3;5;3;0;0;1;1;0;0;0;0;422042,742900000010000;5370119,040900000400000;7,945116992000000;48,479363335999999
31757;31758;08;3;35;043;2016;06;15;2;3;0;7;0;0;1;0;0;0;0;0;513393,844800000020000;5280329,211100000000000;9,178439329000000;47,676214141000003
31758;31759;08;4;26;021;2016;06;07;5;3;8;1;0;0;1;0;0;0;1;0;560322,022400000020000;5325175,165699999800000;9,809863581000000;48,076994990999999
31774;31775;08;4;35;057;2016;06;20;2;2;4;2;0;0;1;1;0;0;0;0;549442,988000000010000;5274804,754999999900000;9,658058089000001;47,624757924000001
31780;31781;08;4;15;061;2016;06;08;3;2;6;4;0;0;0;1;1;0;0;0;516270,854500000020000;5372326,629900000100000;9,220274578000000;48,503847100000002
31807;31808;08;1;15;044;2016;06;19;5;3;3;6;1;0;1;1;0;0;0;0;507145,347200000020000;5390155,363900000200000;9,097040467999999;48,664409063000001
31808;31809;08;2;15;100;2016;06;22;4;3;5;3;1;0;1;1;0;0;0;0;475422,431900000030000;5451727,300300000200000;8,662502440000001;49,217840086999999
31811;31812;08;3;35;022;2016;06;17;3;3;5;3;0;0;1;1;0;0;0;0;482770,070499999970000;5299384,582800000000000;8,769699392000000;47,847573795999999
31819;31820;08;1;15;003;2016;06;18;1;3;5;2;0;0;1;1;0;0;0;0;500713,839500000000000;5392505,294700000400000;9,009698669000001;48,685589802000003
31821;31822;08;4;35;029;2016;06;08;5;3;6;4;0;0;0;1;1;0;0;0;544996,134899999950000;5271682,053999999500000;9,598555824000000;47,596986239000003
31822;31823;08;1;16;049;2016;06;12;7;3;3;2;0;0;1;1;0;0;0;0;523027,645299999970000;5385019,156000000400000;9,312449159000000;48,617819867999998
31826;31827;08;3;35;043;2016;06;13;6;3;6;4;0;0;0;1;1;0;0;0;512221,591100000020000;5280809,160899999600000;9,162835498000000;47,680555789000003
31849;31850;08;1;18;048;2016;06;19;4;3;0;7;0;0;1;0;1;0;0;0;515191,633700000010000;5416712,150700000100000;9,207297562999999;48,903167300000000
31853;31854;08;2;15;109;2016;06;13;4;2;9;3;0;0;1;1;0;0;0;0;458854,188499999990000;5437680,287300000000000;8,436432882000000;49,090599294999997
31868;31869;08;2;11;000;2016;06;16;5;2;2;2;0;0;0;1;1;1;0;0;441904,973500000020000;5403496,753300000000000;8,209174603999999;48,781756639000001
31869;31870;08;1;15;045;2016;06;15;3;3;6;4;0;0;0;0;1;0;0;1;499964,276699999990000;5394577,296799999700000;8,999514462000001;48,704230137000003
31878;31879;08;1;36;088;2016;06;07;4;3;6;4;0;0;1;0;1;0;0;0;580557,062599999950000;5412130,676599999900000;10,098237481000000;48,856909017000000
31891;31892;08;1;16;011;2016;06;12;5;3;0;1;0;0;1;0;0;0;0;0;530335,214299999990000;5380120,367999999800000;9,411241269000000;48,573438613999997
31898;31899;08;3;17;096;2016;06;19;2;3;3;6;0;0;1;0;0;0;0;0;421204,688000000020000;5369406,451999999600000;7,933913153000000;48,472849201999999
31901;31902;08;2;12;000;2016;06;14;7;3;5;3;0;0;1;1;0;0;0;0;458992,893700000020000;5428817,613199999600000;8,439229940000001;49,010887871000001
31902;31903;08;3;26;074;2016;06;10;4;3;5;3;0;0;1;1;0;0;0;0;465795,600700000010000;5323793,306400000100000;8,540877489000000;48,066499008000001
31906;31907;08;4;37;104;2016;06;07;6;3;7;7;0;0;1;0;0;0;0;0;516293,795500000010000;5326285,536700000100000;9,218807992000000;48,089630704999998
31917;31918;08;1;28;007;2016;06;17;5;2;0;1;0;0;1;0;0;0;0;0;554374,142499999960000;5485046,504800000200000;9,751187636999999;49,515602123000001
31925;31926;08;3;35;043;2016;06;10;3;3;6;7;0;0;1;0;1;0;0;0;513794,627400000000000;5280014,409199999600000;9,183768776999999;47,673373235000000
31927;31928;08;2;26;003;2016;06;10;3;3;3;2;0;0;1;1;0;0;0;0;463399,536399999980000;5461452,304499999600000;8,496521276999999;49,304714801999999
31928;31929;08;3;37;053;2016;06;13;3;2;0;1;0;0;1;0;0;0;0;0;456833,606600000000000;5268593,121199999900000;8,426086664000000;47,569318318999997
31929;31930;08;3;17;096;2016;06;17;4;3;5;3;0;0;1;1;0;0;0;0;422579,769299999990000;5370218,680999999900000;7,952364068000000;48,480325956999998
31930;31931;08;3;35;063;2016;06;07;5;3;4;6;0;0;1;0;0;0;0;0;497231,191799999970000;5287926,171299999600000;8,963064234000001;47,744701683000002
31931;31932;08;2;36;043;2016;06;06;2;3;2;4;0;0;0;1;1;0;0;0;470575,460000000020000;5410727,534599999900000;8,598921589000000;48,848819524000000
31933;31934;08;2;12;000;2016;06;23;3;2;0;7;2;0;1;0;0;0;0;0;455482,829299999980000;5428247,106700000400000;8,391295275999999;49,005512862000003
31939;31940;08;4;36;081;2016;06;07;5;3;6;2;0;0;0;1;1;0;0;0;562526,402800000040000;5282293,423499999600000;9,833245244000000;47,691000858999999
31948;31949;08;1;36;028;2016;06;15;7;2;3;2;0;0;1;0;0;1;0;0;571099,550000000050000;5406372,081000000200000;9,968324663000001;48,806268750000001
31949;31950;08;3;15;125;2016;06;07;6;3;0;7;0;1;1;0;0;0;0;1;411757,368699999990000;5310738,458800000100000;7,818324115000000;47,943880221999997
31955;31956;08;1;19;008;2016;06;15;3;3;3;2;0;0;1;1;0;0;0;0;531022,880000000000000;5421512,818000000000000;9,423683529000000;48,945761038999997
31957;31958;08;3;35;100;2016;06;10;6;2;0;1;0;0;1;0;0;0;0;0;487800,779299999990000;5286721,509899999900000;8,837297086000000;47,733753235999998
31959;31960;08;3;36;050;2016;06;16;2;3;5;3;0;0;1;1;0;0;0;0;400896,271100000010000;5276590,952100000300000;7,680716689000000;47,635131053000002
31960;31961;08;4;26;074;2016;06;00;5;2;3;6;2;0;1;0;0;0;0;0;554378,819499999980000;5325674,755900000200000;9,730142777999999;48,082024107999999
31965;31966;08;2;26;036;2016;06;07;6;3;5;2;0;0;1;1;0;0;0;0;467877,121099999990000;5480973,248300000100000;8,556535311999999;49,480552402000001
31975;31976;08;2;21;000;2016;06;17;4;3;5;2;0;0;1;1;0;0;0;0;476556,487800000000000;5472848,536500000400000;8,676834502000000;49,407869716000000
31977;31978;08;3;17;026;2016;06;13;6;2;5;2;0;0;1;1;0;0;0;0;411973,434899999990000;5346505,463999999700000;7,813836513000000;48,265637882000000
31986;31987;08;2;37;040;2016;06;07;2;2;6;4;0;0;0;1;1;0;0;0;478158,030099999970000;5364670,610999999600000;8,704704547000000;48,434802001000001
31988;31989;08;3;17;059;2016;06;15;4;2;5;2;0;0;1;1;0;0;0;0;412897,014700000000000;5350056,585099999800000;7,825546994000000;48,297707379999999
31989;31990;08;1;15;021;2016;06;10;4;3;5;2;0;0;1;1;0;0;0;0;490373,461599999980000;5382420,201100000200000;8,869442363999999;48,594788876999999
31997;31998;08;3;15;113;2016;06;21;2;2;5;3;1;0;1;1;0;0;0;0;439801,456000000010000;5308121,757000000200000;8,194186895000000;47,923589198000002
32000;32001;08;3;11;000;2016;06;06;6;2;4;6;0;0;1;1;0;0;0;0;418165,363599999980000;5315440,763199999900000;7,903222808000000;47,987031006999999
32002;32003;08;2;26;038;2016;06;17;7;2;0;1;0;1;1;0;0;0;0;0;470672,746999999970000;5480299,474000000400000;8,595178548000000;49,474633558000001
32011;32012;08;3;36;050;2016;06;11;4;3;3;6;0;0;1;0;0;0;0;1;401041,043500000030000;5273944,358099999800000;7,683241479000000;47,611346025000003
32013;32014;08;2;11;000;2016;06;15;7;2;5;2;0;1;1;0;0;1;0;0;442886,302900000010000;5406224,387500000200000;8,222152540000000;48,806382886000002
32017;32018;08;1;27;014;2016;06;11;2;3;8;1;0;0;0;1;1;0;0;0;578062,006999999980000;5443395,362999999900000;10,070236709000000;49,138424360999998
32026;32027;08;2;36;046;2016;06;14;5;3;6;7;0;0;1;0;1;0;0;0;484189,323900000020000;5418185,189299999700000;8,784198291999999;48,916402812000001
32031;32032;08;2;12;000;2016;06;10;6;3;5;3;0;0;1;1;0;0;0;0;456439,440300000020000;5424562,292700000100000;8,404769693000000;48,972435677000000
32034;32035;08;2;25;067;2016;06;15;1;3;6;1;0;0;1;0;1;0;0;0;509982,118900000000000;5462595,782300000100000;9,137345946000000;49,316015665999998
32036;32037;08;1;16;033;2016;06;07;6;3;5;3;0;0;0;0;1;0;1;0;534002,901900000060000;5389092,392300000400000;9,461696256000000;48,653962016999998
32044;32045;08;4;21;000;2016;06;17;3;3;4;6;0;0;1;0;0;0;0;0;572346,862100000030000;5361925,120900000400000;9,977562094000000;48,406328275000000
32046;32047;08;3;36;050;2016;06;17;3;3;5;3;0;0;1;1;0;0;0;0;398298,954299999980000;5276125,429700000200000;7,646258828000000;47,630540795999998
32053;32054;08;1;36;088;2016;06;14;1;2;9;1;0;0;1;0;0;0;0;0;577175,779199999990000;5416634,650299999900000;10,052998665000000;48,897848887999999
32067;32068;08;2;36;013;2016;06;18;4;2;6;4;0;0;0;1;1;0;0;0;474973,616099999980000;5408303,798200000100000;8,659018546000000;48,827209252000003
32068;32069;08;2;16;023;2016;06;13;6;3;6;4;0;1;0;1;1;0;0;0;437549,515000000010000;5407794,984500000300000;8,149238324000001;48,819996930000002
32079;32080;08;4;15;061;2016;06;16;2;2;0;1;0;0;1;0;0;0;0;0;513065,605800000020000;5371867,908699999600000;9,176867853999999;48,499795136000003
32082;32083;08;1;18;063;2016;06;16;4;2;3;6;0;0;1;0;0;0;0;1;514959,548000000010000;5423190,494800000500000;9,204368383000000;48,961449965000000
32086;32087;08;2;26;085;2016;06;13;2;3;5;3;0;0;1;1;0;0;0;0;490026,474999999980000;5455203,419999999900000;8,862956691999999;49,249520414000003
32091;32092;08;3;16;056;2016;06;14;5;2;8;2;0;0;1;1;0;0;0;0;427031,579700000000000;5323384,319899999500000;8,020679249000001;48,059562995999997
32098;32099;08;1;27;076;2016;06;16;3;3;5;3;0;0;1;1;0;0;0;0;554154,318199999980000;5439279,845099999600000;9,741943049000000;49,103979525000000
32099;32100;08;2;15;046;2016;06;06;5;3;0;7;0;0;1;0;0;0;0;0;454461,599899999970000;5418398,063799999700000;8,378434290000000;48,916844771000001
32100;32101;08;1;16;042;2016;06;12;3;3;5;3;0;0;1;1;0;0;0;0;517774,128600000000000;5382497,722699999800000;9,241059922000000;48,595307988000002
32105;32106;08;4;35;053;2016;06;17;6;3;5;3;0;0;1;1;0;0;0;0;507289,722000000010000;5293527,542999999600000;9,097338470000000;47,795064975999999