FID;OBJECTID;ULAND;UREGBEZ;UKREIS;UGEMEINDE;UJAHR;UMONAT;USTUNDE;UWOCHENTAG;UKATEGORIE;UART;UTYP1;ULICHTVERH;IstStrasse;IstRad;IstPKW;IstFuss;IstKrad;IstGkfz;IstSonstig;LINREFX;LINREFY;XGCSWGS84;YGCSWGS84
33096;33097;08;4;35;034;2016;07;12;5;3;4;6;0;0;1;0;0;0;0;0;529853,865400000010000;5284499,038300000100000;9,398009189000000;47,713181401999996
33102;33103;08;2;12;000;2016;07;17;3;2;5;3;0;0;1;0;0;0;0;1;453119,913999999990000;5428802,248999999800000;8,358923956000000;49,010331426999997
33107;33108;08;3;11;000;2016;07;21;4;3;3;2;1;0;1;1;0;0;0;0;416001,290700000010000;5315557,276200000200000;7,874202053000000;47,987798529999999
33108;33109;08;4;15;092;2016;07;19;5;3;5;3;0;0;1;1;0;0;0;0;521182,447300000000000;5362736,283099999700000;9,286281315000000;48,417422539000000
33115;33116;08;2;25;118;2016;07;18;3;3;5;3;0;0;1;1;0;0;0;0;507331,150800000000000;5478481,189500000300000;9,101163783000001;49,458942428999997
33120;33121;08;2;12;000;2016;07;13;2;3;5;2;0;0;1;1;0;0;0;0;457875,505400000020000;5427953,577700000300000;8,424040159000001;49,003040472000002
33123;33124;08;3;17;096;2016;07;18;5;3;6;6;0;0;1;0;1;0;0;0;421817,145000000020000;5368851,509999999800000;7,942301869000000;48,467933997000003
33128;33129;08;2;16;043;2016;07;10;5;2;5;3;0;0;1;1;0;0;0;0;442054,339700000010000;5412074,937500000000000;8,209995896000001;48,858931710000000
33131;33132;08;2;31;000;2016;07;11;4;3;0;7;0;0;0;1;1;0;0;0;481419,417499999980000;5417618,029699999800000;8,746417707999999;48,911223900000003
33134;33135;08;4;15;092;2016;07;19;3;3;8;1;0;0;1;0;0;0;0;0;519603,328299999990000;5362133,221900000200000;9,264911542000000;48,412048253000002
33136;33137;08;2;21;000;2016;07;13;5;2;5;2;0;0;1;1;0;0;0;0;476622,966900000000000;5472005,152999999900000;8,677800533999999;49,400286172999998
33139;33140;08;1;16;049;2016;07;15;6;2;6;4;0;0;0;1;1;0;0;0;527592,542999999950000;5384534,883000000400000;9,374354211000000;48,613278649999998
33147;33148;08;1;35;019;2016;07;12;5;3;5;3;0;0;1;1;0;0;0;0;583819,743800000050000;5392446,439899999600000;10,138698099999999;48,679432931000001
33157;33158;08;3;25;036;2016;07;11;4;3;5;3;0;0;1;1;0;0;0;0;451565,791399999990000;5341783,316800000100000;8,347835713000000;48,227421972999998
33160;33161;08;4;35;052;2016;07;18;5;2;4;6;0;0;1;0;0;0;0;0;521964,472499999970000;5291975,201000000400000;9,293207689000001;47,780764527000002
33161;33162;08;1;11;000;2016;07;09;4;3;5;2;0;0;1;1;0;0;0;0;517157,070400000030000;5406834,891900000200000;9,233702714000000;48,814262495999998
33166;33167;08;2;37;004;2016;07;17;3;3;5;3;0;0;1;1;0;0;0;0;454144,738000000010000;5373531,042000000400000;8,379096405000000;48,513218725000002
33175;33176;08;1;36;002;2016;07;08;2;2;0;1;0;0;1;0;0;0;0;0;564980,272899999980000;5418626,120600000000000;9,886941022000000;48,917160770999999
33176;33177;08;4;35;036;2016;07;13;1;3;0;1;0;0;1;0;0;0;0;0;519978,020200000030000;5282357,615500000300000;9,266248964000001;47,694294945000003
33178;33179;08;1;19;067;2016;07;07;4;3;0;2;0;0;1;1;0;0;0;0;539328,638999999970000;5405872,224700000100000;9,535607589000000;48,804594967000000
33181;33182;08;2;26;103;2016;07;21;1;3;5;3;0;0;1;1;0;0;0;0;469169,819000000020000;5455696,892000000000000;8,576338904000000;49,253263803000003
33191;33192;08;1;17;012;2016;07;22;4;2;6;7;2;1;0;1;1;0;0;0;546162,996999999970000;5387638,549999999800000;9,626636754000000;48,640103695999997
33195;33196;08;4;36;008;2016;07;16;3;3;5;3;0;0;1;1;0;0;0;0;545515,812999999970000;5308687,081500000300000;9,609344286000001;47,929886175999997
33201;33202;08;1;18;047;2016;07;10;1;2;5;3;0;0;1;1;0;0;0;0;507691,995000000000000;5427519,350999999800000;9,105165583000000;49,000523923000003
33205;33206;08;2;26;096;2016;07;17;4;3;0;3;0;0;1;0;0;0;0;1;475716,922100000030000;5488401,624200000400000;8,664306557000000;49,547732377000003
33218;33219;08;1;15;021;2016;07;12;2;2;5;3;0;0;1;0;0;0;0;0;489416,910900000020000;5382495,264999999700000;8,856467500000001;48,595448730000001
33223;33224;08;3;26;010;2016;07;12;3;3;3;6;0;1;1;1;0;0;0;0;466359,904700000010000;5325965,284699999700000;8,548280827999999;48,086069850000001
33228;33229;08;1;17;024;2016;07;17;5;3;6;4;0;0;0;1;1;0;0;0;561592,912099999960000;5385903,369699999700000;9,835810993999999;48,623165485000001
33239;33240;08;2;12;000;2016;07;07;2;3;1;5;0;0;1;0;0;0;0;1;456056,693700000000000;5428983,406399999700000;8,399061843000000;49,012177084000001
33246;33247;08;1;15;050;2016;07;18;5;3;5;3;0;0;1;1;0;0;0;0;490478,229999999980000;5399879,743999999900000;8,870461228000000;48,751858376999998
33249;33250;08;3;36;050;2016;07;02;1;3;8;1;2;0;1;0;0;0;0;0;401978,879399999980000;5273561,694299999600000;7,695802668000000;47,608046328999997
33254;33255;08;1;25;027;2016;07;17;1;3;5;3;0;0;1;1;0;0;0;0;519369,616600000010000;5445424,267900000300000;9,265679459999999;49,161329717999998
33255;33256;08;4;36;009;2016;07;11;2;3;6;7;0;0;0;1;1;0;0;0;556443,540299999990000;5307560,578400000000000;9,755480070999999;47,918882214999996
33267;33268;08;3;11;000;2016;07;17;4;2;5;2;0;0;1;1;0;0;0;0;418737,895800000000000;5314356,870099999900000;7,911099745000000;47,977353755000003
33268;33269;08;3;36;105;2016;07;19;6;3;5;2;0;0;1;1;0;0;0;0;398972,806900000030000;5267525,819100000000000;7,657206536000000;47,553289751000001
33294;33295;08;2;21;000;2016;07;16;3;3;0;7;0;0;1;0;0;0;0;0;477697,155000000030000;5472985,510099999600000;8,692550499999999;49,409144648000002
33307;33308;08;1;18;028;2016;07;13;5;2;0;7;0;0;1;0;0;0;0;0;513819,288000000000000;5426561,375000000000000;9,188905474000000;48,991799614000001
33309;33310;08;1;11;000;2016;07;17;2;3;3;6;0;0;1;1;0;0;0;0;507999,202899999970000;5397069,231700000400000;9,108770509999999;48,726596403999999
33318;33319;08;1;36;042;2016;07;10;1;2;3;6;0;0;1;1;0;0;0;0;551587,015600000040000;5405071,925300000200000;9,702439479000001;48,796499519999998
33320;33321;08;2;15;084;2016;07;15;7;3;5;2;0;0;1;1;0;0;0;0;473071,434300000020000;5448158,003899999900000;8,630458676000000;49,185635026999996
33331;33332;08;1;36;019;2016;07;17;2;3;5;3;0;0;1;1;0;0;0;0;582554,238000000010000;5424125,055999999900000;10,127885500000000;48,964524114000000
33339;33340;08;4;25;138;2016;07;14;7;3;5;3;0;0;1;1;0;0;0;0;573512,223000000000000;5350014,583999999800000;9,991225794000000;48,299054791000003
33340;33341;08;1;35;019;2016;07;15;7;3;5;3;0;0;1;1;0;0;0;0;584510,930999999980000;5392590,648000000000000;10,148115456999999;48,680636796999998
33343;33344;08;3;35;043;2016;07;13;6;3;5;3;0;0;1;0;0;0;0;1;512244,745899999980000;5280800,411899999700000;9,163143756000000;47,680476630999998
33354;33355;08;2;21;000;2016;07;16;1;2;8;7;0;0;1;0;0;0;0;0;482122,762600000020000;5477747,620000000100000;8,753343107999999;49,452125272000004
33356;33357;08;4;35;057;2016;07;13;2;3;0;2;0;0;1;0;0;1;0;0;549899,155099999970000;5274122,489699999800000;9,664051254000000;47,618584476999999
33366;33367;08;4;15;061;2016;07;16;2;3;0;1;0;0;1;0;0;0;0;0;514301,018099999990000;5371110,511599999900000;9,193565477000000;48,492954412000003
33367;33368;08;1;11;000;2016;07;09;2;3;5;3;0;0;1;1;0;0;0;0;514186,888199999990000;5406034,346699999600000;9,193217370999999;48,807135821999999
33369;33370;08;2;12;000;2016;07;21;2;3;5;2;2;0;1;1;0;0;0;0;453050,762400000010000;5428873,269899999700000;8,357970169000000;49,010965005000003
33374;33375;08;1;15;028;2016;07;14;2;3;6;7;0;0;0;1;1;0;0;0;500361,831699999980000;5404536,294599999700000;9,004926637000001;48,793821278000003
33376;33377;08;3;16;002;2016;07;11;2;2;5;3;0;0;1;1;0;0;0;0;406592,031200000030000;5333423,119199999600000;7,744219710000000;48,147195426000003
33379;33380;08;3;26;074;2016;07;22;3;3;6;4;2;1;0;1;1;0;0;0;466671,619699999980000;5323574,028900000300000;8,552652930000001;48,064572591999998
33381;33382;08;2;37;054;2016;07;17;7;3;5;3;0;0;1;1;0;0;0;0;467528,866600000010000;5374675,116700000100000;8,560228537000000;48,524345762000003
33382;33383;08;3;35;043;2016;07;17;6;3;5;2;0;0;1;1;0;0;0;0;513943,989699999980000;5279599,683199999900000;9,185745294000000;47,669638468999999
33383;33384;08;2;16;043;2016;07;08;3;3;0;3;0;0;1;1;0;0;0;0;443114,936300000000000;5412260,149100000000000;8,224428437000000;48,860695851000003
33388;33389;08;1;21;000;2016;07;07;4;2;4;2;0;0;1;1;0;0;0;0;513818,740999999980000;5443396,090099999700000;9,189472923000000;49,143235660999999
33389;33390;08;3;11;000;2016;07;12;1;3;0;6;0;0;1;0;0;0;0;1;415049,888199999990000;5315671,180700000400000;7,861430876000000;47,988697481999999
33390;33391;08;3;17;096;2016;07;18;4;3;5;3;0;0;1;1;0;0;0;0;421034,716000000010000;5368449,696999999700000;7,931794529000000;48,464221979000001
33414;33415;08;2;35;029;2016;07;12;4;3;5;7;0;1;1;1;0;0;0;0;487423,355500000010000;5393588,361600000400000;8,829093278000000;48,695206829000000
33415;33416;08;3;35;043;2016;07;19;6;2;0;7;0;0;1;0;0;0;0;0;514525,310899999980000;5281533,333100000400000;9,193553256000000;47,687023963000001
33417;33418;08;3;17;096;2016;07;13;2;3;0;7;0;0;1;0;0;0;0;0;421817,145000000020000;5368851,509999999800000;7,942301869000000;48,467933997000003
33418;33419;08;4;17;002;2016;07;17;4;2;5;3;0;0;1;1;0;0;0;0;489142,779199999990000;5346970,627200000000000;8,853670279999999;48,275847603999999
33421;33422;08;2;16;023;2016;07;17;7;2;5;3;0;0;1;1;0;0;0;0;436101,600600000010000;5408836,123700000300000;8,129353549999999;48,829214575000002
33424;33425;08;3;25;049;2016;07;08;6;3;2;5;0;0;1;1;0;0;0;0;472218,335100000030000;5331868,579199999600000;8,626561284999999;48,139463026000001
33429;33430;08;4;35;059;2016;07;17;6;3;0;7;0;0;1;0;0;0;0;0;513130,775599999990000;5290948,141200000400000;9,175254789000000;47,771764210000001
33430;33431;08;2;22;000;2016;07;19;3;3;4;6;1;1;1;1;0;0;0;0;462456,803000000010000;5487489,698200000500000;8,481089786000000;49,538853224999997
33441;33442;08;1;21;000;2016;07;18;5;2;6;4;0;0;0;1;1;0;0;0;516541,184699999980000;5442366,261800000400000;9,226758623000000;49,133904731000001
33446;33447;08;4;17;022;2016;07;19;2;2;0;1;0;0;1;0;0;0;0;0;485909,949000000020000;5348494,137299999600000;8,810048764999999;48,289490463000000
33452;33453;08;3;25;012;2016;07;19;3;2;8;1;0;0;1;0;0;0;0;0;464517,450599999980000;5356208,448800000400000;8,521009481000000;48,358053314000003
33458;33459;08;1;36;027;2016;07;12;2;3;6;4;0;0;0;1;1;0;0;0;554077,477399999970000;5420452,356700000400000;9,738380917000001;48,934636118000000
33459;33460;08;4;35;059;2016;07;11;1;3;5;3;0;0;1;1;0;0;0;0;515038,449499999990000;5291011,824900000400000;9,200718323000000;47,772295503999999
33461;33462;08;1;25;065;2016;07;15;4;3;5;3;0;0;1;1;0;0;0;0;516038,818700000000000;5447486,711400000400000;9,220075847000000;49,179978052999999
33467;33468;08;3;17;102;2016;07;12;1;3;3;6;0;0;1;1;0;0;0;0;440686,799999999990000;5376703,995000000100000;8,196434158000001;48,540633901000000
33473;33474;08;4;35;034;2016;07;19;7;3;0;3;1;0;1;1;0;0;0;0;529671,731999999960000;5285026,095999999900000;9,395616956000000;47,717931956999998
33482;33483;08;2;25;064;2016;07;12;3;3;0;1;0;0;1;0;0;0;0;0;505708,127900000020000;5472490,584400000100000;9,078681209000001;49,405074765999998
33483;33484;08;4;26;066;2016;07;19;6;3;8;2;0;0;1;1;0;0;0;0;584983,847799999990000;5324875,501299999700000;10,140847350000000;48,071489149000001
33485;33486;08;2;31;000;2016;07;11;1;3;4;3;0;0;1;1;0;0;0;0;475552,522000000000000;5415214,605000000400000;8,666493180000000;48,889399761000000
33496;33497;08;1;11;000;2016;07;18;4;3;5;3;0;0;1;1;0;0;0;0;515308,735200000000000;5399434,448300000300000;9,208250455000000;48,747737133999998
33503;33504;08;1;21;000;2016;07;10;7;3;5;3;0;0;1;1;0;0;0;0;515247,488300000030000;5441739,208900000000000;9,209000107000000;49,128297637000003
33506;33507;08;3;36;091;2016;07;17;2;2;0;1;0;0;1;0;0;0;0;0;394438,006200000000000;5271770,971400000200000;7,595930400000000;47,590754165000000
33508;33509;08;1;21;000;2016;07;01;1;3;0;7;2;0;1;0;0;0;0;0;516747,100600000010000;5443178,986100000300000;9,229615213000001;49,141209873999998
33514;33515;08;1;15;028;2016;07;11;3;3;3;2;0;0;1;1;0;0;0;0;499796,886000000000000;5404871,165000000000000;8,997234270000000;48,796833823000000
33521;33522;08;3;17;034;2016;07;20;7;3;5;2;0;0;1;1;0;0;0;0;426683,788799999980000;5361327,417700000100000;8,009446345000001;48,400839795000003
33526;33527;08;3;26;068;2016;07;19;1;3;8;6;0;0;1;0;0;1;0;0;449229,299799999980000;5323198,733699999700000;8,318593798000000;48,060046331999999
33529;33530;08;3;11;000;2016;07;23;3;3;3;2;2;1;1;1;0;0;0;0;412858,857000000020000;5314764,179999999700000;7,832255228000000;47,980243905000002
33531;33532;08;2;26;105;2016;07;13;2;3;3;6;0;0;1;0;0;0;1;0;469659,404900000020000;5477007,961600000000000;8,581443405000000;49,444977737000002
33545;33546;08;1;36;066;2016;07;12;1;3;5;3;0;0;1;1;0;0;0;0;556925,417000000020000;5414789,713000000500000;9,776473727999999;48,883445553000001
33549;33550;08;3;15;003;2016;07;08;6;3;1;5;0;0;1;0;0;0;0;0;412471,521599999980000;5311627,826999999600000;7,827704483000000;47,951978419000000
33551;33552;08;4;35;016;2016;07;11;4;2;0;7;0;0;1;0;0;0;0;0;533520,571000000000000;5279929,517000000000000;9,446540821999999;47,671887646999998
33559;33560;08;4;35;029;2016;07;16;3;3;5;3;0;0;1;0;0;1;0;0;545335,006000000050000;5271175,360999999600000;9,603010982000001;47,592403746999999
33566;33567;08;3;26;074;2016;07;17;6;2;8;1;0;0;1;0;0;0;0;0;460886,211699999990000;5323269,474100000200000;8,475029822000000;48,061504042999999
33568;33569;08;2;12;000;2016;07;07;3;3;5;3;0;0;1;1;0;0;0;0;455773,905199999980000;5431360,771099999500000;8,394935650000001;49,033541462000002
33570;33571;08;2;25;033;2016;07;16;2;3;5;2;0;0;1;1;0;0;0;0;510064,325399999970000;5462291,330900000400000;9,138469362000000;49,313275746999999
33572;33573;08;4;16;041;2016;07;12;1;3;5;3;0;0;1;1;0;0;0;0;505405,891400000020000;5373359,247499999600000;9,073198503000000;48,513324408999999
33578;33579;08;1;15;016;2016;07;19;3;3;5;7;0;0;1;1;0;0;0;0;489700,901300000030000;5377283,705500000200000;8,860448170000000;48,548568916000001
33584;33585;08;3;11;000;2016;07;15;7;3;5;2;0;0;1;1;0;0;0;0;412415,559899999990000;5315347,420500000000000;7,826197111000000;47,985429801999999
33588;33589;08;2;16;007;2016;07;16;2;3;5;3;0;0;1;1;0;0;0;0;436257,969999999970000;5394381,044999999900000;8,133723178000000;48,699207874999999
33591;33592;08;4;35;016;2016;07;07;2;3;5;3;0;0;1;1;0;0;0;0;532379,530400000050000;5279024,017900000300000;9,431273899000001;47,663798608000000
33595;33596;08;2;15;046;2016;07;23;3;1;9;7;2;0;1;0;0;0;0;0;452942,986800000010000;5416134,912399999800000;8,357968538000000;48,896373709999999
33599;33600;08;1;21;000;2016;07;14;7;2;8;1;0;0;1;0;0;0;0;0;516504,269800000010000;5445490,985200000000000;9,226380591000000;49,162013592999998
33605;33606;08;3;35;075;2016;07;17;3;3;5;3;0;0;1;1;0;0;0;0;488226,303799999990000;5288390,071999999700000;8,842927197000000;47,748774130000001
33608;33609;08;2;22;000;2016;07;07;3;3;5;3;0;0;1;1;0;0;0;0;462939,974099999990000;5482900,384300000000000;8,488198709000001;49,497604643999999
33618;33619;08;4;35;029;2016;07;12;3;2;0;7;0;0;1;0;0;0;0;0;544960,575799999990000;5271663,782399999900000;9,598080956000000;47,596824310000002
33625;33626;08;3;27;049;2016;07;07;3;3;5;3;0;0;1;1;0;0;0;0;472618,689000000010000;5324615,843000000300000;8,632408282000000;48,074228724000001
33628;33629;08;3;36;036;2016;07;12;7;2;0;1;0;0;1;0;0;0;0;0;413358,452500000010000;5281251,490000000200000;7,845654043000000;47,678844456000000
33633;33634;08;4;35;024;2016;07;20;1;2;0;7;0;0;1;0;0;0;0;0;525768,299400000020000;5279350,183799999800000;9,343237759000001;47,667030498000003
33637;33638;08;4;35;016;2016;07;00;3;3;0;1;2;0;1;0;0;0;0;0;537328,782499999970000;5277531,762000000100000;9,497064822000001;47,650105488000001
33639;33640;08;1;25;061;2016;07;18;6;3;0;1;0;0;1;0;0;0;0;0;505234,752500000000000;5447374,015200000300000;9,071827175999999;49,179151664000003
33651;33652;08;4;26;100;2016;07;19;6;3;0;1;0;0;1;0;0;0;0;0;578074,912999999940000;5314388,594600000400000;10,046205649999999;47,978036035999999
33659;33660;08;1;15;002;2016;07;19;3;3;5;3;0;0;1;1;0;0;0;0;500198,663000000000000;5386837,487999999900000;9,002696438999999;48,634601740999997
33673;33674;08;4;35;016;2016;07;10;2;3;0;7;0;0;1;0;0;0;0;0;536012,994100000010000;5279623,891400000100000;9,479717019000001;47,669003797000002
33675;33676;08;1;35;016;2016;07;09;6;2;0;1;0;0;1;0;0;0;0;0;593752,984199999950000;5386799,828400000000000;10,272330385000000;48,627234970000003
33683;33684;08;3;35;043;2016;07;14;1;2;9;3;0;0;1;0;0;0;0;0;513456,085599999990000;5279339,615600000100000;9,179238035999999;47,667308804999998
33688;33689;08;3;35;063;2016;07;18;3;3;8;7;0;0;1;0;0;0;0;0;497961,921199999980000;5292393,598799999800000;8,972791172999999;47,784900338000000
33690;33691;08;4;17;002;2016;07;17;2;3;6;4;0;0;0;1;1;0;0;0;488941,668300000020000;5348024,943199999600000;8,850932195000000;48,285329504000003
33692;33693;08;1;11;000;2016;07;19;7;3;5;2;0;0;1;1;0;0;0;0;515145,076100000010000;5394479,574400000300000;9,205842162000000;48,703167145000002
33701;33702;08;1;25;059;2016;07;15;1;3;5;3;0;0;1;1;0;0;0;0;526620,654300000050000;5440205,515999999800000;9,364790363999999;49,114114258999997
33702;33703;08;3;16;054;2016;07;07;5;3;5;2;0;0;1;1;0;0;0;0;418133,073600000000000;5337641,501000000200000;7,898533820000000;48,186731221000002
33704;33705;08;3;26;037;2016;07;06;3;2;0;1;0;0;1;0;0;0;1;0;457515,070400000030000;5327630,065800000000000;8,429352173000000;48,100518975999996
33706;33707;08;1;16;049;2016;07;12;6;2;8;1;0;0;1;0;0;0;0;0;523042,356900000010000;5387712,920500000000000;9,312798515000001;48,642052602000000
33708;33709;08;1;16;037;2016;07;11;1;3;2;6;0;0;1;0;0;1;0;0;535394,623499999990000;5401587,680700000400000;9,481664242000001;48,766289262999997
33709;33710;08;3;35;098;2016;07;11;7;3;0;7;0;0;1;0;0;0;0;0;499428,193600000000000;5294408,990600000100000;8,992363595000001;47,803036820000003
33716;33717;08;4;35;005;2016;07;15;1;2;8;7;0;0;1;0;0;0;0;0;524380,985800000020000;5285798,676500000100000;9,325119314000000;47,725104737999999
33722;33723;08;2;11;000;2016;07;13;1;3;5;3;0;0;1;1;0;0;0;0;443694,868800000000000;5391775,419099999600000;8,235138309000000;48,676485053999997
33724;33725;08;4;36;064;2016;07;11;3;3;5;3;0;0;1;1;0;0;0;0;546996,363999999940000;5291701,580000000100000;9,627318107000001;47,776962843000000
33726;33727;08;1;16;043;2016;07;18;6;3;0;2;0;0;1;1;0;0;0;0;541921,204900000010000;5380525,840300000300000;9,568341433000001;48,576418130000000
33729;33730;08;3;17;034;2016;07;10;7;3;0;7;0;0;1;0;0;0;0;0;426007,858000000010000;5363090,534000000000000;8,000004561000001;48,416620354000003
33733;33734;08;2;15;109;2016;07;18;3;3;5;3;0;0;1;1;0;0;0;0;463189,992600000000000;5434037,652400000000000;8,496148592999999;49,058107894000003
33743;33744;08;4;35;066;2016;07;11;3;2;0;7;0;0;1;0;0;0;0;0;519672,740700000020000;5287698,159500000100000;9,262421698000001;47,742356051999998
33746;33747;08;3;17;110;2016;07;13;2;3;5;3;0;0;1;1;0;0;0;0;428215,252299999990000;5380129,558600000100000;8,026903983000000;48,570143733999998
33755;33756;08;4;35;066;2016;07;16;2;3;0;3;0;0;1;0;0;0;0;0;518178,685000000000000;5286905,043899999900000;9,242459015000000;47,735263818999996
33760;33761;08;2;25;033;2016;07;20;3;1;3;6;0;0;1;1;0;0;0;0;509720,917100000020000;5462450,488300000300000;9,133748491000000;49,314712948000000
33789;33790;08;1;11;000;2016;07;14;1;3;0;7;0;0;1;0;0;0;0;0;516585,083900000030000;5407332,242900000000000;9,225931645999999;48,818752115000002
33791;33792;08;1;11;000;2016;07;09;4;3;5;3;0;0;1;0;0;0;0;1;517860,498299999980000;5404366,464999999900000;9,243176895000000;48,792037088999997
33797;33798;08;2;36;070;2016;07;16;6;3;6;7;0;0;0;1;1;0;0;0;470749,867399999990000;5416032,015100000400000;8,600919485000000;48,896544743000000
33802;33803;08;1;16;033;2016;07;08;3;3;1;7;0;0;1;0;0;0;0;0;530533,595699999950000;5389774,127299999800000;9,414641174000000;48,660274022999999
33803;33804;08;4;35;016;2016;07;07;3;3;4;2;0;0;1;1;0;0;0;0;536181,618000000020000;5277982,631199999700000;9,481827220000000;47,654227306999999
33804;33805;08;3;17;126;2016;07;19;3;2;8;1;0;0;1;0;0;0;0;0;438444,390300000030000;5381307,984699999900000;8,165376524999999;48,581832366000000
33806;33807;08;3;25;072;2016;07;07;2;3;5;3;0;0;1;1;0;0;0;0;472055,950000000010000;5330288,093999999600000;8,624482255000000;48,125236627000000
33808;33809;08;3;17;121;2016;07;15;7;3;5;3;0;0;1;1;0;0;0;0;420622,558299999980000;5341035,273600000000000;7,931387237000000;48,217575256000003
33810;33811;08;3;17;150;2016;07;08;6;3;0;1;0;0;1;0;0;0;0;0;407930,874200000020000;5359137,511199999600000;7,756617042000000;48,378682912999999
33826;33827;08;3;15;059;2016;07;07;3;3;5;3;0;0;1;1;0;0;0;0;399200,587200000010000;5321366,504300000100000;7,647723345000000;48,037623371999999
33835;33836;08;2;26;010;2016;07;13;5;2;0;3;0;0;1;1;0;0;0;0;483135,810699999970000;5459522,236600000400000;8,768092708999999;49,288217586999998
33871;33872;08;4;15;061;2016;07;19;2;3;8;1;0;0;1;0;0;0;0;0;511968,044899999980000;5368523,373200000300000;9,161914541000000;48,469728263999997
33873;33874;08;3;36;069;2016;07;16;7;2;0;7;0;0;1;0;0;0;0;0;409656,638400000000000;5271198,918399999800000;7,798419960000000;47,587907002000001
33879;33880;08;4;36;082;2016;07;18;1;3;3;6;0;0;1;1;0;0;0;0;548771,229399999950000;5295257,807300000500000;9,651407610000000;47,808826054999997
33880;33881;08;1;16;070;2016;07;12;3;3;5;2;0;0;1;1;0;0;0;0;539575,041399999990000;5384829,806200000500000;9,536945266000000;48,615288579999998
33881;33882;08;4;35;016;2016;07;00;3;3;0;7;2;0;1;0;0;0;0;0;537269,343899999980000;5277558,043800000100000;9,496275616000000;47,650345381999998
33883;33884;08;4;35;035;2016;07;10;5;3;5;3;0;0;1;0;0;0;0;1;542238,231999999960000;5282795,371000000300000;9,562944418000001;47,697161743000002
33887;33888;08;4;35;016;2016;07;13;5;3;2;2;0;0;1;0;0;0;0;0;536051,885099999960000;5279875,677199999800000;9,480255837000000;47,671267045000000
33890;33891;08;3;26;027;2016;07;11;7;3;0;1;0;0;1;0;0;0;0;0;461874,525700000000000;5308264,080500000200000;8,489627079000000;47,926562781000001
33900;33901;08;4;21;000;2016;07;15;3;2;1;3;0;0;1;1;0;0;0;0;571629,177000000030000;5361277,138000000300000;9,967755477000001;48,400581469999999
33905;33906;08;2;35;079;2016;07;14;7;3;0;7;0;0;1;0;0;0;0;0;469498,700599999980000;5401961,275999999600000;8,584896404000000;48,769909087999999
33909;33910;08;1;35;016;2016;07;18;3;1;0;1;0;0;1;0;0;0;0;0;593688,812000000030000;5386800,579900000200000;10,271459891999999;48,627251344999998
33911;33912;08;4;15;062;2016;07;18;7;3;6;6;0;0;1;0;1;0;0;0;519831,913600000030000;5378738,516200000400000;9,268788781000000;48,561427692000002
33912;33913;08;3;11;000;2016;07;11;7;2;4;2;0;0;1;1;0;0;0;0;418739,774600000000000;5314355,762099999900000;7,911125126000000;47,977344025999997
33916;33917;08;1;28;131;2016;07;18;6;3;5;3;0;0;1;1;0;0;0;0;536538,752300000050000;5514203,230800000000000;9,507520482000000;49,779182409999997
33917;33918;08;2;22;000;2016;07;16;2;3;4;6;0;0;1;0;0;0;0;0;463574,133399999990000;5483477,623700000300000;8,496902905000001;49,502835028000000
33919;33920;08;1;27;101;2016;07;18;2;2;5;3;0;0;1;1;0;0;0;0;586161,891199999950000;5442721,917100000200000;10,181119292000000;49,131285108000000
33920;33921;08;4;35;054;2016;07;14;2;3;5;3;0;0;1;1;0;0;0;0;522417,873100000030000;5282097,519200000000000;9,298751316000001;47,691874663000000
33927;33928;08;4;21;000;2016;07;23;2;3;5;3;2;0;1;1;1;0;0;0;574243,165599999950000;5361161,925300000200000;10,003046208000001;48,399242670000000
33931;33932;08;4;35;016;2016;07;00;3;2;0;1;2;0;1;0;0;0;0;0;537322,495600000020000;5277534,541899999600000;9,496981347000000;47,650130861999997
33962;33963;08;2;31;000;2016;07;16;4;3;0;7;0;0;1;1;0;0;0;0;478462,142999999980000;5416443,690999999600000;8,706120170000000;48,900564162999999
33971;33972;08;4;35;057;2016;07;09;7;2;7;1;0;0;1;0;0;0;0;0;544372,388999999970000;5279655,606999999800000;9,591067398000000;47,668769574999999
33977;33978;08;2;12;000;2016;07;15;3;2;5;3;0;0;1;0;0;0;0;1;456399,830399999980000;5425489,392599999900000;8,404129082000001;48,980772301000002
33978;33979;08;4;35;067;2016;07;12;6;2;4;6;0;0;1;0;0;0;0;0;528592,206899999990000;5291615,438400000300000;9,381657023000001;47,777267524999999
33980;33981;08;3;36;050;2016;07;12;6;3;0;7;0;0;1;0;0;0;0;0;399632,002600000010000;5273880,857699999600000;7,664512390000000;47,610558101999999
33983;33984;08;3;15;013;2016;07;14;6;2;3;2;0;0;0;1;1;0;0;0;404152,990200000000000;5325310,290000000000000;7,713260916000000;48,073859757000001
33995;33996;08;3;37;076;2016;07;00;4;3;0;1;2;0;1;0;0;0;0;0;426383,981600000000000;5267151,086100000000000;8,021537410000001;47,553605120999997
33998;33999;08;4;37;031;2016;07;07;6;2;6;4;0;0;0;1;1;0;0;0;516103,778999999980000;5344103,411000000300000;9,216931326999999;48,249940381000002
34005;34006;08;3;17;146;2016;07;07;3;3;5;3;0;0;1;1;0;0;0;0;430441,805500000020000;5355786,137299999600000;8,061129519000000;48,351419726000003
34007;34008;08;3;35;021;2016;07;11;1;3;0;1;0;0;1;0;0;0;0;0;495469,234699999970000;5308182,166799999800000;8,939347801000000;47,926943831999999
34010;34011;08;3;15;022;2016;07;13;5;3;5;3;0;0;1;1;0;0;0;0;398231,881999999980000;5301546,782999999800000;7,639419393000000;47,859196855000000
34012;34013;08;3;25;053;2016;07;16;4;3;6;4;0;0;0;1;1;0;0;0;454276,896699999980000;5341215,429899999900000;8,384399631000001;48,222514343000000