FID;OBJECTID;ULAND;UREGBEZ;UKREIS;UGEMEINDE;UJAHR;UMONAT;USTUNDE;UWOCHENTAG;UKATEGORIE;UART;UTYP1;ULICHTVERH;IstStrasse;IstRad;IstPKW;IstFuss;IstKrad;IstGkfz;IstSonstig;LINREFX;LINREFY;XGCSWGS84;YGCSWGS84
34013;34014;08;1;26;046;2016;07;16;5;3;6;4;0;0;0;1;1;0;0;0;549906,968600000020000;5458595,331600000200000;9,686155286000000;49,278075330000000
34019;34020;08;2;26;099;2016;07;13;2;2;0;1;0;0;1;0;0;0;0;0;483707,049899999980000;5479431,979799999900000;8,775132433000000;49,467320348999998
34020;34021;08;1;15;042;2016;07;04;2;1;1;7;2;0;0;0;1;0;1;0;495588,639399999990000;5405368,413900000000000;8,939926764999999;48,801291419999998
34024;34025;08;1;18;076;2016;07;17;5;3;6;4;0;0;0;1;1;0;0;0;505186,503299999980000;5423973,728600000000000;9,070865091000000;48,968654940000000
34029;34030;08;1;18;006;2016;07;19;6;2;0;7;0;1;1;0;0;0;0;0;517714,338700000020000;5421584,285400000400000;9,241932480999999;48,946928325000002
34035;34036;08;4;35;016;2016;07;11;1;2;0;7;0;0;1;1;0;0;0;0;531338,114199999950000;5279616,544200000400000;9,417445817000001;47,669181146000000
34037;34038;08;2;16;013;2016;07;13;3;2;9;1;0;0;1;0;0;0;0;0;445247,456699999980000;5386406,850499999700000;8,256937137000000;48,628330705000003
34048;34049;08;3;15;113;2016;07;18;3;2;5;3;0;0;1;1;0;0;0;0;438036,686999999980000;5307365,440000000400000;8,170675116000000;47,916616912999999
34049;34050;08;2;22;000;2016;07;20;4;2;5;3;0;0;1;1;0;0;0;0;463813,374399999970000;5485874,003700000200000;8,499987381000000;49,524403517000003
34056;34057;08;4;15;061;2016;07;16;1;3;6;4;0;0;0;1;1;0;0;0;515707,632500000010000;5371524,485299999800000;9,212619562000000;48,496645074000000
34062;34063;08;4;15;061;2016;07;08;4;2;6;4;0;0;0;0;1;0;1;0;515660,899600000000000;5372214,585400000200000;9,212012873999999;48,502854616000000
34063;34064;08;1;21;000;2016;07;15;4;3;3;2;0;0;1;0;0;0;0;1;516513,607299999970000;5442063,990500000300000;9,226368194999999;49,131186440000000
34064;34065;08;3;17;096;2016;07;06;4;3;5;2;0;0;1;1;0;0;0;0;421048,881899999980000;5368525,007299999700000;7,931971910000000;48,464901165000001
34065;34066;08;4;25;130;2016;07;13;1;2;5;3;0;0;1;1;0;0;0;0;573059,486500000000000;5378603,380199999500000;9,990105385000000;48,556268506000002
34070;34071;08;4;36;064;2016;07;12;4;3;6;3;0;0;0;1;1;0;0;0;546011,199200000030000;5292519,723799999800000;9,614255397999999;47,784394808999998
34076;34077;08;3;37;038;2016;07;14;6;2;5;3;0;0;1;1;0;0;0;0;431487,741400000000000;5274711,252299999800000;8,088183915000000;47,622180264000001
34078;34079;08;1;19;067;2016;07;10;3;3;6;4;0;0;1;0;1;0;0;0;538693,416600000000000;5405517,511099999800000;9,526923600000000;48,801443996000003
34088;34089;08;3;36;050;2016;07;17;4;3;6;7;0;0;0;1;1;0;0;0;399253,114200000010000;5275329,869900000300000;7,659139100000000;47,623533641000002
34089;34090;08;2;26;096;2016;07;08;3;3;4;6;0;0;1;0;0;0;0;0;475435,891799999980000;5487607,441700000300000;8,660471121000001;49,540577683000002
34094;34095;08;2;37;040;2016;07;18;6;3;5;3;0;0;1;1;0;0;0;0;476998,327800000030000;5365560,704199999600000;8,688977152000000;48,442768303999998
34099;34100;08;4;36;064;2016;07;15;6;2;5;3;0;0;1;1;0;0;0;0;545253,096400000040000;5292294,166299999700000;9,604111701000001;47,782419173999997
34119;34120;08;1;17;026;2016;07;13;7;3;0;6;0;0;1;0;1;0;0;0;547614,834700000010000;5394850,999800000300000;9,647173773000001;48,704874795000002
34120;34121;08;3;17;096;2016;07;06;3;3;3;6;0;0;1;1;0;0;0;0;421226,369599999980000;5369259,897300000300000;7,934234059000000;48,471533676000000
34127;34128;08;1;19;086;2016;07;18;6;3;3;2;0;0;1;1;0;0;0;0;535146,616999999970000;5405988,392000000000000;9,478665749999999;48,805890523999999
34142;34143;08;1;19;041;2016;07;08;4;2;4;2;0;0;1;1;0;0;0;0;525697,966999999950000;5410712,574000000000000;9,350282569999999;48,848850454999997
34144;34145;08;2;16;007;2016;07;19;4;2;0;7;0;0;1;0;0;0;0;0;431368,268800000020000;5396091,582899999800000;8,066994862000000;48,714075184999999
34150;34151;08;1;18;079;2016;07;17;6;3;5;2;0;0;1;0;0;0;0;1;508036,023600000010000;5421410,480899999800000;9,109748471000000;48,945566329999998
34169;34170;08;3;36;105;2016;07;18;1;3;0;1;0;0;1;0;0;0;0;0;399879,373700000000000;5267276,980100000300000;7,669309395000000;47,551191750999998
34172;34173;08;3;17;096;2016;07;06;5;3;5;3;0;0;1;1;0;0;0;0;422342,989500000030000;5368849,915199999700000;7,949414812000000;48,467984803000000
34174;34175;08;1;26;072;2016;07;16;2;3;5;3;0;0;1;0;0;0;1;0;537737,136599999970000;5465323,327200000200000;9,519480359999999;49,339464476000003
34175;34176;08;4;16;022;2016;07;15;1;2;5;3;0;0;1;0;0;1;0;0;510040,246999999970000;5375443,771999999900000;9,136000076000000;48,532020496999998
34181;34182;08;4;15;050;2016;07;09;4;3;5;2;0;0;1;1;0;0;0;0;521469,014000000020000;5376058,332000000400000;9,290838475999999;48,537262265999999
34182;34183;08;2;35;007;2016;07;18;3;3;0;7;0;0;1;1;0;0;0;0;482553,886000000000000;5398967,760999999900000;8,762693992999999;48,743482634000003
34184;34185;08;4;36;083;2016;07;12;6;3;6;7;0;0;0;1;1;0;0;0;531700,736599999950000;5301205,559399999700000;9,423851204000000;47,863406527999999
34187;34188;08;2;15;096;2016;07;10;1;2;2;6;0;0;1;0;0;0;0;0;463774,162000000010000;5418349,480000000400000;8,505542647000000;48,917022711000001
34200;34201;08;3;35;043;2016;07;16;4;3;2;6;0;0;1;1;0;0;0;0;510014,863399999970000;5288101,371399999600000;9,133601649999999;47,746206243000003
34202;34203;08;2;21;000;2016;07;07;3;3;5;3;0;0;1;1;0;0;0;0;476326,365999999980000;5471751,083200000200000;8,673727771999999;49,397989391000003
34203;34204;08;3;17;001;2016;07;18;6;3;5;2;1;1;1;1;0;0;0;0;431777,215299999980000;5387053,405000000300000;8,074044555000000;48,632822101999999
34204;34205;08;4;15;061;2016;07;12;6;3;6;2;0;0;0;1;1;0;0;0;511017,962000000000000;5364457,901200000200000;9,148953994999999;48,433170824999998
34210;34211;08;1;18;010;2016;07;07;2;3;6;4;0;0;0;1;1;0;0;0;506698,967500000030000;5432218,357900000200000;9,091666448000000;49,042805749999999
34220;34221;08;2;15;100;2016;07;09;2;2;3;6;0;1;1;0;0;0;0;1;474719,001999999980000;5451860,352199999600000;8,652834788000000;49,219008277000000
34229;34230;08;2;26;028;2016;07;19;6;3;5;2;0;0;1;1;0;0;0;0;472013,863200000020000;5484599,005099999700000;8,613385827000000;49,513369590000003
34234;34235;08;3;16;053;2016;07;07;3;3;4;6;0;0;1;0;0;0;0;0;407362,000600000030000;5338116,858199999700000;7,753545874000000;48,189527251999998
34236;34237;08;1;11;000;2016;07;08;3;3;0;1;0;0;1;0;0;0;0;0;516600,397400000020000;5404396,951299999800000;9,226021560000000;48,792346258999999
34262;34263;08;4;25;138;2016;07;14;2;3;0;1;0;0;1;0;0;0;0;0;573533,566400000010000;5350509,710599999900000;9,991599805000000;48,303506155000001
34264;34265;08;1;21;000;2016;07;15;2;2;5;3;0;0;1;1;0;0;0;0;515394,957400000010000;5446333,714399999900000;9,211197071999999;49,169623016999999
34268;34269;08;1;17;051;2016;07;11;7;2;5;3;0;0;1;1;0;0;0;0;543006,749100000020000;5394728,330299999600000;9,584532162000000;48,704106080999999
34270;34271;08;2;12;000;2016;07;16;5;3;5;3;0;0;1;1;0;0;0;0;455738,470299999990000;5431710,299100000400000;8,394412723000000;49,036682943999999
34273;34274;08;2;31;000;2016;07;06;3;3;8;1;0;0;1;0;0;0;0;0;475762,573800000010000;5414472,096300000300000;8,669402641000000;48,882728667000002
34280;34281;08;1;19;076;2016;07;10;2;2;3;2;0;0;1;1;0;0;0;0;542361,557999999960000;5406514,729500000400000;9,576976403000000;48,810175278999999
34287;34288;08;3;36;100;2016;07;19;7;2;8;1;0;0;1;0;0;0;0;0;398428,560500000020000;5278486,775000000400000;7,647435279000000;47,651802011999997
34291;34292;08;2;16;043;2016;07;11;3;3;5;3;0;0;1;1;0;0;0;0;442716,366500000000000;5410349,298800000000000;8,219262172000001;48,843471051999998
34292;34293;08;3;15;111;2016;07;12;6;2;0;1;0;0;1;0;0;0;0;0;401619,914800000030000;5299756,974399999700000;7,685109973000000;47,843625220000000
34294;34295;08;3;17;065;2016;07;19;2;3;5;3;0;0;1;1;0;0;0;0;416774,580000000020000;5354898,082000000400000;7,876863802000000;48,341778400999999
34298;34299;08;1;26;046;2016;07;10;1;3;3;6;0;0;1;1;0;0;0;0;554594,141300000020000;5459515,896099999500000;9,750717881000000;49,285954631000003
34305;34306;08;1;18;048;2016;07;19;6;3;5;3;1;1;1;1;0;0;0;0;513066,828700000010000;5416818,240799999800000;9,178307072999999;48,904170129000001
34309;34310;08;2;36;072;2016;07;21;7;3;5;3;1;0;1;1;0;0;0;0;467359,342799999980000;5410685,639700000200000;8,555088166999999;48,848281825999997
34317;34318;08;2;16;043;2016;07;13;6;3;5;2;0;0;1;1;0;0;0;0;442876,340800000010000;5412780,100599999500000;8,221103160000000;48,865350888999998
34318;34319;08;1;18;014;2016;07;15;1;3;8;1;0;1;1;0;0;0;0;0;521814,019099999980000;5421110,597500000100000;9,297897529000000;48,942536207000003
34323;34324;08;4;36;064;2016;07;12;4;2;6;4;0;0;0;1;1;0;0;0;546739,606200000040000;5293838,752700000100000;9,624121207000000;47,796209640999997
34324;34325;08;1;15;044;2016;07;18;7;3;5;2;0;0;1;1;0;0;0;0;502798,998900000010000;5387424,902800000300000;9,037994575000001;48,639879999000001
34333;34334;08;4;36;052;2016;07;08;7;3;0;6;0;1;1;0;0;0;0;1;561874,027800000040000;5290034,198400000100000;9,825652319000000;47,760704967999999
34336;34337;08;4;35;016;2016;07;19;1;3;0;1;0;0;1;0;0;0;0;0;535955,600400000000000;5277748,175599999700000;9,478798189999999;47,652130411999998
34337;34338;08;2;37;002;2016;07;16;4;3;6;4;0;0;0;1;1;0;0;0;455567,795999999970000;5354725,221500000000000;8,400357938999999;48,344143537999997
34347;34348;08;3;36;104;2016;07;17;6;3;3;6;0;0;1;0;0;0;1;0;402559,517700000030000;5287109,848600000100000;7,700504007000000;47,730004911999998
34358;34359;08;1;26;066;2016;07;06;5;3;5;3;0;0;1;1;0;0;0;0;535183,583199999990000;5450525,110600000200000;9,483028681000000;49,206509103999998
34361;34362;08;2;22;000;2016;07;08;3;3;5;3;0;0;1;1;0;0;0;0;468834,077999999980000;5478151,688600000000000;8,569968153000000;49,455223406000002
34362;34363;08;3;17;098;2016;07;09;6;3;0;1;0;0;1;0;0;0;0;0;438188,225700000010000;5366902,730100000300000;8,164038428000000;48,452225923999997
34369;34370;08;1;25;065;2016;07;22;4;3;5;3;2;0;1;1;0;0;0;0;515898,489200000010000;5448522,262500000200000;9,218191290000000;49,189296759000001
34371;34372;08;3;37;060;2016;07;09;2;3;6;7;0;0;0;1;1;0;0;0;467914,078400000000000;5277686,655299999800000;8,572734843999999;47,651780352999999
34372;34373;08;2;12;000;2016;07;13;6;3;5;2;0;0;1;1;0;0;0;0;455980,777799999980000;5429421,896099999500000;8,397976169000000;49,016115929999998
34382;34383;08;3;15;074;2016;07;13;6;2;0;7;0;0;1;0;0;0;0;0;397196,750200000010000;5296316,727000000000000;7,626826381000000;47,811988440999997
34387;34388;08;2;26;038;2016;07;23;6;3;5;3;2;1;1;1;0;0;0;0;472051,543599999980000;5480075,084300000200000;8,614226281000001;49,472680287000003
34391;34392;08;2;37;075;2016;07;15;2;2;8;1;0;0;1;0;0;0;0;0;450202,947700000020000;5362359,887099999900000;8,327056039000000;48,412424590999997
34396;34397;08;1;19;076;2016;07;11;5;3;3;2;0;1;1;1;0;0;0;0;541546,371099999990000;5406428,707000000400000;9,565865190000000;48,809456503000000
34408;34409;08;4;35;016;2016;07;16;5;3;6;6;0;0;1;1;1;0;0;0;536295,564800000050000;5278914,882299999700000;9,483422005000000;47,662608765000002
34419;34420;08;3;36;050;2016;07;22;4;2;5;3;2;0;1;1;0;0;0;0;399226,874000000010000;5275519,716000000000000;7,658746271000000;47,625237284000001
34430;34431;08;1;36;027;2016;07;16;5;3;5;3;0;0;1;1;0;0;0;0;554485,616400000060000;5420407,976099999600000;9,743947278000000;48,934201109000000
34436;34437;08;2;12;000;2016;07;19;4;3;5;3;0;0;1;0;0;0;0;0;457896,126800000030000;5427947,012000000100000;8,424322777000000;49,002982820000000
34451;34452;08;1;28;061;2016;07;15;5;2;5;2;0;0;1;1;0;0;0;0;539075,905499999990000;5492930,640300000100000;9,540633939999999;49,587693942999998
34452;34453;08;1;11;000;2016;07;13;5;2;6;4;0;1;0;0;1;0;0;1;511600,998100000030000;5401960,423100000200000;9,157884150999999;48,770540810000000
34457;34458;08;4;25;024;2016;08;18;2;3;3;6;0;0;1;1;0;0;0;0;572967,598099999940000;5372452,565299999900000;9,987783587999999;48,500952527999999
34462;34463;08;4;26;062;2016;07;02;6;2;3;6;2;0;1;1;0;0;0;0;553066,616599999950000;5315852,750099999800000;9,711307896999999;47,993771695000000
34463;34464;08;4;35;016;2016;07;11;7;2;5;3;0;0;1;1;0;0;0;0;532170,957100000000000;5279193,970499999800000;9,428508435000000;47,665338157999997
34464;34465;08;4;35;016;2016;07;16;1;3;8;7;0;1;1;0;0;0;0;0;533034,268099999990000;5280368,755800000400000;9,440096015000000;47,675864697999998
34469;34470;08;3;27;049;2016;08;22;2;3;6;2;2;0;0;1;1;0;0;0;472932,658000000000000;5324164,088999999700000;8,636651814000000;48,070177749000003
34471;34472;08;2;36;039;2016;07;14;7;3;0;3;0;0;1;1;0;0;0;0;488780,622700000010000;5411221,421699999800000;8,847056319000000;48,853858629999998
34473;34474;08;3;26;017;2016;07;10;6;3;6;7;0;0;0;1;1;0;0;0;440203,745899999980000;5321808,236300000000000;8,197665340000000;48,046754931000002
34475;34476;08;1;26;058;2016;08;13;3;3;8;7;0;1;1;0;0;0;0;0;542502,031100000020000;5451238,234299999700000;9,583572748000000;49,212459670999998
34482;34483;08;1;25;013;2016;07;18;4;3;6;6;0;0;0;1;1;0;0;0;504564,935699999970000;5435795,631900000400000;9,062505426000000;49,075004685000003
34490;34491;08;4;35;034;2016;07;10;6;3;0;1;0;0;1;0;0;0;0;0;531297,105800000020000;5284741,758000000400000;9,417267266000000;47,715296901000002
34491;34492;08;3;11;000;2016;07;15;6;3;5;3;0;0;1;0;0;0;0;1;415060,970199999980000;5320073,009300000000000;7,860707526000000;48,028295137999997
34495;34496;08;3;11;000;2016;07;19;5;3;0;2;1;0;1;1;0;0;0;0;414488,493499999980000;5315934,880500000000000;7,853855642000000;47,990994747999999
34496;34497;08;2;15;009;2016;08;19;2;3;5;2;0;0;1;1;0;0;0;0;466434,493000000020000;5437475,519999999600000;8,540272119999999;49,089217566000002
34497;34498;08;2;15;082;2016;07;18;5;3;3;6;0;0;1;1;0;0;0;0;489533,117800000010000;5438814,723100000100000;8,856604118000000;49,102090717999999
34500;34501;08;3;15;003;2016;07;16;1;3;2;6;0;0;1;1;0;0;0;0;412512,086399999970000;5311764,355399999800000;7,828219894000000;47,953212086999997
34503;34504;08;2;21;000;2016;07;19;5;3;3;2;0;0;1;1;0;0;0;0;476645,204399999990000;5472026,302899999500000;8,678105778999999;49,400477266999999
34504;34505;08;1;21;000;2016;07;10;4;3;6;3;0;0;0;1;1;0;0;0;516201,354100000000000;5442396,185999999800000;9,222101217000001;49,134182963999997
34509;34510;08;1;21;000;2016;07;18;5;3;6;4;0;0;0;1;1;0;0;0;512770,814399999970000;5438669,087200000000000;9,174954917999999;49,100737141000003
34513;34514;08;3;17;041;2016;07;18;4;3;0;7;0;0;1;0;0;0;0;0;438964,515200000020000;5348399,925800000300000;8,177221861000000;48,285856488999997
34514;34515;08;4;17;079;2016;07;13;6;2;3;7;0;0;1;0;0;1;0;0;497781,779700000010000;5340469,532999999800000;8,970137643999999;48,217447782999997
34516;34517;08;1;19;079;2016;07;17;4;3;0;2;0;0;1;0;0;0;0;1;524559,317599999950000;5407525,775200000000000;9,334571255000000;48,820229005999998
34525;34526;08;1;15;028;2016;07;16;5;3;6;4;0;0;0;1;1;0;0;0;501068,089700000010000;5407128,820299999800000;9,014549668000001;48,817142623000002
34529;34530;08;4;35;016;2016;08;17;2;3;8;1;0;0;1;0;0;0;0;0;535068,785500000000000;5277772,839399999900000;9,466991419999999;47,652400995999997
34531;34532;08;3;35;077;2016;07;12;3;3;6;4;0;0;0;1;1;0;0;0;494332,830000000020000;5293849,246000000300000;8,924322977999999;47,797975825999998
34539;34540;08;3;17;039;2016;07;19;4;3;0;2;0;0;1;1;0;0;0;0;441608,046299999990000;5342915,941300000100000;8,213611035000000;48,236772381999998
34540;34541;08;3;11;000;2016;07;18;4;2;3;2;0;0;1;1;0;0;0;0;412805,069499999980000;5314673,213700000200000;7,831553064000000;47,979418301999999
34541;34542;08;3;35;061;2016;07;10;3;3;8;1;0;0;1;0;0;0;0;0;491861,080200000030000;5278869,671500000200000;8,891596370000000;47,663169169000000
34544;34545;08;2;16;007;2016;07;19;6;2;5;3;0;0;1;1;0;0;0;0;436679,538000000000000;5392934,038999999900000;8,139673563000001;48,686234869000003
34547;34548;08;1;16;070;2016;08;16;2;3;0;7;0;0;0;1;1;0;0;0;539796,737800000000000;5384665,513000000300000;9,539937294000000;48,613796565999998
34550;34551;08;2;15;100;2016;07;08;7;2;5;2;0;0;1;1;0;0;0;0;473781,957999999980000;5450933,520999999700000;8,640027863000000;49,210631945999999
34563;34564;08;1;25;039;2016;08;15;2;3;0;6;0;0;1;1;0;1;0;0;516343,513900000020000;5458653,978600000000000;9,224711808000000;49,280421664999999
34566;34567;08;3;15;048;2016;08;17;2;3;5;2;0;0;1;1;0;0;0;0;397377,049600000030000;5310246,105600000400000;7,625924887000000;47,937309196000001
34567;34568;08;2;11;000;2016;07;11;6;3;6;7;0;0;0;1;1;0;0;0;442605,153899999980000;5403004,348500000300000;8,218773704000000;48,777392396000003
34568;34569;08;1;36;045;2016;07;17;6;3;5;3;0;0;1;1;0;0;0;0;597935,261399999960000;5400983,879200000300000;10,332435026000001;48,754160773000002
34574;34575;08;2;15;101;2016;07;10;7;2;6;3;0;0;0;1;1;0;0;0;465892,146799999990000;5428060,042399999700000;8,533636911000000;49,004493222999997
34596;34597;08;3;26;060;2016;08;16;2;3;7;7;0;0;1;0;0;0;0;0;442114,552600000000000;5331388,188900000400000;8,222002802000000;48,133114431000003
34597;34598;08;4;15;093;2016;07;22;5;3;0;1;2;0;1;0;0;0;0;0;527519,099000000050000;5365523,696499999600000;9,372102698999999;48,442254077999998
34601;34602;08;1;18;046;2016;07;07;4;3;5;2;0;0;1;1;0;0;0;0;515175,719800000020000;5412652,489699999800000;9,206929682000000;48,866648042999998
34605;34606;08;2;12;000;2016;07;19;4;3;5;2;0;0;1;1;0;0;0;0;454489,462400000020000;5428273,936999999900000;8,377710314000000;49,005681750999997
34607;34608;08;2;12;000;2016;07;14;5;3;6;7;0;0;0;0;1;0;0;1;458761,563000000020000;5429350,269999999600000;8,436012542000000;49,015663787000001
34620;34621;08;1;17;026;2016;07;14;4;3;3;2;0;0;1;1;0;0;0;0;547195,585300000040000;5395015,530600000200000;9,641494583000000;48,706386700000003
34621;34622;08;3;17;096;2016;08;14;2;3;5;3;0;0;1;1;0;0;0;0;422051,387999999980000;5369731,088000000500000;7,945306298000000;48,475874806999997
34625;34626;08;1;17;026;2016;08;09;2;2;5;3;0;0;1;1;0;0;0;0;549785,994500000030000;5394459,595900000100000;9,676634554000000;48,701184408000003
34632;34633;08;4;35;035;2016;07;14;4;3;1;5;0;0;1;1;0;0;0;0;541918,352700000050000;5281745,561599999700000;9,558580450999999;47,687737187000003
34633;34634;08;4;37;053;2016;08;09;2;2;5;3;0;0;1;1;0;0;0;0;527969,535000000030000;5319760,589999999900000;9,375170964000001;48,030520909000003
34667;34668;08;3;17;029;2016;07;18;6;3;8;7;0;0;1;0;0;0;0;0;434221,179999999990000;5348699,299399999900000;8,113241210000000;48,288074346999998
34669;34670;08;4;37;088;2016;08;20;2;2;8;1;0;0;1;0;0;0;0;0;521103,847599999980000;5301876,308899999600000;9,282201647999999;47,869877064000001
34672;34673;08;1;19;061;2016;07;19;6;3;6;4;0;0;0;1;1;0;0;0;538942,180900000040000;5414685,688400000300000;9,531182561000000;48,883900586999999
34674;34675;08;1;15;003;2016;07;06;4;3;5;3;0;0;1;0;0;0;0;0;499836,097100000010000;5392068,128600000400000;8,997773285999999;48,681657393000002
34676;34677;08;3;37;116;2016;08;19;2;2;0;1;0;0;1;0;0;0;0;0;418936,612700000000000;5277486,406399999700000;7,920657587000000;47,645696872000002
34682;34683;08;1;25;056;2016;08;17;2;3;4;2;0;0;1;1;0;0;0;0;511405,566400000010000;5435759,566499999700000;9,156169555000000;49,074591536000000
34696;34697;08;2;15;009;2016;08;17;2;3;3;2;0;0;1;1;0;0;0;0;469724,074499999990000;5441031,046400000300000;8,585059773999999;49,121370933999998
34697;34698;08;2;15;009;2016;07;18;5;3;5;3;0;0;1;1;0;0;0;0;470605,634599999990000;5441680,336000000100000;8,597094174000000;49,127254213999997
34700;34701;08;3;17;096;2016;07;11;1;3;1;5;0;0;1;1;0;0;0;0;422578,777200000010000;5368676,878899999900000;7,952636148000000;48,466457421999998
34702;34703;08;3;35;075;2016;07;10;7;3;6;4;0;0;0;1;1;0;0;0;488299,154299999990000;5288050,795199999600000;8,843908218999999;47,745722796000003
34706;34707;08;1;19;042;2016;08;15;2;3;6;4;0;0;0;0;1;0;1;0;528295,428199999970000;5415416,320200000000000;9,386012470000001;48,891050550999999
34715;34716;08;1;11;000;2016;07;15;4;3;5;3;0;0;1;1;0;0;0;0;513031,571100000000000;5406988,420099999800000;9,177512986000000;48,815743841000000
34720;34721;08;2;12;000;2016;07;22;1;3;5;3;2;0;1;1;0;0;0;0;456231,439200000020000;5426697,948499999900000;8,401697720000000;48,991631531000003
34728;34729;08;4;35;036;2016;08;16;2;3;3;6;0;0;1;0;0;0;0;0;519824,995200000000000;5282523,816399999900000;9,264217162000000;47,695795062999998
34733;34734;08;1;36;010;2016;07;13;6;3;5;3;0;0;1;1;0;0;0;0;599301,888599999950000;5412699,438699999800000;10,353856820000001;48,859307160999997
34736;34737;08;1;11;000;2016;08;17;3;3;5;3;0;0;1;1;0;0;0;0;518409,488000000010000;5400423,815999999600000;9,250475007000000;48,756553463000003
34745;34746;08;1;28;061;2016;07;19;4;2;5;3;0;0;1;1;0;0;0;0;538046,055500000020000;5492205,516900000200000;9,526315948000001;49,581237623000000
34765;34766;08;1;11;000;2016;08;11;2;2;6;7;0;0;1;0;1;0;0;0;513737,864200000010000;5401953,911299999800000;9,186965531000000;48,770438722999998
34767;34768;08;1;27;101;2016;07;18;4;3;8;1;0;0;0;0;1;0;0;1;584663,824000000020000;5445831,397699999600000;10,161241421000000;49,159458577000002
34773;34774;08;4;35;034;2016;07;17;5;3;5;3;0;0;1;1;0;0;0;0;528788,038999999990000;5285480,394000000300000;9,383864867000000;47,722059483000002
34784;34785;08;4;35;057;2016;07;17;6;3;5;2;0;0;1;1;0;0;0;0;544716,701299999960000;5279973,616100000200000;9,595686152000001;47,671607055000003
34786;34787;08;4;36;055;2016;07;11;3;3;6;4;0;0;0;1;1;0;0;0;576391,810000000060000;5297034,442599999700000;10,020582522000000;47,822122823999997
34788;34789;08;3;35;002;2016;07;12;5;3;0;7;0;0;1;0;0;0;0;0;503996,818199999980000;5285240,441100000400000;9,053292693000000;47,720530103999998
34790;34791;08;2;15;108;2016;08;00;2;3;5;3;2;0;1;1;0;0;0;0;448518,293000000010000;5423077,339999999900000;8,296727460000000;48,958469336999997
34795;34796;08;4;15;053;2016;07;15;5;3;4;6;0;0;1;1;0;0;0;0;532143,040000000040000;5363461,098000000200000;9,434465893000001;48,423479290000003
34797;34798;08;2;21;000;2016;08;18;2;3;5;3;0;0;1;1;0;0;0;0;477506,222100000010000;5471344,674499999700000;8,690011409000000;49,394378541000002
34799;34800;08;4;17;013;2016;07;09;3;3;1;5;0;0;1;1;0;0;0;0;508433,375899999980000;5348431,295500000000000;9,113691244000000;48,289025762999998
34806;34807;08;1;36;065;2016;07;09;7;2;5;3;0;0;1;1;0;0;0;0;559815,856499999990000;5403953,819400000400000;9,814314476000000;48,785704871000000
34810;34811;08;3;17;096;2016;07;17;4;2;0;4;0;0;1;0;1;0;0;0;422744,828500000000000;5370323,885400000000000;7,954577783000000;48,481292570000001
34826;34827;08;4;35;020;2016;07;20;4;3;0;1;1;1;1;0;0;0;0;0;523622,297800000000000;5298304,493400000000000;9,315682870000000;47,837652728999998
34835;34836;08;1;15;001;2016;08;19;2;3;0;1;0;0;1;0;0;0;0;0;492520,579900000010000;5393338,875099999800000;8,898364920000001;48,693044356999998
34836;34837;08;2;16;028;2016;07;12;1;3;2;6;0;0;1;0;0;0;0;0;426375,885400000030000;5396738,930300000100000;7,999021475000000;48,719328365999999
34838;34839;08;2;36;043;2016;07;11;7;3;0;1;0;0;1;0;0;0;0;0;469754,430799999970000;5411125,132799999800000;8,587701281999999;48,852356692999997
34865;34866;08;2;16;041;2016;07;10;7;2;5;3;0;0;1;1;0;0;0;0;433157,328700000010000;5392349,739400000300000;8,091918393000000;48,680611818000003
34867;34868;08;2;37;024;2016;07;14;6;2;6;4;0;0;0;1;1;0;0;0;479047,000000000000000;5359617,937300000300000;8,716975316999999;48,389376192999997
34868;34869;08;4;37;102;2016;07;11;6;3;5;3;0;0;1;1;0;0;0;0;499778,554400000020000;5327978,348899999600000;8,997025336000000;48,105069268999998
34872;34873;08;1;19;076;2016;07;18;6;3;2;1;0;0;1;1;0;0;0;0;543244,121500000010000;5405926,402200000400000;9,588934531000000;48,804822223000002
34875;34876;08;1;21;000;2016;08;19;2;3;5;3;0;0;1;1;0;0;0;0;515594,972200000020000;5446347,993599999700000;9,213941525999999;49,169746412000002
34880;34881;08;1;25;065;2016;08;17;2;3;5;3;0;0;1;1;0;0;0;0;515796,552000000030000;5448528,560300000000000;9,216792559000000;49,189356044000000
34884;34885;08;1;19;020;2016;07;10;1;3;0;1;0;0;1;0;0;0;0;0;519798,667900000000000;5406232,122100000300000;9,269655408000000;48,808761529999998
34885;34886;08;4;15;061;2016;07;08;4;2;6;4;0;0;0;1;1;0;0;0;514926,460599999990000;5371039,222699999800000;9,202028292000000;48,492298525000002
34891;34892;08;2;16;059;2016;08;09;2;3;5;2;0;0;1;1;0;0;0;0;452525,478599999970000;5397521,068099999800000;8,354425949000000;48,728904061000001
34922;34923;08;2;15;106;2016;08;16;7;2;5;3;0;0;1;1;0;0;0;0;468122,222599999980000;5454667,138500000400000;8,562025457000001;49,243947521999999
34931;34932;08;4;35;035;2016;08;15;3;3;0;7;0;0;1;0;0;0;0;0;540635,051499999940000;5279789,840499999900000;9,541298660000001;47,670222965000001
34932;34933;08;1;25;079;2016;08;11;7;3;6;2;0;0;0;1;1;0;0;0;511872,070899999990000;5454873,949400000300000;9,163120810000001;49,246522873000004
34939;34940;08;4;35;016;2016;08;14;3;3;6;4;0;1;0;1;1;0;0;0;535425,644300000040000;5277747,094300000000000;9,471741258000000;47,652149915999999
34941;34942;08;2;12;000;2016;08;10;4;3;5;3;0;0;1;1;0;0;0;0;455774,056800000020000;5431359,275799999900000;8,394937886999999;49,033528021999999
34947;34948;08;4;35;016;2016;08;17;5;3;5;2;0;0;1;0;0;0;0;1;531373,735200000000000;5279607,096900000200000;9,417919621999999;47,669094416999997