FID;OBJECTID;ULAND;UREGBEZ;UKREIS;UGEMEINDE;UJAHR;UMONAT;USTUNDE;UWOCHENTAG;UKATEGORIE;UART;UTYP1;ULICHTVERH;IstStrasse;IstRad;IstPKW;IstFuss;IstKrad;IstGkfz;IstSonstig;LINREFX;LINREFY;XGCSWGS84;YGCSWGS84
34952;34953;08;1;18;076;2016;08;15;7;3;0;1;0;0;1;0;0;0;0;0;504491,971000000020000;5423256,576700000100000;9,061367532000000;48,962209119999997
34954;34955;08;3;17;040;2016;08;18;6;3;5;3;0;1;1;0;0;0;0;1;431590,136000000000000;5348584,707000000400000;8,077795567000001;48,286764587000000
34961;34962;08;3;16;020;2016;08;13;1;3;3;7;0;0;1;0;0;0;0;1;409350,330900000000000;5338103,768899999600000;7,780295503000000;48,189696447999999
34966;34967;08;3;35;098;2016;08;18;5;2;0;1;0;1;1;0;0;0;0;0;504675,666499999990000;5296837,038200000300000;9,062469138999999;47,824866389000000
34970;34971;08;2;22;000;2016;08;13;4;3;5;2;0;0;1;1;0;0;0;0;461694,957700000030000;5484413,467899999600000;8,470858965000000;49,511136647999997
34986;34987;08;2;16;043;2016;08;17;2;3;5;3;0;0;1;1;0;0;0;0;442892,158600000020000;5412800,728699999900000;8,221315940000000;48,865537895000003
35004;35005;08;3;17;031;2016;08;18;3;3;9;1;0;0;1;1;0;0;0;0;414580,229600000020000;5358564,772199999500000;7,846512552000000;48,374466626999997
35006;35007;08;3;35;063;2016;08;14;2;3;0;7;0;0;1;0;0;0;0;0;502280,220399999990000;5291013,794099999600000;9,030434227000001;47,772484685999999
35012;35013;08;1;36;068;2016;08;18;2;3;5;3;0;0;1;1;0;0;0;0;595026,955199999970000;5428509,179800000000000;10,299274127000000;49,002160287999999
35013;35014;08;4;36;052;2016;08;14;4;2;0;7;0;0;1;0;0;0;0;0;567547,724000000050000;5294414,368999999900000;9,902034765000000;47,799541245000000
35021;35022;08;2;31;000;2016;08;10;3;3;6;4;0;0;0;0;1;0;0;1;478414,449399999980000;5416013,879599999600000;8,705492124999999;48,896696067000001
35022;35023;08;1;18;048;2016;08;18;4;2;3;6;0;0;1;0;0;0;0;0;514841,439300000030000;5416676,310600000400000;9,202517711000001;48,902853383999997
35028;35029;08;4;36;018;2016;08;18;5;3;3;6;0;0;1;0;0;0;0;0;551059,725300000050000;5284660,032100000400000;9,680726447000000;47,713301137999999
35036;35037;08;4;21;000;2016;08;16;5;3;5;3;0;0;1;1;0;0;0;0;575152,118099999960000;5363224,951600000300000;10,015693928999999;48,417692158000001
35050;35051;08;1;36;038;2016;08;15;5;2;3;6;0;0;1;0;0;0;0;0;591669,930700000030000;5415735,691599999600000;10,250512113999999;48,887788929000003
35057;35058;08;2;26;096;2016;08;15;7;3;0;7;0;0;1;0;0;0;0;0;475874,532200000020000;5488908,886800000400000;8,666454282000000;49,552301303000000
35060;35061;08;2;21;000;2016;08;18;4;3;3;2;0;0;1;1;0;0;0;0;477461,827300000000000;5474325,942900000100000;8,689230393000001;49,421192947999998
35062;35063;08;1;18;053;2016;08;20;2;3;5;3;0;0;1;1;0;0;0;0;515405,447300000000000;5427545,073300000300000;9,210624949000000;49,000610995999999
35066;35067;08;3;17;026;2016;08;10;4;3;5;3;0;0;1;0;0;0;1;0;411982,665600000010000;5345752,701200000000000;7,814117519000000;48,258868180000000
35070;35071;08;3;11;000;2016;08;13;7;3;3;6;0;0;1;1;0;0;0;0;412898,563100000030000;5314835,779400000300000;7,832772679000000;47,980893373999997
35081;35082;08;2;21;000;2016;08;14;2;3;4;6;0;0;1;0;0;0;0;0;478073,537599999980000;5473477,134200000200000;8,697711785999999;49,413580410999998
35092;35093;08;3;36;019;2016;08;10;2;3;0;1;0;0;1;0;0;0;0;0;394559,793200000010000;5275895,678000000300000;7,596557374000000;47,627876133999997
35094;35095;08;1;25;021;2016;08;22;6;3;5;3;2;0;1;0;0;1;0;0;523436,028100000000000;5447274,198699999600000;9,321562488000000;49,177828439999999
35097;35098;08;3;11;000;2016;08;23;1;3;5;3;2;0;1;1;0;0;0;0;413650,678900000000000;5316686,856900000000000;7,842477149000000;47,997646461000002
35099;35100;08;3;35;028;2016;08;18;3;3;5;3;0;0;1;1;0;0;0;0;483306,184000000010000;5286792,598199999900000;8,777349643000001;47,734292216000000
35107;35108;08;1;25;039;2016;08;14;6;3;5;3;0;1;1;1;0;0;0;0;511614,268999999970000;5459056,893000000200000;9,159700043000001;49,284154092999998
35108;35109;08;2;15;090;2016;08;08;5;2;6;4;0;0;0;1;1;0;0;0;464673,624100000020000;5433173,033800000300000;8,516531036000000;49,050417332999999
35129;35130;08;2;12;000;2016;08;11;5;3;6;4;0;0;0;0;1;1;0;0;455206,013600000010000;5428813,825100000000000;8,387447936999999;49,010590516000001
35138;35139;08;2;15;017;2016;08;17;3;2;5;3;0;0;1;1;0;0;0;0;458267,023899999970000;5422959,043100000400000;8,429905684000000;48,958140227999998
35145;35146;08;3;35;043;2016;08;15;7;2;0;1;0;0;1;0;0;0;0;0;514817,302000000030000;5280175,189299999700000;9,197397982000000;47,674797249999997
35149;35150;08;3;15;064;2016;08;16;4;3;3;6;0;0;1;1;0;0;0;0;423864,978999999990000;5313572,969999999700000;7,979929164000000;47,970932644999998
35154;35155;08;4;17;022;2016;08;15;4;3;2;6;0;0;1;0;0;0;0;0;487021,513900000020000;5348045,711500000200000;8,825047732000000;48,285479887999998
35159;35160;08;4;35;016;2016;08;07;5;2;5;3;0;0;1;1;0;0;0;0;538562,638000000040000;5280645,777999999900000;9,513768848000000;47,678051038000000
35162;35163;08;4;26;124;2016;08;04;5;2;3;6;2;0;1;1;0;0;0;0;549534,201899999990000;5330153,188500000200000;9,665618971000001;48,122708856000003
35163;35164;08;4;35;024;2016;08;02;3;3;0;6;2;0;1;1;0;0;0;0;528357,410700000010000;5279330,208200000200000;9,377723089000000;47,666742417999998
35166;35167;08;3;11;000;2016;08;21;2;3;2;6;2;0;1;1;0;0;0;0;412597,385300000020000;5314408,641900000200000;7,828824448000000;47,977010047999997
35172;35173;08;2;37;040;2016;08;00;7;2;6;6;2;0;0;1;1;0;0;0;475368,422599999990000;5364672,423200000100000;8,666990590999999;48,434715349000001
35175;35176;08;2;35;046;2016;08;18;4;3;6;4;0;0;1;0;1;0;0;0;480123,407499999970000;5376770,322700000400000;8,730699657000001;48,543719977999999
35180;35181;08;4;36;009;2016;08;09;2;3;4;3;0;0;1;1;0;0;0;0;557123,942000000040000;5307982,223000000200000;9,764642111000001;47,922615274999998
35196;35197;08;2;35;057;2016;08;19;6;2;0;1;0;0;1;0;0;0;0;0;488927,449000000020000;5397012,598299999700000;8,849440772000000;48,726039903999997
35197;35198;08;4;35;016;2016;08;10;5;2;6;4;0;0;0;1;1;0;0;0;534394,055599999960000;5278022,569699999900000;9,458026366000000;47,654684148999998
35201;35202;08;3;35;043;2016;08;18;3;2;5;2;0;0;1;1;0;0;0;0;513794,803699999990000;5280011,179499999600000;9,183771023000000;47,673344172000000
35213;35214;08;2;26;009;2016;08;11;1;1;5;3;0;0;1;1;0;0;0;0;466844,328099999980000;5473130,448099999700000;8,542934039000000;49,409953758000000
35221;35222;08;3;36;091;2016;08;08;3;3;4;6;0;0;1;0;0;0;0;0;395080,858699999980000;5271764,200400000400000;7,604479914000000;47,590797588000001
35222;35223;08;1;18;046;2016;08;17;4;3;3;2;0;0;1;0;0;0;0;1;513629,423799999990000;5412504,460900000300000;9,185840236000001;48,865352319000003
35223;35224;08;2;37;045;2016;08;18;2;2;2;2;0;0;1;0;0;0;0;0;463263,239300000020000;5362613,744199999600000;8,503518951000000;48,415605155999998
35228;35229;08;4;15;061;2016;08;16;7;3;0;1;0;0;1;0;0;0;0;0;515866,060200000010000;5372017,449599999900000;9,214782767999999;48,501075966999998
35240;35241;08;3;26;005;2016;08;18;3;3;5;3;0;1;1;0;0;0;0;1;466201,265100000020000;5297462,674800000200000;8,548391035000000;47,829624260999999
35241;35242;08;1;11;000;2016;08;14;5;2;0;7;0;0;1;0;0;0;0;0;516601,531900000000000;5404398,294900000100000;9,226037061000000;48,792358315000001
35249;35250;08;4;16;048;2016;08;16;5;3;0;1;0;0;1;0;0;0;0;0;497458,793999999990000;5375356,904000000100000;8,965578599000001;48,531314184000003
35253;35254;08;4;36;024;2016;08;13;5;3;1;5;0;0;0;1;1;0;0;0;538292,473400000020000;5305631,958399999900000;9,512374545000000;47,902871724000001
35255;35256;08;4;35;036;2016;08;15;4;3;5;3;0;0;1;0;0;0;0;1;517968,493800000000000;5284347,383600000300000;9,239550077000001;47,712257047999998
35266;35267;08;2;21;000;2016;08;20;3;3;5;3;1;0;1;1;0;0;0;0;477794,626600000020000;5472939,920400000200000;8,693896696000000;49,408738141000001
35270;35271;08;4;35;035;2016;08;17;3;3;5;3;0;1;1;1;0;0;0;0;545046,525200000030000;5284569,514399999800000;9,600554170000001;47,712934273999998
35275;35276;08;1;35;020;2016;08;15;5;2;5;3;0;0;1;0;0;1;0;0;587519,302999999960000;5383420,949000000000000;10,187039444000000;48,597747747000000
35286;35287;08;3;17;047;2016;08;13;6;3;5;3;0;0;1;0;0;0;0;1;421290,971000000020000;5361423,035299999600000;7,936580257000000;48,401049602999997
35293;35294;08;1;11;000;2016;08;14;3;3;6;4;0;0;0;0;1;1;0;0;513628,093600000020000;5402404,178200000000000;9,185486536000001;48,774491703999999
35298;35299;08;2;15;059;2016;08;13;7;3;5;3;0;0;1;1;0;0;0;0;485599,635000000010000;5434993,742999999800000;8,802851959000000;49,067639843999999
35305;35306;08;3;11;000;2016;08;16;4;2;5;3;0;0;1;1;0;0;0;0;414015,231399999990000;5314638,728400000400000;7,847773202000000;47,979271894999997
35322;35323;08;1;35;019;2016;08;10;7;2;5;2;0;0;1;1;0;0;0;0;585169,701000000000000;5396766,180999999900000;10,157924403999999;48,718103053999997
35325;35326;08;1;11;000;2016;08;19;2;3;0;1;1;0;1;0;0;0;0;0;517086,332200000000000;5405583,650999999600000;9,232687085000000;48,803008478999999
35331;35332;08;1;19;020;2016;08;10;4;3;3;6;0;0;1;1;0;0;0;0;519323,635699999980000;5408968,439199999900000;9,263314511000001;48,833391849999998
35332;35333;08;3;17;089;2016;08;09;3;2;5;3;0;1;1;1;0;0;0;0;428913,593100000000000;5378935,629499999800000;8,036573130000001;48,559483917999998
35334;35335;08;3;35;043;2016;08;20;2;3;6;6;0;0;0;0;1;0;0;1;515796,111399999990000;5280974,818300000400000;9,210466650000001;47,681968843999996
35338;35339;08;4;35;059;2016;08;21;1;3;9;1;1;0;1;0;0;0;0;0;513369,597400000030000;5291201,709200000400000;9,178450101999999;47,774040778000000
35342;35343;08;1;36;045;2016;08;11;2;3;5;3;0;0;1;1;0;0;0;0;601082,871000000040000;5402130,555800000200000;10,375527997000001;48,763970272999998
35343;35344;08;3;35;002;2016;08;19;4;2;2;6;0;0;1;0;0;0;0;0;507192,845199999980000;5283980,650999999600000;9,095886968000000;47,709167284000003
35355;35356;08;3;17;146;2016;08;00;2;2;8;7;2;0;1;0;0;0;0;0;430427,261799999980000;5355257,183899999600000;8,061020664000001;48,346659961000000
35357;35358;08;2;35;085;2016;08;16;5;3;0;7;0;0;1;0;0;0;0;0;480799,081899999990000;5396026,661399999600000;8,738961987000000;48,716973035999999
35359;35360;08;1;16;035;2016;08;16;6;2;6;1;0;0;0;0;1;0;1;0;527035,064999999940000;5391537,106999999800000;9,367248018000000;48,676294915000000
35369;35370;08;4;37;088;2016;08;16;4;2;0;1;0;0;1;0;0;0;0;0;518420,986700000010000;5305361,039699999600000;9,246475372000001;47,901312744999998
35378;35379;08;3;35;066;2016;08;03;1;3;6;6;2;0;1;0;1;0;0;0;507838,387400000010000;5281490,015499999700000;9,104447835000000;47,686749909000000
35384;35385;08;4;36;008;2016;08;14;5;2;5;3;0;0;1;1;0;0;0;0;547868,663999999990000;5311853,043499999700000;9,641193328000000;47,958197982999998
35390;35391;08;4;35;005;2016;08;09;5;2;5;2;0;0;1;1;0;0;0;0;525655,615200000000000;5286218,212000000300000;9,342140853000000;47,728830080000002
35396;35397;08;3;36;004;2016;08;15;3;3;5;3;0;0;1;1;0;0;0;0;418028,508399999990000;5294481,071700000200000;7,905370242000000;47,798466257999998
35397;35398;08;1;19;079;2016;08;15;7;2;3;2;0;0;1;0;0;1;0;0;523390,096000000020000;5413393,824000000000000;9,318978325000000;48,873061442000001
35403;35404;08;4;16;041;2016;08;18;3;2;4;2;0;0;1;0;0;0;0;0;498561,834199999980000;5374663,312500000000000;8,980522003000001;48,525077885999998
35412;35413;08;1;17;026;2016;08;18;6;3;5;3;0;0;1;1;0;0;0;0;545642,317700000010000;5395458,290099999900000;9,620432446000001;48,710485171999998
35415;35416;08;3;27;049;2016;08;09;3;2;5;2;0;1;1;1;0;0;0;0;472621,555100000000000;5324616,427899999500000;8,632446720000001;48,074234109999999
35421;35422;08;2;16;009;2016;08;17;4;1;5;3;0;1;1;0;0;1;0;0;446218,604899999980000;5420975,371600000200000;8,265592465999999;48,939366432000000
35436;35437;08;2;21;000;2016;08;02;4;3;0;7;2;0;1;0;0;0;0;0;480402,766000000000000;5474197,136599999900000;8,729787640000000;49,420136221000000
35447;35448;08;1;18;018;2016;08;19;5;3;5;3;0;1;1;1;0;0;0;0;511337,436800000020000;5430415,300300000200000;9,155087100999999;49,026518424000002
35453;35454;08;3;17;097;2016;08;15;4;3;3;6;0;0;1;1;0;0;0;0;425607,474600000020000;5364594,258700000100000;7,994327462000000;48,430099411000000
35454;35455;08;3;16;039;2016;08;07;3;3;5;3;0;0;1;0;0;0;0;1;417933,565699999980000;5327266,884300000000000;7,897849719000000;48,093382712999997
35459;35460;08;4;36;082;2016;08;12;7;3;5;2;0;0;1;1;0;0;0;0;547220,609700000030000;5294145,547000000300000;9,630577120000000;47,798934756999998
35460;35461;08;2;15;009;2016;08;15;2;3;4;2;0;0;1;1;0;0;0;0;470097,224400000010000;5441635,421699999800000;8,590128958999999;49,126825672999999
35468;35469;08;4;16;025;2016;08;07;3;3;0;7;0;0;1;0;0;0;0;0;503163,139700000000000;5360841,303100000100000;9,042735898000000;48,400722451000000
35474;35475;08;2;26;040;2016;08;12;1;3;0;1;0;1;1;0;0;0;0;0;474624,652200000010000;5496377,737200000300000;8,648692393999999;49,619429013000001
35475;35476;08;1;17;042;2016;08;17;3;1;5;3;0;0;1;1;0;0;0;0;554237,850199999990000;5392614,874200000400000;9,736891890000001;48,684219284000001
35483;35484;08;2;16;043;2016;08;15;2;2;5;3;0;0;1;1;0;0;0;0;441576,464099999980000;5411357,061999999900000;8,203583863000000;48,852429618000002
35484;35485;08;1;19;044;2016;08;18;7;3;0;1;0;1;1;0;0;0;0;0;545145,168700000040000;5424591,417799999900000;9,616885030000001;48,972583915999998
35486;35487;08;4;26;087;2016;08;13;7;3;6;7;0;0;0;0;1;0;0;1;570946,076800000040000;5324584,597199999700000;9,952381683000001;48,070588616999999
35498;35499;08;3;35;079;2016;08;21;7;3;8;6;2;0;1;0;0;0;0;0;499699,532799999990000;5297441,773900000400000;8,995985193999999;47,830324398999998
35514;35515;08;1;25;063;2016;08;19;4;3;6;4;0;0;0;1;1;0;0;0;526007,050900000030000;5463435,958700000300000;9,357887784000001;49,323100656000001
35515;35516;08;2;26;098;2016;08;10;3;3;5;3;0;0;1;1;0;0;0;0;478329,224899999970000;5459872,225300000000000;8,701976975999999;49,291214197000002
35523;35524;08;3;26;052;2016;08;17;7;3;4;2;0;0;1;1;0;0;0;0;454601,917000000020000;5330140,111100000300000;8,389958365000000;48,122899648000001
35530;35531;08;2;12;000;2016;08;15;7;2;0;7;0;0;1;0;0;0;0;0;455998,836799999990000;5429212,036899999700000;8,398245891000000;49,014229514000000
35537;35538;08;3;17;056;2016;08;21;3;2;0;7;2;0;1;0;0;0;0;0;434505,165600000010000;5382671,673299999900000;8,111756677000001;48,593699503000003
35545;35546;08;3;17;110;2016;08;04;1;2;9;7;2;0;1;0;0;0;0;0;429166,644600000000000;5380706,900500000500000;8,039700570000001;48,575445197999997
35553;35554;08;1;17;019;2016;08;15;1;3;5;3;0;0;1;1;0;0;0;0;552024,482800000000000;5394185,221900000200000;9,707020605000000;48,698533627000003
35555;35556;08;1;15;028;2016;08;13;7;3;5;3;0;0;1;0;0;0;1;0;501145,856099999980000;5403782,098700000000000;9,015599673000001;48,787035621999998
35573;35574;08;4;35;057;2016;08;09;7;3;0;4;0;0;1;0;1;0;0;0;544136,373999999950000;5279775,026999999800000;9,587935772000000;47,669860176000000
35578;35579;08;3;17;001;2016;08;05;5;3;5;2;2;0;1;1;0;0;0;0;431516,892999999980000;5387894,593999999600000;8,070372784000000;48,640360141000002
35586;35587;08;3;11;000;2016;08;10;7;3;5;3;0;0;1;1;0;0;0;0;411678,185699999970000;5319198,911299999800000;7,815524057000000;48,019973561999997
35590;35591;08;2;16;059;2016;08;15;1;3;0;1;0;0;1;0;0;0;0;0;452279,006600000020000;5398034,075699999900000;8,351015176000001;48,733499975000001
35591;35592;08;1;16;078;2016;08;15;1;3;5;3;0;0;1;1;0;0;0;0;510209,071300000010000;5393405,500500000100000;9,138728852000000;48,693605032000001
35592;35593;08;4;26;021;2016;08;13;3;3;5;3;0;0;1;1;0;0;0;0;559555,792000000020000;5327312,636099999800000;9,799875585000001;48,096296084000002
35594;35595;08;4;15;053;2016;08;17;7;3;5;3;0;0;1;1;0;0;0;0;533002,925999999980000;5362878,779000000100000;9,446042465000000;48,418196133000002
35599;35600;08;1;18;059;2016;08;20;3;3;6;4;0;0;0;0;1;1;0;0;502124,291900000010000;5419303,549100000400000;9,029000630000001;48,926661531999997
35603;35604;08;3;35;026;2016;08;16;7;3;0;6;0;0;1;1;0;0;0;0;481453,849200000000000;5282740,914699999600000;8,752817206000000;47,697786401000002
35612;35613;08;4;36;085;2016;08;16;2;3;5;3;0;0;1;0;0;0;0;1;560340,707999999980000;5302227,668999999800000;9,806891556000000;47,870549932000003
35632;35633;08;1;21;000;2016;08;15;2;2;5;2;0;0;1;1;0;0;0;0;516968,631200000000000;5443945,519600000200000;9,232684818999999;49,148099004999999
35638;35639;08;2;26;096;2016;08;17;3;3;5;3;0;0;1;1;0;0;0;0;475752,142400000010000;5488538,243700000500000;8,664785030999999;49,548962627000002
35650;35651;08;1;16;049;2016;08;12;2;3;5;3;0;0;1;1;0;0;0;0;525483,836699999990000;5387054,636800000400000;9,345900355000000;48,636035898000003
35674;35675;08;4;36;013;2016;08;19;1;3;0;1;0;0;1;0;0;0;0;0;544580,461699999990000;5298331,290199999700000;9,595753663000000;47,836782088000000
35676;35677;08;4;35;052;2016;08;13;1;2;9;7;0;0;1;0;0;0;0;0;523290,726299999980000;5291782,572200000300000;9,310901495000000;47,778984778999998
35682;35683;08;4;37;100;2016;08;11;3;3;5;3;0;0;1;1;0;0;0;0;537538,297700000000000;5318162,860100000200000;9,503377661000000;48,015655631000001
35684;35685;08;4;16;041;2016;08;01;7;3;0;7;2;0;1;0;0;0;0;0;501713,408100000000000;5375087,678399999600000;9,023207523000000;48,528894942000001
35689;35690;08;1;25;078;2016;08;14;3;3;5;3;0;0;1;1;0;0;0;0;519385,230700000010000;5453571,423299999900000;9,266286766000000;49,234614593000003
35695;35696;08;1;11;000;2016;08;17;4;3;3;6;0;0;1;1;0;0;0;0;513022,340399999990000;5406076,142099999800000;9,177358300000000;48,807537302000000
35698;35699;08;4;36;094;2016;08;13;7;3;5;3;0;0;1;1;0;0;0;0;571562,286300000040000;5282305,777099999600000;9,953645983000000;47,690174482000003
35699;35700;08;2;12;000;2016;08;10;2;2;6;2;0;0;0;1;1;0;0;0;454788,669500000020000;5428255,923299999900000;8,381803287000000;49,005541706999999
35705;35706;08;4;37;088;2016;08;17;7;3;9;1;0;0;1;0;0;0;0;0;522499,050999999980000;5304956,996000000300000;9,301018659000000;47,897547394999997
35726;35727;08;3;35;075;2016;08;15;3;3;3;6;0;0;1;0;0;1;0;0;494180,743599999990000;5283117,835000000000000;8,922435680000000;47,701417812999999
35727;35728;08;4;16;041;2016;08;18;4;3;5;3;0;0;1;0;0;1;0;0;504634,135000000010000;5378610,309999999600000;9,062806946000000;48,560570910999999
35730;35731;08;2;12;000;2016;08;15;3;3;1;5;0;0;1;1;0;0;0;0;461199,109400000020000;5422648,587799999900000;8,469987235000000;48,955538576000002
35731;35732;08;2;37;028;2016;08;12;6;3;0;6;0;0;1;0;0;0;0;1;456449,728999999990000;5368085,230399999800000;8,410873140000000;48,464392625000002
35735;35736;08;4;35;018;2016;08;13;7;3;5;2;0;0;1;1;0;0;0;0;524160,262999999980000;5280304,643000000200000;9,321871625000000;47,675680380000003
35739;35740;08;3;36;050;2016;08;18;7;3;5;3;0;0;1;1;0;0;0;0;398802,200200000020000;5274955,742999999800000;7,653225952000000;47,620097967000000
35753;35754;08;3;26;074;2016;08;18;3;3;5;3;0;0;1;1;0;0;0;0;464406,291299999980000;5323429,541600000100000;8,522259861000000;48,063150272999998
35766;35767;08;3;35;015;2016;08;13;6;2;0;7;0;0;1;0;0;0;0;0;477508,716100000020000;5282618,177100000000000;8,700243543999999;47,696556755000003
35774;35775;08;4;25;072;2016;08;14;5;3;0;1;0;0;1;0;0;0;0;0;582641,692999999970000;5371754,697999999900000;10,118582030000001;48,493477245999998
35782;35783;08;1;18;046;2016;08;17;4;2;5;3;0;0;1;1;0;0;0;0;514857,398600000010000;5412682,998599999600000;9,202590324999999;48,866930201999999
35785;35786;08;1;16;056;2016;08;19;1;1;4;6;0;0;1;1;0;0;0;0;530124,271100000010000;5396254,488699999600000;9,409555262000000;48,718590409999997
35787;35788;08;3;35;063;2016;08;13;6;2;0;1;0;0;1;0;0;0;0;0;501879,905000000030000;5291148,288800000200000;9,025091778000000;47,773696100000002
35791;35792;08;4;36;087;2016;08;16;6;2;6;4;0;0;1;0;1;0;0;0;547242,880000000000000;5302662,576100000200000;9,631804112999999;47,875559953000000
35793;35794;08;3;35;100;2016;08;15;5;3;0;7;0;1;1;0;0;0;0;0;487772,095900000010000;5286598,734799999700000;8,836917980999999;47,732648015000002
35794;35795;08;2;21;000;2016;08;15;1;3;4;6;0;0;1;0;0;0;0;0;479198,010699999980000;5473689,234100000000000;8,713202959000000;49,415527705999999
35798;35799;08;3;16;017;2016;08;18;2;2;5;3;0;0;1;1;0;0;0;0;408332,995500000020000;5341795,176699999700000;7,765812798000000;48,222753797000003
35801;35802;08;4;15;061;2016;08;16;6;3;0;1;0;0;1;0;0;0;0;0;512755,564000000010000;5371674,541000000200000;9,172664960000001;48,498061903000000
35802;35803;08;1;11;000;2016;08;10;2;3;1;5;0;0;1;1;0;0;0;0;515774,582700000030000;5398972,001500000200000;9,214569795999999;48,743565359000002
35811;35812;08;3;26;060;2016;08;17;1;3;5;3;0;0;1;1;0;0;0;0;443196,890900000000000;5331730,786100000100000;8,236502696000001;48,136294040000003
35816;35817;08;3;15;094;2016;08;12;6;3;8;7;0;1;1;0;0;1;1;0;429902,957999999980000;5319278,797000000300000;8,059883265000000;48,022952066000002
35817;35818;08;1;36;065;2016;08;09;7;3;5;3;0;0;1;1;0;0;0;0;559295,337500000020000;5406020,677299999600000;9,807527383000000;48,804346191000000
35820;35821;08;4;35;042;2016;08;11;7;2;5;3;0;0;1;1;0;0;0;0;553824,449499999990000;5278684,202100000300000;9,716845686999999;47,659312184000001
35824;35825;08;3;37;126;2016;08;03;7;1;6;4;2;0;0;1;1;0;0;0;443710,377500000000000;5274088,210599999900000;8,250916739999999;47,617752297000003
35831;35832;08;3;17;040;2016;08;15;6;3;8;7;0;0;1;0;0;0;0;0;432184,771899999990000;5347297,991200000000000;8,086017061000000;48,275253804000002
35834;35835;08;3;17;034;2016;08;11;7;2;4;6;0;0;1;0;0;0;0;0;426004,408799999980000;5363065,239600000000000;7,999962416000000;48,416392422000001
35842;35843;08;2;12;000;2016;08;18;3;3;4;6;0;0;1;0;0;0;0;0;457906,175400000010000;5427946,145899999900000;8,424460251999999;49,002975714000002
35845;35846;08;3;15;006;2016;08;05;5;1;6;1;2;0;0;0;1;0;0;1;404403,243299999970000;5305890,960500000000000;7,720943369000000;47,899221308999998
35852;35853;08;1;36;015;2016;08;15;4;2;0;1;0;0;1;0;0;0;0;0;557636,736900000020000;5413256,014499999600000;9,785959155000001;48,869584254999999
35868;35869;08;1;17;024;2016;08;11;6;2;5;3;0;0;0;1;1;0;1;0;560122,063700000060000;5385052,296500000200000;9,815730463000000;48,615652933000000
35875;35876;08;2;15;090;2016;08;12;5;2;6;5;0;0;0;1;1;0;0;0;465809,564399999970000;5433701,553200000000000;8,532032090000000;49,055235564999997
35885;35886;08;2;37;045;2016;08;12;7;3;0;1;0;0;1;0;0;0;0;0;459313,420800000020000;5362427,113599999800000;8,450159441000000;48,413683513000002
35895;35896;08;3;16;038;2016;08;14;3;2;0;1;0;0;1;0;0;0;0;0;397001,913000000000000;5329815,606999999800000;7,616199175000000;48,113267446000002
35899;35900;08;3;27;049;2016;08;16;1;3;3;2;0;0;1;1;0;0;0;0;473147,179500000030000;5324895,401899999900000;8,639485504000000;48,076766362999997
35902;35903;08;3;35;077;2016;08;13;2;3;5;3;0;0;1;1;0;0;0;0;494786,629399999980000;5292877,346800000400000;8,930394499000000;47,789234993000001
35906;35907;08;3;26;006;2016;08;02;1;2;6;6;2;0;0;1;1;0;0;0;458204,226100000030000;5309697,250000000000000;8,440357217000001;47,939227957000000
35914;35915;08;4;36;094;2016;08;11;1;2;0;1;0;0;1;0;0;0;0;0;567511,530299999980000;5285575,952999999700000;9,900178715999999;47,720030657000002
35917;35918;08;2;25;052;2016;08;11;1;3;2;2;0;0;1;1;0;0;0;0;515525,683000000020000;5480879,765999999800000;9,214335007000001;49,480363015000002
35924;35925;08;3;36;091;2016;08;17;3;2;5;3;0;0;1;0;0;0;0;1;395129,385300000020000;5271871,640900000000000;7,605099479000000;47,591771882000003
35932;35933;08;3;17;096;2016;08;10;5;2;6;6;0;0;1;0;1;0;0;0;421684,844999999970000;5368795,782200000200000;7,940522799000000;48,467416270000001
35940;35941;08;4;25;141;2016;08;16;3;3;5;3;0;0;1;0;0;0;0;0;568154,167000000020000;5362457,475999999800000;9,921004066000000;48,411584349999998
35942;35943;08;4;15;053;2016;08;12;7;3;0;1;0;0;1;0;0;0;0;0;536027,113400000030000;5362382,583800000100000;9,486870988000000;48,413566568000000
35954;35955;08;1;25;078;2016;08;15;7;3;1;1;0;0;1;1;0;0;0;0;517919,387999999980000;5454670,977000000000000;9,246200463999999;49,244549911999997
35956;35957;08;2;21;000;2016;08;14;6;3;4;1;0;0;1;0;0;0;0;1;477498,018800000020000;5471459,604500000400000;8,689891852000001;49,395412018000002
35961;35962;08;4;35;035;2016;08;09;2;3;6;2;0;1;0;0;1;0;1;0;545243,459299999990000;5284132,655000000300000;9,603134166000000;47,708990016999998
35964;35965;08;3;35;035;2016;08;03;7;3;6;6;2;0;1;0;1;0;0;0;485443,386100000000000;5289655,530500000300000;8,805758141000000;47,760103305999998
35971;35972;08;4;36;003;2016;08;16;7;3;2;6;0;0;1;0;0;1;0;0;579890,540099999980000;5304273,671000000100000;10,068654179999999;47,886820819999997
35973;35974;08;4;15;050;2016;08;11;3;3;5;3;0;0;1;1;0;0;0;0;520525,046299999990000;5375762,143600000100000;9,278036215000000;48,534629277999997
35984;35985;08;1;16;078;2016;08;08;6;3;2;6;0;0;1;1;0;0;0;0;512535,836899999990000;5393085,301699999700000;9,170336915000000;48,690682094000003
35989;35990;08;2;26;006;2016;08;14;5;3;4;6;0;0;1;0;0;0;0;0;483932,406100000020000;5466719,941300000100000;8,778757127000000;49,352982746999999
36014;36015;08;4;35;016;2016;08;09;6;3;4;2;0;0;1;1;0;0;0;0;534917,147899999980000;5279483,087600000200000;9,465108867000000;47,667797028000003