FID;OBJECTID;ULAND;UREGBEZ;UKREIS;UGEMEINDE;UJAHR;UMONAT;USTUNDE;UWOCHENTAG;UKATEGORIE;UART;UTYP1;ULICHTVERH;IstStrasse;IstRad;IstPKW;IstFuss;IstKrad;IstGkfz;IstSonstig;LINREFX;LINREFY;XGCSWGS84;YGCSWGS84
36020;36021;08;3;35;063;2016;08;19;1;3;8;1;0;0;1;0;0;0;0;0;502094,143800000020000;5291281,761099999800000;9,027951945000000;47,774896362000000
36028;36029;08;3;35;043;2016;08;19;6;2;2;6;1;0;1;0;0;0;0;0;514747,999100000020000;5280083,011300000400000;9,196471612000000;47,673969448999998
36039;36040;08;2;12;000;2016;08;16;3;3;5;2;0;0;1;1;0;0;0;0;455183,164300000000000;5428483,479899999700000;8,387171964000000;49,007617373000002
36042;36043;08;3;11;000;2016;08;11;4;3;3;6;0;0;1;0;0;0;1;0;414561,918200000010000;5318288,165500000100000;7,854370913000000;48,012173265999998
36044;36045;08;2;16;049;2016;08;21;3;2;8;1;2;0;1;0;0;0;0;0;433286,159600000010000;5399801,828900000100000;8,092463461000000;48,747656671000001
36055;36056;08;2;12;000;2016;08;14;4;3;5;3;0;0;1;1;0;0;0;0;456440,032400000030000;5424563,357800000300000;8,404777669000000;48,972445299000000
36061;36062;08;2;26;046;2016;08;19;3;3;5;2;0;0;1;1;0;0;0;0;475054,560000000000000;5454558,291000000200000;8,657274831000001;49,243290246000001
36066;36067;08;3;15;047;2016;08;20;3;2;0;1;0;0;1;0;0;0;0;0;415347,041700000000000;5321040,093200000000000;7,864352688000000;48,037032394999997
36073;36074;08;2;36;028;2016;08;19;3;2;2;6;0;0;1;1;0;0;0;0;492104,332500000020000;5427162,167999999600000;8,892056738000001;48,997308275000002
36089;36090;08;4;35;016;2016;08;15;5;3;5;3;0;0;1;0;0;0;0;1;534859,370400000010000;5278337,082999999600000;9,464247847999999;47,657489058000003
36093;36094;08;1;36;065;2016;08;10;5;3;4;6;0;0;1;0;0;0;0;0;559291,127499999940000;5405958,350100000400000;9,807461053000001;48,803785957999999
36099;36100;08;1;19;093;2016;08;19;4;1;4;6;0;0;1;0;0;0;0;0;524606,365499999960000;5406190,840699999600000;9,335132123999999;48,808218402000001
36101;36102;08;2;26;107;2016;08;09;3;3;6;4;0;0;0;1;1;0;0;0;475138,114799999980000;5484482,611700000200000;8,656552228000001;49,512458840999997
36104;36105;08;3;36;105;2016;08;17;3;3;5;3;0;0;1;1;0;0;0;0;401181,297499999990000;5267290,436700000400000;7,686605359000000;47,551512232999997
36105;36106;08;1;11;000;2016;08;17;3;3;0;7;0;0;1;0;1;0;0;0;515804,054200000010000;5405495,154799999700000;9,215221345000000;48,802246306000001
36109;36110;08;3;36;084;2016;08;10;5;3;3;6;0;0;1;1;0;0;0;0;405559,390000000010000;5277582,912100000300000;7,742562884000000;47,644751296999999
36112;36113;08;3;17;145;2016;08;11;3;3;4;6;0;0;1;1;0;0;0;0;442465,931199999990000;5349951,989199999700000;8,224205967000000;48,300146681000001
36114;36115;08;4;17;044;2016;08;07;4;3;3;6;0;0;1;0;0;0;1;0;495466,452700000020000;5337254,459800000300000;8,939002373999999;48,188509889999999
36115;36116;08;2;36;070;2016;08;19;3;3;5;2;0;0;1;1;0;0;0;0;469080,406000000020000;5416512,552000000100000;8,578106076999999;48,900786357000001
36121;36122;08;3;27;018;2016;08;18;5;3;5;3;0;0;1;1;0;0;0;0;471806,479999999980000;5309950,116499999500000;8,622468897999999;47,942246103000002
36123;36124;08;3;17;110;2016;08;21;3;2;5;3;2;0;1;1;0;0;0;0;429746,395000000020000;5380477,784000000000000;8,047597917999999;48,573449562000000
36125;36126;08;4;35;036;2016;08;13;6;3;0;2;0;0;1;1;0;0;0;0;520338,580499999980000;5282641,602000000000000;9,271067372999999;47,696838882000002
36132;36133;08;2;15;106;2016;08;19;4;3;5;3;0;0;1;1;0;0;0;0;465221,446000000000000;5451387,297000000300000;8,522456991000000;49,214287568000003
36134;36135;08;1;11;000;2016;08;14;4;3;3;2;0;0;1;1;0;0;0;0;511479,726000000020000;5410537,298200000100000;9,156473588000001;48,847699618000000
36137;36138;08;3;37;053;2016;08;15;6;3;0;7;0;0;1;0;0;0;0;0;453392,170999999970000;5269268,093000000300000;8,380262502000001;47,575153209000000
36142;36143;08;1;27;014;2016;08;16;4;3;5;3;0;0;1;1;0;0;0;0;575361,055599999960000;5442380,620400000400000;10,033023184999999;49,129635098999998
36143;36144;08;2;25;014;2016;08;05;3;2;5;3;2;0;1;1;0;0;0;0;523704,620100000000000;5485400,655199999900000;9,327516466000001;49,520762681999997
36145;36146;08;4;35;059;2016;08;11;2;2;5;3;0;0;1;1;0;0;0;0;513485,870400000010000;5291947,202300000000000;9,180025196000001;47,780745922999998
36148;36149;08;2;36;062;2016;08;07;6;2;5;3;0;0;1;1;0;0;0;0;486919,194499999980000;5405929,493499999900000;8,821850110000000;48,806216841000001
36154;36155;08;4;25;033;2016;08;00;5;3;0;1;2;0;1;0;0;0;0;0;553831,001599999960000;5346835,150700000100000;9,725468655000000;48,272433518000000
36158;36159;08;2;22;000;2016;08;05;3;3;0;6;2;0;1;0;0;0;0;1;460757,107299999970000;5481701,362099999600000;8,458173616000000;49,486682819999999
36159;36160;08;4;21;000;2016;08;17;2;2;0;1;0;0;1;0;0;0;0;0;576432,915200000050000;5364386,011099999800000;10,033212888000000;48,427981871000000
36161;36162;08;1;26;011;2016;08;15;3;2;6;4;0;0;0;1;1;0;0;0;531823,447799999970000;5447326,556900000200000;9,436646208000001;49,177921640000001
36165;36166;08;3;17;065;2016;08;11;3;3;6;7;0;0;0;1;1;0;0;0;416237,410299999990000;5354463,198699999600000;7,869702590000000;48,337795667999998
36169;36170;08;3;26;055;2016;08;17;3;3;8;1;0;0;1;0;0;0;0;0;440788,562400000000000;5332485,859299999700000;8,204030238000000;48,142867172000003
36170;36171;08;2;22;000;2016;08;15;3;3;3;2;0;0;1;0;0;0;1;0;461543,592899999990000;5484248,970599999700000;8,468784147999999;49,509647506999997
36183;36184;08;1;16;008;2016;08;16;5;3;5;3;0;0;1;1;0;0;0;0;520291,179000000000000;5379891,469999999700000;9,275069534000000;48,571785188000000
36185;36186;08;2;12;000;2016;08;16;4;3;3;2;0;0;1;1;0;0;0;0;458108,438100000030000;5427628,299300000100000;8,427258388000000;49,000130392999999
36186;36187;08;2;35;055;2016;08;10;3;3;0;7;0;0;1;0;0;0;0;0;475602,956999999990000;5397167,764000000400000;8,668253856000000;48,727056593999997
36189;36190;08;2;21;000;2016;08;08;5;2;5;2;0;0;1;1;0;0;0;0;481406,925500000010000;5473851,199300000400000;8,743649341999999;49,417056082999999
36193;36194;08;4;17;002;2016;08;21;4;3;0;2;2;0;1;1;0;0;0;0;490415,774500000000000;5343817,179100000300000;8,870898664000000;48,247497361999997
36195;36196;08;3;17;065;2016;08;18;5;2;0;7;0;0;1;0;0;0;0;0;415816,931099999990000;5353832,736300000000000;7,864155758000000;48,332068839000002
36198;36199;08;1;28;115;2016;08;10;4;2;5;3;0;0;1;1;0;0;0;0;547359,241900000020000;5498191,110299999800000;9,655865209000000;49,634414982999999
36199;36200;08;1;36;088;2016;08;13;4;3;6;4;0;0;0;1;1;0;0;0;580046,487100000030000;5409857,258399999700000;10,090833841000000;48,836527470999997
36209;36210;08;2;22;000;2016;08;18;3;2;5;3;0;0;1;1;0;0;0;0;463015,961699999990000;5486374,273400000300000;8,488922597000000;49,528855022000002
36216;36217;08;1;16;033;2016;08;06;3;3;3;3;0;0;1;1;0;0;0;0;532176,483600000040000;5388963,446300000000000;9,436887638000000;48,652898759000003
36217;36218;08;2;26;041;2016;08;01;6;3;2;6;2;0;1;1;0;0;0;0;477828,140300000030000;5464919,533499999900000;8,694805647000001;49,336596743999998
36228;36229;08;2;15;009;2016;08;03;4;3;0;4;2;0;0;1;1;0;0;0;470693,700000000010000;5441644,211799999700000;8,598303872000001;49,126933475000001
36229;36230;08;3;17;057;2016;08;12;3;3;6;4;0;0;0;0;1;1;0;0;411996,572200000000000;5380974,021499999800000;7,806914011000000;48,575671454999998
36234;36235;08;1;11;000;2016;08;12;5;3;5;3;0;0;1;1;0;0;0;0;515618,506999999980000;5399116,322700000400000;9,212452302999999;48,744867599000003
36240;36241;08;1;16;046;2016;08;11;3;2;0;1;0;0;1;0;0;0;0;0;526885,062999999970000;5378188,911999999500000;9,364345294000000;48,556220551000003
36242;36243;08;1;16;019;2016;08;16;4;3;4;6;0;0;1;0;0;0;0;0;523420,953199999990000;5396960,379599999600000;9,318461907000000;48,725228430000001
36255;36256;08;2;31;000;2016;08;20;6;2;6;4;2;0;0;1;1;0;0;0;478523,950699999990000;5415994,026300000000000;8,706987157000000;48,896521280000002
36260;36261;08;3;35;100;2016;08;21;3;3;0;7;0;0;1;0;0;0;0;0;487661,095099999980000;5286771,108400000300000;8,835432697000000;47,734196845000000
36266;36267;08;1;21;000;2016;08;11;4;3;6;6;0;0;0;0;1;0;1;0;516282,299400000020000;5444575,895999999700000;9,223298954000001;49,153788018999997
36269;36270;08;1;27;025;2016;08;17;5;3;5;3;0;0;1;1;0;0;0;0;557015,006199999950000;5427373,739099999900000;9,779456295999999;48,996629110000001
36272;36273;08;3;35;015;2016;08;18;5;3;0;7;0;1;1;0;0;0;0;1;477415,690699999980000;5282586,929600000400000;8,699005368000000;47,696272358999998
36277;36278;08;1;16;041;2016;08;19;5;3;5;3;0;0;1;1;0;0;0;0;519718,536000000020000;5384079,515999999800000;9,267505610000001;48,609479804999999
36278;36279;08;1;25;007;2016;08;16;5;3;6;4;0;0;0;1;1;0;0;0;513041,329600000000000;5453197,706100000100000;9,179131663000000;49,231420931999999
36284;36285;08;1;17;024;2016;08;20;4;3;5;3;2;0;1;1;0;0;0;0;562064,995400000010000;5384668,049999999800000;9,842031572000000;48,612006819000001
36291;36292;08;1;36;065;2016;08;12;4;3;3;5;0;0;1;1;0;0;0;0;559020,614799999980000;5404734,747800000000000;9,803601593000000;48,792805344000001
36300;36301;08;4;26;070;2016;08;03;4;3;4;6;2;0;1;0;0;0;0;0;565283,958400000000000;5341168,542299999900000;9,878926518000000;48,220380962000000
36306;36307;08;4;16;036;2016;08;11;2;3;6;4;0;0;0;1;1;0;0;0;490282,675800000030000;5374938,056599999800000;8,868385850999999;48,527475998000000
36311;36312;08;4;21;000;2016;08;13;2;2;5;2;0;0;1;1;0;0;0;0;570813,845100000040000;5361355,945000000300000;9,956754729000000;48,401382480000002
36313;36314;08;1;16;058;2016;08;15;4;2;4;2;0;0;1;1;0;0;0;0;534039,625400000020000;5395241,790000000000000;9,462701301999999;48,709278906999998
36316;36317;08;4;15;061;2016;08;08;3;3;3;2;0;0;1;0;0;0;0;1;515207,734100000000000;5371018,871700000000000;9,205834536999999;48,492108696000003
36318;36319;08;2;35;007;2016;08;19;1;3;5;3;0;0;1;1;0;0;0;0;485008,451000000000000;5396517,457000000400000;8,796170427000000;48,721503667999997
36320;36321;08;2;26;006;2016;08;08;4;3;5;3;0;0;1;1;0;0;0;0;483893,075900000000000;5467210,333200000200000;8,778195738999999;49,357392781000001
36327;36328;08;3;35;075;2016;08;23;3;3;0;4;2;0;1;1;1;0;0;0;488179,688299999980000;5288676,880800000400000;8,842297507000000;47,751353852999998
36328;36329;08;3;35;022;2016;08;18;1;3;1;7;0;0;0;1;1;0;0;0;482564,846900000000000;5304259,339599999600000;8,766759624000001;47,891427999000001
36334;36335;08;1;25;065;2016;08;14;2;3;3;2;0;0;1;1;0;0;0;0;516435,138600000010000;5447412,984100000000000;9,225510873999999;49,179304365000000
36345;36346;08;3;17;145;2016;08;03;7;3;8;7;2;0;1;0;0;0;0;0;442239,985400000010000;5350063,445399999600000;8,221144334000000;48,301128736999999
36351;36352;08;1;21;000;2016;08;13;1;3;0;7;0;0;1;1;0;0;0;0;515990,164999999980000;5443741,329099999700000;9,219259460000000;49,146288503999997
36352;36353;08;4;35;052;2016;08;06;2;2;0;7;0;0;1;0;0;0;0;0;522466,423499999980000;5292939,335599999900000;9,299958133000001;47,789421922000002
36363;36364;08;2;11;000;2016;08;18;1;3;8;1;0;0;1;0;0;0;0;0;442356,277000000000000;5403184,206899999600000;8,215361247000001;48,778987233999999
36366;36367;08;1;16;019;2016;08;00;1;3;6;4;2;0;0;1;1;0;0;0;524367,308700000050000;5397471,215499999900000;9,331359766000000;48,729787573999999
36370;36371;08;2;12;000;2016;08;08;2;2;5;2;0;0;1;1;0;0;0;0;461445,130000000000000;5424652,218999999600000;8,473157852000000;48,973577214000002
36371;36372;08;3;36;019;2016;08;16;3;3;5;3;0;0;1;1;0;0;0;0;394655,079399999990000;5275852,222000000100000;7,597835728000000;47,627500750000003
36385;36386;08;3;35;075;2016;08;23;3;2;4;6;2;0;1;0;0;0;0;0;489587,389900000010000;5290152,997899999800000;8,861043153000001;47,764659547999997
36400;36401;08;1;27;032;2016;08;22;3;3;8;1;2;0;1;0;0;0;0;0;567182,982500000040000;5456603,300200000400000;9,923315128000001;49,258504475999999
36401;36402;08;1;17;026;2016;08;16;3;3;8;1;0;0;1;0;0;0;0;0;550336,801899999960000;5394342,010700000500000;9,684105613000000;48,700082471999998
36405;36406;08;1;18;050;2016;08;18;2;3;0;1;0;0;1;0;0;0;0;0;505671,063599999990000;5417524,110500000400000;9,077396052999999;48,910631834000000
36412;36413;08;3;35;025;2016;08;18;4;3;6;4;0;0;0;1;1;0;0;0;497849,860800000020000;5280248,532499999700000;8,971355125000001;47,675623391999999
36416;36417;08;1;25;061;2016;08;17;4;2;5;3;0;0;1;1;0;0;0;0;503384,717200000010000;5447095,889200000100000;9,046440110000001;49,176662825000001
36424;36425;08;3;35;057;2016;08;11;7;3;1;7;0;0;1;1;0;0;0;0;503032,480700000010000;5305141,416600000100000;9,040573660000000;47,899594065999999
36427;36428;08;1;11;000;2016;08;17;4;3;2;4;0;0;0;1;1;0;0;0;513707,204099999970000;5402333,158699999600000;9,186560904000000;48,773851080000000
36429;36430;08;3;35;075;2016;08;20;3;3;3;6;0;0;1;0;0;0;0;1;487054,606900000010000;5289754,103400000400000;8,827255052000000;47,761024589000002
36440;36441;08;1;11;000;2016;08;09;7;3;5;2;0;0;1;0;0;0;0;1;515041,636400000020000;5406132,469800000100000;9,204862077000000;48,807998423999997
36442;36443;08;4;26;070;2016;08;12;3;3;5;3;0;0;1;1;0;0;0;0;565218,365899999980000;5341754,378100000300000;9,878133688000000;48,225657757999997
36444;36445;08;3;17;096;2016;08;22;3;3;6;4;2;0;0;0;1;1;0;0;424923,711100000010000;5369384,064399999600000;7,984226471000000;48,473102867000001
36473;36474;08;4;35;016;2016;08;12;7;3;6;4;0;0;0;1;1;0;0;0;536143,129500000040000;5279072,879200000300000;9,481404856999999;47,664038863000002
36478;36479;08;1;16;046;2016;08;19;2;3;8;1;0;0;1;0;0;0;0;0;529420,292800000050000;5376971,175699999600000;9,398615742000001;48,545151824999998
36479;36480;08;4;35;030;2016;08;09;1;2;8;1;0;0;1;0;0;0;0;0;541227,257699999960000;5271721,872899999800000;9,548426995000000;47,597595145000000
36489;36490;08;1;16;019;2016;08;13;4;3;1;6;0;0;1;1;0;0;0;0;527610,774699999950000;5398645,928999999500000;9,375543930999999;48,740219834999998
36494;36495;08;2;26;082;2016;08;06;1;3;5;3;0;0;1;1;0;0;0;0;475278,477000000010000;5480278,217699999900000;8,658754200000001;49,474647384000001
36500;36501;08;4;36;052;2016;08;09;7;3;5;3;0;0;1;1;0;0;0;0;565891,407600000040000;5291995,164500000000000;9,879551675000000;47,777948643000002
36506;36507;08;3;35;022;2016;08;12;1;2;8;1;0;1;1;0;0;0;0;0;485116,697400000000000;5300134,324000000000000;8,801039127999999;47,854378126000000
36519;36520;08;2;36;074;2016;08;12;7;3;2;6;0;0;1;0;0;0;0;0;472953,693900000010000;5420510,771499999800000;8,630690306000000;48,936933797000002
36533;36534;08;1;15;003;2016;08;17;3;3;4;2;0;0;1;1;0;0;0;0;500547,408999999990000;5392399,673999999600000;9,007437301000000;48,684639795000002
36555;36556;08;4;17;016;2016;08;10;3;3;5;3;0;0;1;1;0;0;0;0;484890,662599999980000;5342286,152400000000000;8,796529389000000;48,233615450999999
36568;36569;08;1;19;042;2016;08;17;3;3;6;6;0;0;0;0;1;0;0;1;529221,649399999990000;5415527,755099999700000;9,398655839000000;48,892009983999998
36580;36581;08;1;27;076;2016;08;20;4;3;8;1;1;0;1;0;0;0;0;0;547958,824000000020000;5435782,544999999900000;9,656652710000000;49,073036017000000
36582;36583;08;2;11;000;2016;08;11;2;2;4;2;0;0;1;1;0;0;0;0;442901,355300000000000;5406241,229399999600000;8,222355179999999;48,806535762999999
36594;36595;08;3;16;010;2016;08;15;2;3;5;3;0;0;1;1;0;0;0;0;430619,567199999990000;5335697,906000000400000;8,066823626000000;48,170734039999999
36598;36599;08;3;15;109;2016;08;15;1;3;5;3;0;0;1;1;0;0;0;0;420935,812400000000000;5315183,036700000100000;7,940394125000000;47,985061084000002
36606;36607;08;3;35;075;2016;09;11;5;3;5;2;0;0;1;1;0;0;0;0;488614,650399999980000;5288025,054200000100000;8,848117663000000;47,745496836000001
36608;36609;08;3;11;000;2016;09;17;5;3;5;3;0;0;1;1;0;0;0;0;406311,484999999990000;5316811,696499999600000;7,744090650000000;47,997736029000002
36609;36610;08;1;16;033;2016;09;11;5;3;5;2;0;0;1;1;0;0;0;0;535012,847100000010000;5389448,958200000200000;9,475439111000000;48,657113850000002
36618;36619;08;4;16;015;2016;08;11;4;3;1;3;0;0;1;1;0;0;0;0;506531,476000000020000;5366563,288999999900000;9,088333246000000;48,452174429999999
36620;36621;08;1;16;049;2016;09;12;5;3;5;3;0;0;1;0;0;0;0;0;524021,041700000000000;5387039,230200000100000;9,326044818000000;48,635955213999999
36627;36628;08;3;27;030;2016;09;11;7;3;0;1;0;0;1;0;0;0;0;0;492807,356600000000000;5322734,872299999900000;8,903470078000000;48,057852891000003
36638;36639;08;4;36;095;2016;09;18;5;3;0;1;0;0;1;0;0;0;0;0;533895,026700000050000;5289493,128499999600000;9,452272918000000;47,757915343999997
36642;36643;08;3;17;040;2016;09;10;7;2;5;3;0;0;1;1;0;0;0;0;432810,239999999990000;5347670,440000000400000;8,094386522000001;48,278670898000001
36649;36650;08;2;36;046;2016;09;01;6;2;6;4;2;0;0;1;1;0;0;0;483862,189200000020000;5418444,974399999700000;8,779722952000000;48,918731315000002
36651;36652;08;4;15;078;2016;09;14;7;3;2;6;0;0;1;0;0;1;0;0;534921,125400000020000;5368421,195399999600000;9,472428672000000;48,467953324000000
36652;36653;08;4;36;049;2016;09;13;1;3;4;6;0;0;1;1;0;0;0;0;576580,199000000020000;5288473,387199999800000;10,021588709000000;47,745084364999997
36655;36656;08;3;17;065;2016;09;09;5;2;5;3;0;0;1;1;0;0;0;0;414199,998000000020000;5355060,571999999700000;7,842093694000000;48,342895519000002
36659;36660;08;2;15;107;2016;09;12;6;3;1;7;0;0;1;1;0;0;0;0;462869,771899999990000;5456443,815200000100000;8,489699179000001;49,259632377999999
36668;36669;08;4;26;113;2016;09;11;1;3;8;1;0;0;1;0;0;0;0;0;571381,174000000000000;5319391,702999999700000;9,957355399000001;48,023825541999997
36671;36672;08;1;11;000;2016;09;16;5;3;5;3;0;0;1;1;0;0;0;0;513059,029299999990000;5406451,630500000000000;9,177869930000000;48,810914378000000
36673;36674;08;4;15;078;2016;09;21;6;3;0;7;2;0;1;0;0;0;0;0;529830,544600000020000;5371160,234100000000000;9,403758449000000;48,492856359999998
36678;36679;08;2;26;096;2016;09;15;2;3;3;7;0;0;1;1;0;0;0;0;474907,125200000010000;5488613,869599999900000;8,653098480000001;49,549608421999999
36681;36682;08;4;16;048;2016;08;19;4;2;4;2;0;0;1;1;0;0;0;0;497548,963600000020000;5375332,564799999800000;8,966800117000000;48,531095579000002
36690;36691;08;1;16;019;2016;09;10;1;3;1;5;0;0;1;1;0;0;0;0;525018,889300000040000;5398406,356100000400000;9,340276915000001;48,738174162000000
36699;36700;08;3;26;065;2016;09;06;6;3;3;6;1;0;1;0;0;0;0;1;455669,257700000020000;5326413,098899999600000;8,404687399000000;48,089444690000001
36716;36717;08;3;36;105;2016;09;20;5;3;5;3;1;0;1;1;0;0;0;0;399618,278200000000000;5267306,444500000200000;7,665833448000000;47,551416486999997
36717;36718;08;1;27;076;2016;09;11;7;2;6;4;0;0;0;1;1;0;0;0;556440,499799999990000;5439288,287300000000000;9,773263205999999;49,103849916000001
36719;36720;08;2;26;096;2016;09;01;7;3;3;6;2;0;1;1;0;0;0;0;475166,680999999980000;5488564,429999999700000;8,656689809000000;49,549174434000001
36731;36732;08;3;17;096;2016;09;08;2;2;5;3;0;0;1;0;0;0;0;0;420032,690400000020000;5372345,407399999900000;7,917496650000000;48,499136610000001
36734;36735;08;3;35;075;2016;09;08;5;2;5;3;0;0;1;1;0;0;0;0;488717,215600000000000;5287912,186200000300000;8,849488821000000;47,744483103000000
36740;36741;08;3;36;050;2016;09;16;5;3;5;3;0;0;1;1;0;0;0;0;398679,320499999970000;5273049,909199999600000;7,652031777000000;47,602935203000001
36741;36742;08;4;35;067;2016;08;10;4;3;5;3;0;0;1;1;0;0;0;0;527560,557999999960000;5291743,318000000000000;9,367894691000000;47,778463064000000
36742;36743;08;1;17;042;2016;09;21;7;3;7;1;2;0;1;0;0;0;0;0;554950,874199999960000;5393037,376400000400000;9,746634580000000;48,687957468999997
36743;36744;08;4;15;061;2016;09;14;6;3;0;1;0;0;1;0;0;0;0;0;515187,273800000020000;5371214,525600000300000;9,205564726000000;48,493869361999998
36753;36754;08;4;35;035;2016;08;17;4;3;5;3;0;0;1;1;0;0;0;0;541361,399399999990000;5280993,957800000000000;9,551087930000000;47,681010694000001
36763;36764;08;2;22;000;2016;09;16;2;3;5;3;0;0;1;1;0;0;0;0;462294,488100000020000;5480422,254099999600000;8,479521238000000;49,475275363999998
36764;36765;08;1;18;050;2016;09;17;5;3;5;2;0;0;1;1;0;0;0;0;504415,620100000000000;5420444,869300000400000;9,060293973000000;48,936916420000003
36765;36766;08;3;17;110;2016;09;17;1;3;0;1;0;1;1;0;0;0;0;0;427306,285900000020000;5382192,384200000200000;8,014223402000001;48,588593951000000
36766;36767;08;4;36;081;2016;09;14;6;3;5;3;0;0;1;1;0;0;0;0;562735,417200000030000;5281959,259300000000000;9,835982278000000;47,687974218999997
36767;36768;08;4;36;095;2016;09;12;7;3;5;2;0;0;1;0;0;1;0;0;534044,075100000020000;5289406,777599999700000;9,454254894000000;47,757130566000001
36779;36780;08;4;36;003;2016;09;18;6;2;0;6;0;0;1;1;0;0;0;0;578259,040999999970000;5304967,815000000400000;10,046960135000001;47,893266257999997
36781;36782;08;2;36;028;2016;09;12;6;2;5;3;0;0;1;1;0;0;0;0;494901,641999999990000;5422103,889000000400000;8,930362690000001;48,951835209000002
36785;36786;08;4;37;100;2016;09;04;1;3;6;6;2;0;0;1;1;0;0;0;536894,527400000020000;5319077,073699999600000;9,494823928000001;48,023918148000000
36796;36797;08;1;16;077;2016;09;16;6;2;8;1;0;0;1;0;0;0;0;0;512668,325200000020000;5387136,139800000000000;9,171954996000000;48,637160145000003
36806;36807;08;3;36;034;2016;09;18;5;1;4;6;0;0;1;0;0;1;0;0;416986,210900000010000;5281034,667399999700000;7,894019262000000;47,677369951999999
36807;36808;08;4;26;070;2016;08;20;4;3;0;1;0;0;1;0;0;0;0;0;565494,791899999950000;5342926,935999999800000;9,882036438000000;48,236177318999999
36814;36815;08;1;18;048;2016;09;16;5;2;5;3;0;0;1;1;0;0;0;0;514231,165800000020000;5415607,687199999600000;9,194153089000000;48,893254663999997
36817;36818;08;2;22;000;2016;09;12;5;3;5;3;0;0;1;1;0;0;0;0;467526,981600000000000;5482073,104299999800000;8,551611364999999;49,490426513999999
36822;36823;08;4;26;120;2016;08;09;4;2;6;4;0;0;0;0;1;0;1;0;561451,665000000040000;5324733,653599999800000;9,824964677000001;48,072915203000001
36824;36825;08;1;16;011;2016;09;11;1;3;9;1;0;1;1;0;0;0;0;0;531280,464700000010000;5379396,204900000200000;9,424000787000001;48,566877533000003
36840;36841;08;1;36;050;2016;09;09;2;3;5;3;0;0;1;0;0;0;0;1;580843,930700000030000;5403310,884200000200000;10,100409712999999;48,777544378999998
36844;36845;08;4;36;096;2016;09;09;6;3;5;3;0;0;1;1;0;0;0;0;543907,311299999940000;5301362,218700000100000;9,587066152000000;47,864097526999998
36846;36847;08;2;36;073;2016;09;14;6;3;6;4;0;0;0;1;1;0;0;0;479932,815899999990000;5424189,140399999900000;8,725805633000000;48,970288631999999
36847;36848;08;4;15;059;2016;09;14;2;3;5;3;0;0;1;1;0;0;0;0;516241,033999999990000;5369122,190000000400000;9,219746280000001;48,475019605000000
36853;36854;08;4;25;028;2016;08;12;4;2;4;2;0;0;1;1;0;0;0;0;579689,013500000000000;5339525,801699999700000;10,072522910000000;48,203958079000003
36855;36856;08;4;37;104;2016;09;17;5;2;6;4;0;0;0;1;1;0;0;0;515142,428499999980000;5325949,043300000000000;9,203334554000000;48,086631677000000
36858;36859;08;3;17;153;2016;09;02;1;1;6;4;2;0;0;1;1;0;0;0;423291,726700000000000;5389829,370099999900000;7,958379682000000;48,656807659000002
36859;36860;08;4;35;016;2016;09;17;6;3;3;6;0;0;1;0;0;0;0;1;536437,518599999950000;5277803,561999999900000;9,485219973000000;47,652601787000002
36864;36865;08;3;17;085;2016;09;20;2;3;8;7;2;0;1;0;0;0;0;0;431694,800400000010000;5360749,024899999600000;8,077233279000000;48,396199823000003
36879;36880;08;2;16;028;2016;09;07;6;2;6;4;0;0;0;1;1;0;0;0;426210,988300000030000;5397176,964700000400000;7,996701560000000;48,723248845999997
36891;36892;08;1;21;000;2016;09;15;6;3;1;4;0;0;0;1;1;0;0;0;515939,271300000020000;5442438,502600000200000;9,218510075999999;49,134570472000000
36892;36893;08;3;17;096;2016;09;23;7;3;0;7;2;0;1;0;0;0;0;0;421821,822999999970000;5368853,117999999800000;7,942364843000000;48,467949042999997
36895;36896;08;2;21;000;2016;09;14;7;2;6;7;0;0;1;1;1;0;0;0;478519,086799999990000;5473586,972900000400000;8,703848299000001;49,414584288000000
36897;36898;08;3;25;053;2016;09;18;6;3;0;1;0;0;1;0;0;0;0;0;457553,104700000030000;5342920,343200000000000;8,428336207999999;48,238080091000000
36909;36910;08;4;35;052;2016;09;19;6;3;0;7;1;0;1;0;0;0;0;0;522742,018300000000000;5288036,991499999500000;9,303381046000000;47,745303763000003
36910;36911;08;3;15;130;2016;09;16;6;3;8;6;0;0;1;0;0;0;0;0;414134,436200000000000;5304707,527499999900000;7,851350769000000;47,889952020000003
36912;36913;08;1;19;044;2016;09;14;6;3;8;1;0;0;1;0;0;0;0;0;545775,008200000040000;5424532,005900000200000;9,625484238000000;48,972003158000000
36917;36918;08;4;17;002;2016;09;14;7;3;5;3;0;0;0;1;1;0;0;0;488969,941200000000000;5346996,216400000300000;8,851340172000001;48,276074835999999
36922;36923;08;1;36;065;2016;09;19;7;2;0;1;1;0;1;0;0;0;0;0;558219,163799999980000;5404891,425900000100000;9,792712652000001;48,794290234000002
36934;36935;08;3;35;075;2016;08;20;4;3;1;5;2;0;1;1;0;0;0;0;489198,267400000010000;5287841,582000000400000;8,855907734000001;47,743856073000003
36940;36941;08;3;17;057;2016;09;19;3;3;5;3;0;0;1;1;0;0;0;0;412692,351000000020000;5381004,858599999900000;7,816338288000000;48,576046155999997
36942;36943;08;1;26;066;2016;09;15;3;2;3;6;0;0;1;0;0;0;0;1;533120,121999999970000;5456953,561300000200000;9,455231875000001;49,264447777000001
36952;36953;08;2;31;000;2016;09;20;3;2;6;4;0;0;0;1;1;0;0;0;477586,647400000020000;5415649,696800000000000;8,694217948000000;48,893390609999997
36956;36957;08;4;25;033;2016;09;12;5;3;0;1;0;0;1;0;0;0;0;0;561664,232500000040000;5346188,921900000400000;9,830930342000000;48,265905781000001