FID;OBJECTID;ULAND;UREGBEZ;UKREIS;UGEMEINDE;UJAHR;UMONAT;USTUNDE;UWOCHENTAG;UKATEGORIE;UART;UTYP1;ULICHTVERH;IstStrasse;IstRad;IstPKW;IstFuss;IstKrad;IstGkfz;IstSonstig;LINREFX;LINREFY;XGCSWGS84;YGCSWGS84
37962;37963;08;3;26;027;2016;09;21;3;2;6;7;2;0;0;1;1;0;0;0;465810,332899999980000;5304176,156700000200000;8,542636727000000;47,890005606000003
37979;37980;08;2;15;106;2016;09;19;5;3;5;3;1;0;1;0;0;1;0;0;465680,373900000010000;5452611,288400000000000;8,528653595000000;49,225323209999999
37982;37983;08;3;36;069;2016;09;12;3;1;8;1;0;0;1;0;0;0;0;0;410795,962100000000000;5273972,709200000400000;7,813005408000000;47,613017419000002
37998;37999;08;1;11;000;2016;09;16;7;3;5;2;0;0;1;1;0;0;0;0;508151,891999999990000;5397430,887799999700000;9,110853873000000;48,729847892999999
38003;38004;08;2;21;000;2016;09;17;5;3;3;2;0;0;1;1;0;0;0;0;477689,609600000030000;5472903,668100000400000;8,692451085000000;49,408408215999998
38007;38008;08;4;15;061;2016;09;10;6;3;5;2;0;0;1;0;0;0;0;1;516260,475299999990000;5372318,106599999600000;9,220133733999999;48,503770691000000
38020;38021;08;3;17;100;2016;09;21;4;2;0;7;2;0;1;0;0;0;0;0;423935,100700000010000;5366491,478500000200000;7,971378783000000;48,446965208000002
38032;38033;08;4;15;061;2016;09;16;5;2;6;4;0;0;1;0;1;0;0;0;514939,916900000010000;5375849,813699999800000;9,202382708000000;48,535575836000000
38034;38035;08;4;36;064;2016;09;05;2;3;2;2;2;1;1;1;0;0;0;0;549814,398099999990000;5291196,649500000300000;9,664873407000000;47,772208276999997
38036;38037;08;3;36;105;2016;09;16;3;3;6;4;0;0;0;0;1;0;0;1;398893,156299999970000;5267542,877000000300000;7,656144244000000;47,553430796000001
38046;38047;08;3;26;068;2016;09;17;5;3;6;4;0;0;0;1;1;0;0;0;447897,938900000010000;5321640,319199999800000;8,300916437000000;48,045918808000003
38052;38053;08;1;16;049;2016;09;19;2;3;5;2;0;0;1;0;0;0;0;1;525275,363999999940000;5385589,022300000300000;9,342981375000001;48,622859640000001
38053;38054;08;4;35;016;2016;09;06;4;3;5;3;1;0;1;1;0;0;0;0;537853,223699999970000;5278814,571200000100000;9,504159021000000;47,661616944000002
38054;38055;08;4;25;079;2016;09;16;5;3;8;1;0;0;1;0;0;0;0;0;555399,594500000010000;5373576,578400000000000;9,750134221000000;48,512858796000003
38063;38064;08;4;37;056;2016;09;16;6;3;2;6;0;0;1;0;0;0;0;0;527050,024399999990000;5299836,403500000000000;9,361585099999999;47,851300619000000
38066;38067;08;2;12;000;2016;09;19;4;2;2;6;2;0;1;0;0;0;0;0;450352,661299999980000;5431805,426199999600000;8,320717438999999;49,037128408000001
38079;38080;08;2;16;024;2016;09;16;7;3;0;6;0;0;1;0;0;0;0;1;445300,709700000010000;5409260,047799999800000;8,254627256999999;48,833906253999999
38082;38083;08;3;17;096;2016;09;16;6;3;5;3;0;0;1;1;0;0;0;0;421918,603500000030000;5369775,310600000400000;7,943501698000000;48,476256108999998
38083;38084;08;1;11;000;2016;09;13;6;3;5;3;0;0;1;0;0;0;0;1;515512,572999999970000;5405510,984500000300000;9,211252547999999;48,802396051000002
38085;38086;08;4;36;081;2016;09;16;6;3;0;1;0;0;1;0;0;0;0;0;561950,730499999950000;5281398,033699999600000;9,825447376000000;47,683000714000002
38088;38089;08;2;22;000;2016;09;15;4;3;6;4;0;0;0;0;1;1;0;0;460903,272999999990000;5483546,917899999800000;8,460009033000000;49,503291998999998
38097;38098;08;3;36;091;2016;09;19;4;2;0;1;2;0;1;0;0;0;0;0;395524,250000000000000;5271902,200000000200000;7,610342762000000;47,592110507000001
38105;38106;08;4;25;033;2016;09;12;5;2;5;3;0;0;1;1;0;0;0;0;553196,843100000060000;5348636,766599999700000;9,717149770000001;48,288694522999997
38111;38112;08;1;28;131;2016;09;11;5;3;5;2;0;0;1;1;0;0;0;0;536333,249399999970000;5514426,407700000300000;9,504687028999999;49,781202139999998
38113;38114;08;2;26;056;2016;09;17;6;2;6;4;0;0;0;0;1;1;0;0;488454,474400000010000;5471019,350800000100000;8,840898718000000;49,391758334000002
38119;38120;08;4;36;082;2016;09;17;6;3;4;6;1;1;1;0;0;0;0;0;546823,655299999980000;5295741,770100000300000;9,625448964000000;47,813324901999998
38120;38121;08;3;35;063;2016;09;17;4;2;5;3;0;0;1;1;0;0;0;0;496896,072999999970000;5287976,765300000100000;8,958593405000000;47,745155380999996
38145;38146;08;3;35;022;2016;09;16;5;2;5;2;0;0;1;1;0;0;0;0;482771,300099999990000;5299386,898600000000000;8,769715735000000;47,847594665000003
38160;38161;08;3;16;043;2016;09;14;5;3;5;3;0;0;1;1;0;0;0;0;411554,874599999980000;5331177,657900000000000;7,811391416000000;48,127706963000001
38165;38166;08;3;16;055;2016;09;12;1;3;8;1;0;1;1;0;0;0;0;0;428934,938800000000000;5333983,049800000200000;8,044454952000001;48,155121582000000
38166;38167;08;3;17;089;2016;09;17;5;3;0;7;0;0;1;0;0;0;0;0;432103,934899999990000;5375493,058100000000000;8,080366793000000;48,528871056000000
38168;38169;08;2;15;017;2016;09;07;5;3;4;6;0;0;1;0;0;1;0;0;454591,688900000010000;5419846,232599999800000;8,380048577000000;48,929880908000001
38170;38171;08;2;26;012;2016;09;09;2;3;3;2;0;0;1;0;0;0;0;1;475994,189499999980000;5477401,632000000200000;8,668807856000001;49,448801957000001
38171;38172;08;3;17;096;2016;09;17;3;3;0;6;0;0;1;0;0;0;0;0;421031,376800000030000;5368462,561700000400000;7,931746937000000;48,464337276000002
38175;38176;08;4;17;022;2016;09;21;7;2;0;7;2;1;1;0;0;0;0;0;485899,783999999990000;5348200,024000000200000;8,809921548000000;48,286844191999997
38178;38179;08;3;17;026;2016;09;11;6;2;2;7;0;0;1;1;0;0;0;0;417652,491099999980000;5343224,462399999600000;7,890985157000000;48,236888768999997
38179;38180;08;2;21;000;2016;09;18;4;3;3;2;0;0;1;1;0;0;0;0;476632,075599999980000;5471543,460199999600000;8,677953231000000;49,396133665000001
38186;38187;08;4;35;035;2016;09;20;6;3;2;6;2;1;1;1;0;0;0;0;540971,574700000000000;5281318,418200000200000;9,545924714000000;47,683954782000001
38187;38188;08;3;35;075;2016;09;12;4;3;0;1;0;0;1;0;0;0;0;0;487643,873000000020000;5289667,731100000400000;8,835120713000000;47,760259017999999
38194;38195;08;2;12;000;2016;09;17;5;3;7;4;0;0;0;0;1;1;0;0;452803,015200000020000;5429323,249699999600000;8,354530128000000;49,014993685000000
38199;38200;08;2;16;063;2016;09;04;7;3;6;6;2;0;0;1;1;0;0;0;429509,765100000020000;5401304,887900000400000;8,040841539000001;48,760760312000002
38221;38222;08;3;17;089;2016;09;15;1;3;5;3;0;0;1;0;0;1;0;0;428177,190999999990000;5376306,111300000000000;8,027047793000000;48,535747393999998
38225;38226;08;1;16;041;2016;09;06;4;3;5;3;2;0;1;1;0;0;0;0;520671,764199999980000;5384225,160500000200000;9,280444393000000;48,610759278000003
38236;38237;08;2;12;000;2016;09;10;2;3;3;2;0;0;1;0;0;0;0;1;455207,310899999980000;5428829,077800000100000;8,387463993000001;49,010727809000002
38242;38243;08;2;26;020;2016;09;19;3;2;4;2;1;0;1;1;0;0;0;0;490907,010000000010000;5463023,352500000000000;8,874877979000001;49,319875592999999
38256;38257;08;4;35;029;2016;09;17;6;3;5;3;0;0;1;1;0;0;0;0;544434,023799999970000;5272268,802799999700000;9,591138284000000;47,602304187999998
38259;38260;08;3;17;057;2016;09;12;7;3;5;2;0;0;1;1;0;0;0;0;412778,742199999980000;5380992,922899999700000;7,817511769000000;48,575950835000000
38268;38269;08;3;11;000;2016;09;12;5;2;1;6;0;0;1;1;0;0;0;0;414955,820000000010000;5319559,463499999600000;7,859399368000000;48,023661613999998
38269;38270;08;1;35;016;2016;09;01;1;2;8;7;2;0;0;1;1;0;0;0;589720,071200000010000;5387617,569199999800000;10,217789535000000;48,635181410000001
38272;38273;08;1;18;051;2016;09;18;1;3;5;3;0;0;1;1;0;0;0;0;509858,632900000030000;5415060,600800000100000;9,134486464000000;48,888418207000001
38277;38278;08;3;35;066;2016;09;13;6;3;4;6;0;0;1;0;0;0;0;0;506471,867399999990000;5281496,404900000400000;9,086238843000000;47,686822528999997
38285;38286;08;3;11;000;2016;09;10;3;3;6;7;0;0;0;0;1;0;0;1;414116,093500000020000;5316794,054200000100000;7,848693322000000;47,998673431999997
38286;38287;08;4;35;036;2016;09;14;5;3;3;6;0;0;1;0;0;0;0;0;518868,377199999990000;5283305,634700000300000;9,251501815999999;47,702858178000000
38292;38293;08;3;27;038;2016;09;16;4;3;6;7;0;0;0;1;1;0;0;0;494425,900100000030000;5313309,412499999600000;8,925314521000001;47,973066760999998
38296;38297;08;3;35;028;2016;09;16;2;3;5;3;0;0;1;0;0;0;0;1;483806,408100000000000;5286978,668200000200000;8,784014307000000;47,735979137999998
38298;38299;08;1;35;019;2016;09;23;6;3;0;2;2;0;1;0;0;0;0;1;584642,412699999990000;5392447,168100000400000;10,149871936000000;48,679328482000003
38299;38300;08;3;17;096;2016;09;20;6;2;5;3;2;0;1;1;0;0;0;0;421994,534300000000000;5369563,008000000400000;7,944568529000000;48,474355891000002
38305;38306;08;3;17;096;2016;09;14;7;2;5;3;0;0;1;0;0;0;0;0;424493,495700000030000;5368395,241700000100000;7,978585197000000;48,464156873999997
38306;38307;08;1;17;026;2016;09;16;5;3;5;3;0;0;1;1;0;0;0;0;546220,778999999980000;5392833,303999999500000;9,628001379000001;48,686829375000002
38314;38315;08;2;26;085;2016;09;15;5;2;0;1;0;0;1;0;0;0;0;0;489037,754000000020000;5448999,788400000000000;8,849540516999999;49,193700354999997
38322;38323;08;1;19;067;2016;09;16;6;3;6;4;0;0;0;1;1;0;0;0;540601,029600000010000;5402793,571100000300000;9,552630923000001;48,776819044000000
38326;38327;08;2;11;000;2016;09;10;3;2;6;6;0;0;1;0;1;0;0;0;441849,127700000010000;5403258,570200000000000;8,208448164000000;48,779608938999999
38330;38331;08;2;12;000;2016;09;13;7;3;0;6;0;0;1;0;0;0;0;0;459697,418200000010000;5427951,597799999600000;8,448949773000001;49,003144317000000
38348;38349;08;4;15;019;2016;09;14;3;3;5;3;0;0;1;1;0;0;0;0;518798,691500000020000;5369895,628200000200000;9,254386644000000;48,481906451000000
38352;38353;08;1;36;088;2016;09;16;3;3;5;3;0;0;1;1;0;0;0;0;580449,191400000010000;5410206,908300000200000;10,096389286999999;48,839620248000003
38360;38361;08;1;19;041;2016;09;17;2;3;5;3;0;0;1;1;0;0;0;0;526343,424699999970000;5410140,026300000000000;9,359043641000000;48,843672933999997
38361;38362;08;1;16;070;2016;09;18;6;3;4;2;0;0;1;1;0;0;0;0;539856,770099999970000;5384587,443300000400000;9,540744237000000;48,613090442999997
38372;38373;08;4;35;016;2016;09;10;2;3;6;4;0;0;0;1;1;0;0;0;536197,231999999960000;5278297,466000000000000;9,482061214000000;47,657059132000001
38378;38379;08;4;25;071;2016;09;16;2;3;0;3;0;0;1;1;0;0;0;0;550662,331800000040000;5370952,921099999900000;9,685676254000001;48,489657121999997
38388;38389;08;1;19;004;2016;09;16;5;2;3;2;0;0;1;1;0;0;0;0;540940,270000000020000;5418417,394000000300000;9,558809849999999;48,917339804000001
38389;38390;08;1;19;020;2016;10;16;7;3;6;7;0;1;0;1;1;0;0;0;519179,106299999980000;5406557,292999999600000;9,261232345000000;48,811706139000002
38392;38393;08;1;19;055;2016;09;11;7;3;5;3;0;0;1;1;0;0;0;0;543847,016900000050000;5405115,037600000400000;9,597058163000000;48,797481402000003
38400;38401;08;3;36;105;2016;09;08;6;2;6;4;0;0;0;1;1;0;0;0;399770,900100000030000;5267278,805999999900000;7,667867671000000;47,551191441999997
38409;38410;08;1;17;026;2016;09;00;4;3;3;6;2;0;1;0;0;0;0;1;549705,487300000040000;5394489,963200000100000;9,675544127000000;48,701463996999998
38411;38412;08;2;15;064;2016;09;10;1;2;3;6;0;0;1;1;0;0;0;0;479414,510699999980000;5451400,548899999800000;8,717337398000000;49,215048060999997
38429;38430;08;3;35;075;2016;09;16;5;3;5;2;0;0;1;1;0;0;0;0;487292,251899999970000;5289887,305100000500000;8,830422306999999;47,762227803999998
38430;38431;08;1;11;000;2016;09;16;5;3;0;1;0;0;1;0;0;0;0;0;508534,979700000030000;5397674,244599999900000;9,116068336000000;48,732032007000001
38431;38432;08;4;35;036;2016;09;13;6;3;0;7;0;0;1;0;1;0;0;0;519245,160299999990000;5282958,546400000300000;9,256508691000001;47,699724111000002
38443;38444;08;2;12;000;2016;09;06;2;3;2;6;2;0;1;1;0;0;0;0;456379,930600000020000;5426635,919300000200000;8,403734093000001;48,991084076999996
38444;38445;08;1;18;050;2016;09;11;6;3;0;6;0;0;1;0;0;0;1;0;504255,616800000020000;5420568,076600000300000;9,058110463000000;48,938025879000001
38447;38448;08;4;35;057;2016;09;16;3;3;5;3;0;0;1;1;0;0;0;0;544324,630699999980000;5279785,329800000400000;9,590444428000000;47,669939995999997
38451;38452;08;3;27;050;2016;09;18;5;3;4;2;0;0;1;1;0;0;0;0;482226,508199999980000;5311263,164599999800000;8,761944562000000;47,954433748000000
38455;38456;08;4;37;088;2016;09;21;2;3;0;1;2;0;1;0;0;0;0;0;523140,976000000020000;5304502,120000000100000;9,309582559000001;47,893431941000003
38457;38458;08;2;16;028;2016;09;11;6;2;4;6;0;0;1;0;0;0;0;0;424541,311300000000000;5399757,563000000100000;7,973530489000000;48,746260368999998
38461;38462;08;1;18;011;2016;09;16;4;3;2;4;0;0;0;1;1;0;0;0;498722,910900000020000;5411079,784199999600000;8,982591003000000;48,852684605000000
38471;38472;08;3;15;041;2016;09;11;5;3;3;6;0;0;1;1;0;0;0;0;420745,930999999980000;5322333,332000000400000;7,936527744000000;48,049358853000001
38472;38473;08;3;17;001;2016;09;16;5;2;5;3;0;0;1;1;0;0;0;0;432468,114899999990000;5385435,139999999700000;8,083684127000000;48,618340726000000
38475;38476;08;2;22;000;2016;09;17;4;2;0;1;0;0;1;0;0;0;0;0;463084,201300000020000;5482445,785600000100000;8,490232882999999;49,493524557000001
38488;38489;08;2;22;000;2016;09;19;5;3;5;3;0;0;1;1;0;0;0;0;463085,772500000020000;5478809,476200000400000;8,490593932000000;49,460817818999999
38489;38490;08;1;16;077;2016;09;14;6;3;5;3;0;0;1;0;0;1;0;0;516957,505599999970000;5388115,630699999600000;9,230214357000000;48,645870119999998
38511;38512;08;1;16;070;2016;10;13;7;3;5;3;0;0;1;1;0;0;0;0;540299,650499999990000;5383643,115399999500000;9,546660891000000;48,604567070999998
38533;38534;08;1;16;049;2016;09;15;5;3;6;4;0;0;0;1;1;0;0;0;525443,054699999980000;5385058,205900000400000;9,345224293999999;48,618077591000002
38536;38537;08;1;15;048;2016;09;06;5;2;2;6;2;0;1;1;0;0;0;0;511164,747800000010000;5386915,892099999800000;9,151540157000000;48,635207422999997
38545;38546;08;1;18;049;2016;09;16;3;3;5;3;0;0;1;1;0;0;0;0;518628,979400000010000;5421040,858300000400000;9,254399154000000;48,942012988999998
38546;38547;08;4;35;035;2016;09;12;2;3;0;7;0;0;1;0;0;0;0;0;543294,938100000030000;5282019,531000000400000;9,576950296000000;47,690111391000002
38547;38548;08;3;17;065;2016;09;16;5;2;3;2;0;0;1;0;0;1;0;0;413632,318199999980000;5355261,527900000100000;7,834393046000000;48,344625708999999
38558;38559;08;4;36;008;2016;09;12;4;3;5;3;0;0;1;1;0;0;0;0;547857,765600000040000;5308623,866499999500000;9,640688240999999;47,929146821000003
38569;38570;08;2;22;000;2016;09;13;3;2;6;4;0;0;0;1;1;0;0;0;468372,269900000010000;5479442,129400000000000;8,563493162000000;49,466806581999997
38574;38575;08;2;26;028;2016;09;15;4;3;6;4;0;0;0;1;1;0;0;0;471229,112599999990000;5483561,745299999600000;8,602620749000000;49,504003116000000
38575;38576;08;1;16;011;2016;09;14;1;3;5;2;0;0;1;1;0;0;0;0;529228,659600000010000;5379461,373300000100000;9,396194253999999;48,567562844999998
38576;38577;08;1;27;079;2016;09;22;7;2;6;4;2;0;0;1;1;0;0;0;562761,742199999980000;5421771,528500000000000;9,857147249000001;48,945681708000002
38588;38589;08;1;11;000;2016;09;17;2;3;0;1;0;0;1;0;0;0;0;0;506635,931999999970000;5403459,026999999800000;9,090336234000001;48,784094940000003
38591;38592;08;4;35;016;2016;09;07;5;3;4;6;0;0;1;0;0;0;0;0;533345,164100000050000;5278480,614000000100000;9,444093640000000;47,658860294000000
38595;38596;08;2;26;098;2016;09;07;5;3;0;1;0;0;1;0;0;0;0;0;479425,871199999990000;5460874,436599999700000;8,717006582000000;49,300267042000002
38601;38602;08;3;35;066;2016;09;11;2;3;0;1;0;0;1;0;0;0;0;0;504733,781000000020000;5282605,368800000300000;9,063090568000000;47,696815686000001
38619;38620;08;1;16;078;2016;10;11;7;3;5;3;0;0;1;1;0;0;0;0;510438,281399999980000;5393447,622100000300000;9,141844593000000;48,693980168000003
38620;38621;08;2;16;043;2016;09;11;5;3;5;3;0;0;1;1;0;0;0;0;441474,587899999980000;5410529,907700000300000;8,202313449000000;48,844979780000003
38623;38624;08;3;35;043;2016;09;14;7;3;0;1;0;0;1;0;0;0;0;0;513550,044200000000000;5279449,459200000400000;9,180492986000001;47,668295178999998
38634;38635;08;2;22;000;2016;09;16;7;3;5;3;0;0;1;1;0;0;0;0;462938,831300000020000;5482898,282499999700000;8,488183125000001;49,497585669999999
38638;38639;08;1;36;062;2016;09;16;5;3;8;1;0;0;1;0;0;0;0;0;566805,120099999940000;5413440,061499999800000;9,910997806999999;48,870319791999997
38639;38640;08;1;18;048;2016;09;07;4;3;5;2;1;0;1;1;0;0;0;0;514259,852799999990000;5414617,068000000000000;9,194509890000001;48,884342652999997
38660;38661;08;2;12;000;2016;09;13;6;3;6;4;0;0;1;0;1;0;0;0;455711,333400000000000;5428237,808799999800000;8,394420553000000;49,005445666000000
38671;38672;08;4;36;064;2016;09;06;3;2;6;4;1;1;0;1;1;0;0;0;538670,096000000020000;5293273,438000000100000;9,516322391999999;47,791658704000000
38680;38681;08;4;16;041;2016;09;12;4;2;0;2;0;0;1;0;0;0;0;1;505394,942900000020000;5373350,811099999600000;9,073050146000000;48,513248607000001
38681;38682;08;2;26;095;2016;09;08;4;2;5;3;0;0;1;1;0;0;0;0;474291,836100000010000;5460839,875699999700000;8,646392354000000;49,299761664000002
38695;38696;08;1;17;024;2016;09;18;7;2;2;6;0;0;1;1;0;0;0;0;556867,714000000040000;5381514,919599999700000;9,771095550000000;48,584136979000000
38696;38697;08;3;17;031;2016;09;07;4;3;3;2;1;0;1;1;0;0;0;0;415224,038500000020000;5360045,458300000100000;7,854905858000000;48,387871916999998
38702;38703;08;3;35;002;2016;10;17;5;2;5;3;0;0;1;1;0;0;0;0;505409,959600000000000;5285147,525299999900000;9,072134042000000;47,719683785999997
38710;38711;08;3;11;000;2016;10;16;4;3;2;6;0;0;1;1;0;0;0;0;414025,815799999980000;5315569,483900000300000;7,847728664000000;47,987645827999998
38711;38712;08;3;17;031;2016;10;21;2;2;0;7;2;0;0;1;1;0;0;0;414079,843200000000000;5360713,223000000200000;7,839317541000000;48,393723434000002
38716;38717;08;1;35;019;2016;10;09;7;3;5;3;0;0;1;1;0;0;0;0;584448,506000000050000;5392383,921000000100000;10,147225335000000;48,678785877999999
38719;38720;08;1;17;051;2016;10;09;5;3;1;2;0;0;1;0;0;0;0;1;543006,820799999990000;5395005,134700000300000;9,584561975000000;48,706596099999999
38722;38723;08;1;16;035;2016;10;20;2;3;5;3;2;0;1;1;0;0;0;0;526978,824999999950000;5391915,522500000000000;9,366508757000000;48,679701549999997
38748;38749;08;2;21;000;2016;10;18;4;3;8;1;0;0;1;0;0;0;0;0;474396,334700000010000;5469387,790699999800000;8,647280624000000;49,376653834999999
38759;38760;08;1;35;016;2016;10;12;6;3;3;2;0;0;1;1;0;0;0;0;591225,805000000050000;5386235,877000000300000;10,237918194000001;48,622536461000003
38761;38762;08;3;15;130;2016;10;07;3;2;0;1;0;0;1;0;0;0;0;0;409778,971499999990000;5299935,184899999800000;7,794095837000000;47,846425343000000
38762;38763;08;1;15;015;2016;10;15;1;3;0;3;0;0;1;1;0;0;0;0;491266,971000000020000;5387716,660000000100000;8,881448824000000;48,642449958000000
38763;38764;08;1;11;000;2016;10;14;6;3;6;4;0;0;0;1;1;0;0;0;516650,962999999990000;5405820,465800000400000;9,226767743000000;48,805150646000001
38766;38767;08;1;36;019;2016;10;14;6;3;5;3;0;0;1;1;0;0;0;0;582093,836699999990000;5424814,062900000300000;10,121735610000000;48,970782323999998
38771;38772;08;1;36;065;2016;10;16;4;2;6;4;0;0;0;1;1;0;0;0;562076,587500000020000;5407822,379300000100000;9,845672805000000;48,820280820999997
38787;38788;08;3;17;001;2016;10;14;2;3;0;1;0;0;1;0;0;0;0;0;430047,537699999990000;5385958,525200000000000;8,050756526000001;48,622782587000003
38791;38792;08;1;19;068;2016;10;21;2;3;5;3;2;0;1;1;0;0;0;0;525583,057999999960000;5413877,138000000300000;9,348914139000000;48,877322558000003
38795;38796;08;1;27;014;2016;10;18;4;3;5;3;1;0;1;0;0;0;0;1;577419,565900000050000;5443705,386900000300000;10,061489932000001;49,141293969000003
38800;38801;08;4;35;016;2016;10;12;6;3;3;6;0;0;1;0;0;0;0;0;536283,355400000000000;5278884,625199999700000;9,483256881000001;47,662337215000001
38803;38804;08;2;15;047;2016;10;11;5;3;5;3;0;0;1;1;0;0;0;0;460365,541000000030000;5412110,446000000500000;8,459624544000000;48,860691328000001
38809;38810;08;3;36;045;2016;10;17;2;2;5;3;0;0;1;1;0;0;0;0;399703,571999999990000;5285561,819600000000000;7,662783275000000;47,715642578000001
38810;38811;08;3;15;047;2016;10;07;4;3;6;2;0;0;1;0;1;0;0;0;415339,158500000020000;5321045,834599999700000;7,864245818000000;48,037082996000002
38818;38819;08;2;36;046;2016;10;06;6;3;5;3;2;1;1;1;0;0;0;0;484323,105300000000000;5418016,265599999600000;8,786030766000000;48,914886629999998
38824;38825;08;2;12;000;2016;10;17;6;2;3;6;0;0;1;1;0;0;0;0;455165,181700000020000;5428166,881699999800000;8,386961045000000;49,004768237000000
38856;38857;08;3;15;059;2016;10;16;4;3;5;3;0;0;1;1;0;0;0;0;399200,015499999980000;5321357,815700000200000;7,647717723000000;48,037545131000002
38857;38858;08;1;11;000;2016;10;09;2;3;6;2;0;0;0;1;1;0;0;0;515674,358400000030000;5403533,251199999800000;9,213380288000000;48,784600545000004
38862;38863;08;1;19;079;2016;10;06;4;3;0;7;2;0;1;1;0;0;0;0;522355,706000000010000;5410136,639999999700000;9,304694335000001;48,843798915000001
38864;38865;08;3;36;073;2016;10;13;3;3;5;6;0;0;1;1;0;0;0;0;397976,245000000000000;5277229,713399999800000;7,641707045000000;47,640423319000000
38868;38869;08;1;35;019;2016;10;18;6;3;3;2;0;0;1;1;0;0;0;0;585239,710199999970000;5392455,925800000300000;10,157986339000001;48,679325980999998
38872;38873;08;3;36;050;2016;10;11;1;3;0;1;0;1;1;0;0;0;0;0;399779,915800000020000;5274340,560399999800000;7,666374811000000;47,614716184999999
38877;38878;08;4;35;034;2016;10;13;2;3;5;3;0;0;1;1;0;0;0;0;529776,116000000040000;5284669,810700000300000;9,396984335999999;47,714721503000000
38883;38884;08;1;17;018;2016;10;11;4;1;3;2;0;0;1;1;0;0;0;0;536577,315100000010000;5393221,230700000200000;9,497015872000000;48,690958780000003
38898;38899;08;1;27;014;2016;10;09;4;2;6;4;0;0;0;0;1;0;0;1;577402,721499999990000;5443709,435999999800000;10,061259799000000;49,141332509000001
38908;38909;08;2;26;065;2016;10;21;1;3;0;7;2;0;1;0;0;0;0;0;475787,958800000020000;5456454,829900000200000;8,667236164000000;49,260379198000003
38909;38910;08;3;35;099;2016;10;12;4;3;6;4;0;0;0;1;1;0;0;0;495036,124100000020000;5298118,653599999800000;8,933665555999999;47,836395496999998
38946;38947;08;3;15;006;2016;10;17;5;3;1;6;0;0;1;1;0;0;0;0;400084,888800000020000;5306460,286500000400000;7,663049097000000;47,903684310000003
38959;38960;08;2;11;000;2016;10;16;4;3;6;4;0;0;0;1;1;0;0;0;443163,994499999970000;5402359,486399999800000;8,226468724000000;48,771643071000000
38966;38967;08;4;36;013;2016;10;08;7;3;0;1;0;0;1;0;0;0;0;0;545650,521599999980000;5296485,574699999800000;9,609858071000000;47,820101190000003
38985;38986;08;3;35;043;2016;10;08;3;2;3;6;0;0;1;0;0;0;0;0;513189,341100000020000;5279631,697399999900000;9,175693776999999;47,669942355000003
38986;38987;08;2;22;000;2016;10;11;3;3;2;6;0;0;1;1;0;0;0;0;461781,516400000020000;5481217,220200000300000;8,472363784000001;49,482393598000002
38999;39000;08;3;36;014;2016;10;13;2;3;5;3;0;0;1;1;0;0;0;0;392129,723000000000000;5278440,985999999600000;7,563595210000000;47,650370795999997
39011;39012;08;1;11;000;2016;10;00;4;3;0;1;2;0;1;0;0;0;0;0;514856,393099999990000;5406113,145499999600000;9,202338442000000;48,807829040999998
39023;39024;08;3;16;011;2016;10;12;2;3;0;1;0;0;1;0;0;0;0;0;416309,924300000010000;5329593,833700000300000;7,875592093000000;48,114103112000002
39027;39028;08;1;15;001;2016;10;06;6;2;6;4;2;1;0;1;1;0;0;0;490549,635300000020000;5391707,592699999900000;8,871619849000000;48,678342459000000
39036;39037;08;1;19;079;2016;10;06;5;3;4;2;2;0;1;1;0;0;0;0;523723,406299999970000;5408880,004700000400000;9,323262186999999;48,832443797000003
39042;39043;08;2;35;046;2016;10;20;2;3;6;6;2;0;0;0;1;1;0;0;478174,757099999990000;5378355,124099999700000;8,704215404999999;48,557912389999998
39045;39046;08;4;35;016;2016;10;17;3;3;0;7;0;0;1;0;0;0;0;0;536202,019399999990000;5278256,348399999600000;9,482121563000000;47,656688912000000
39049;39050;08;4;36;008;2016;10;17;7;3;3;6;0;0;1;1;0;0;0;0;547985,239700000030000;5308385,761300000400000;9,642368142000001;47,926995118999997
39054;39055;08;1;11;000;2016;10;00;5;3;5;2;2;0;1;1;0;0;0;0;512523,690200000010000;5402351,031100000300000;9,170453396999999;48,774036807000002
39069;39070;08;2;36;071;2016;10;16;2;3;6;7;0;0;0;1;1;0;0;0;468882,004000000020000;5421386,407200000200000;8,575027153000001;48,944619138000000
39079;39080;08;3;36;105;2016;10;08;5;2;3;6;0;0;1;0;0;1;0;0;401358,336499999980000;5267249,315600000300000;7,688966967000000;47,551169244999997
39093;39094;08;3;35;075;2016;10;17;5;3;1;5;0;0;1;1;0;0;0;0;488019,565899999990000;5289999,122600000400000;8,840124777000000;47,763247814000003
39098;39099;08;4;25;031;2016;10;06;2;3;6;4;2;0;0;1;1;0;0;0;569943,177700000000000;5368669,866600000300000;9,946213891999999;48,467270442000000
39115;39116;08;4;35;016;2016;10;13;6;2;0;7;0;0;1;0;0;0;0;0;536295,054800000040000;5278913,729799999900000;9,483415117000000;47,662598424000002
39125;39126;08;2;12;000;2016;10;06;4;2;4;6;2;0;1;0;0;0;0;0;458094,489000000000000;5427624,230499999600000;8,427068105000000;49,000092846999998
39131;39132;08;3;17;034;2016;10;13;2;2;6;4;0;0;0;1;1;0;0;0;426694,434599999980000;5364004,128999999700000;8,009122394000000;48,424918564000002
39137;39138;08;4;17;002;2016;10;14;7;3;4;6;0;0;1;0;0;0;0;0;489792,336599999980000;5349138,892099999800000;8,862372356000000;48,295365664999999
39140;39141;08;2;15;096;2016;10;20;6;3;4;2;2;0;1;1;0;0;0;0;461022,714600000010000;5416132,156700000200000;8,468200648000000;48,896909942000001
39148;39149;08;2;36;072;2016;10;13;2;2;6;4;0;0;0;1;1;0;0;0;467347,296299999990000;5410690,411000000300000;8,554923590000000;48,848324112999997