FID;OBJECTID;ULAND;UREGBEZ;UKREIS;UGEMEINDE;UJAHR;UMONAT;USTUNDE;UWOCHENTAG;UKATEGORIE;UART;UTYP1;ULICHTVERH;IstStrasse;IstRad;IstPKW;IstFuss;IstKrad;IstGkfz;IstSonstig;LINREFX;LINREFY;XGCSWGS84;YGCSWGS84
39153;39154;08;3;17;065;2016;10;18;3;3;5;3;0;0;1;0;0;1;0;0;416927,505400000020000;5354777,689799999800000;7,878950885000000;48,340715611000000
39168;39169;08;3;15;132;2016;10;17;4;2;5;3;0;0;1;1;0;0;0;0;409125,249599999980000;5323086,652599999700000;7,780469658000000;48,054586082999997
39197;39198;08;1;16;020;2016;10;12;4;3;5;3;0;0;1;1;0;0;0;0;526581,415999999970000;5382309,578099999600000;9,360493818000000;48,593303444999997
39207;39208;08;1;19;020;2016;10;08;2;3;5;3;0;0;1;1;0;0;0;0;519790,162000000010000;5406480,310999999800000;9,269551527999999;48,810994461999996
39208;39209;08;1;27;076;2016;10;20;3;2;0;1;2;0;1;0;0;0;0;0;553188,564400000030000;5440159,473899999600000;9,728828720999999;49,111975813999997
39210;39211;08;3;37;039;2016;10;15;2;2;8;1;0;0;1;0;0;0;0;0;443768,517999999980000;5292094,254599999600000;8,249368627000001;47,779755760000000
39214;39215;08;1;19;041;2016;10;13;6;3;5;3;0;0;1;1;0;0;0;0;524522,160299999990000;5409767,167899999800000;9,334199140000001;48,840393435999999
39215;39216;08;2;25;058;2016;10;11;7;3;5;3;0;0;1;1;0;0;0;0;509881,880999999990000;5466091,058000000200000;9,136053377000000;49,347457552999998
39226;39227;08;4;15;093;2016;10;13;7;3;3;6;0;0;1;1;0;0;0;1;529983,461899999990000;5367083,033699999600000;9,405535719000000;48,456169707999997
39229;39230;08;3;36;050;2016;10;17;5;3;5;3;0;0;1;1;0;0;0;0;399087,841100000020000;5275627,036000000300000;7,656871584000000;47,626181012000004
39234;39235;08;4;35;016;2016;10;08;4;3;4;2;0;0;1;1;0;0;0;0;535212,841999999950000;5281396,850999999800000;9,469201826000001;47,684999879999999
39240;39241;08;3;17;056;2016;10;04;1;2;0;7;2;0;1;0;0;0;0;0;432977,443399999990000;5383509,488400000100000;8,090905119000000;48,601074081000000
39245;39246;08;3;35;063;2016;10;17;3;3;5;2;0;0;1;1;0;0;0;0;497567,191600000020000;5287923,816999999800000;8,967546467000000;47,744681855000003
39246;39247;08;2;12;000;2016;10;09;3;3;1;5;0;0;1;1;0;0;0;0;456096,003499999990000;5428925,922299999700000;8,399605604000000;49,011662805999997
39255;39256;08;4;17;063;2016;10;19;3;2;6;4;2;0;0;1;1;0;0;0;506849,325399999970000;5335857,335099999800000;9,092133218000001;48,175919358999998
39279;39280;08;4;36;064;2016;10;05;6;3;6;2;2;0;0;1;1;0;0;0;544951,530000000030000;5292304,991000000400000;9,600087254000000;47,782537681000001
39283;39284;08;4;35;057;2016;10;02;1;3;8;1;2;0;1;0;0;0;0;0;543601,705700000050000;5279489,284300000400000;9,580785371999999;47,667325552000001
39297;39298;08;3;16;039;2016;10;14;1;3;1;5;0;0;1;1;0;0;0;0;417995,030099999970000;5327364,840200000400000;7,898656207000000;48,094271775999999
39305;39306;08;4;35;016;2016;10;13;2;2;6;7;0;0;1;0;1;0;0;0;538985,656199999970000;5279802,046500000200000;9,519329141000000;47,670434333999999
39308;39309;08;4;15;061;2016;10;14;6;3;5;3;0;0;1;1;0;0;0;0;515754,115899999980000;5371577,539599999800000;9,213250760999999;48,497121204999999
39311;39312;08;4;17;014;2016;10;15;1;3;4;1;0;0;1;0;0;1;0;0;480367,623000000020000;5343583,005199999500000;8,735560133000000;48,245158947999997
39319;39320;08;1;28;139;2016;10;13;3;3;6;4;0;0;0;1;1;0;0;0;550737,109000000050000;5490743,927500000200000;9,701678952000000;49,567160584000000
39334;39335;08;2;35;084;2016;10;12;1;3;1;5;0;0;1;1;0;0;0;0;479608,141899999990000;5391604,840400000100000;8,722989591999999;48,677156578000002
39336;39337;08;3;35;043;2016;10;15;6;3;5;2;0;0;1;0;0;0;0;1;511821,473000000000000;5281125,088000000500000;9,157513065000000;47,683405833999998
39340;39341;08;3;35;063;2016;10;15;7;3;5;3;0;0;1;1;0;0;0;0;496893,934000000010000;5287977,931400000100000;8,958564862999999;47,745165862999997
39348;39349;08;4;26;070;2016;10;08;4;2;5;3;0;0;1;1;0;0;0;0;565182,300000000050000;5341939,015999999800000;9,877676537999999;48,227322426999997
39358;39359;08;1;15;003;2016;10;12;3;3;5;3;0;0;1;1;0;0;0;0;500692,308399999980000;5392704,053700000000000;9,009406467000000;48,687377884000000
39361;39362;08;2;16;007;2016;10;00;1;3;6;4;2;0;0;1;1;0;0;0;435839,909900000030000;5394614,419200000400000;8,128006015000000;48,701264230000000
39363;39364;08;3;35;098;2016;10;04;1;3;0;1;2;0;1;0;0;0;0;0;504307,504399999980000;5296454,691499999700000;9,057546517000001;47,821428810000000
39370;39371;08;3;17;065;2016;10;19;3;3;5;3;2;0;1;1;0;0;0;0;414178,016500000030000;5355080,567200000400000;7,841793032000000;48,343072386000003
39374;39375;08;3;17;026;2016;10;07;4;2;5;3;0;0;1;1;0;0;0;0;411323,440000000000000;5345931,336000000100000;7,805200138000000;48,260383036000000
39375;39376;08;2;22;000;2016;10;07;4;3;4;6;0;0;1;0;0;0;0;0;462711,849899999970000;5479479,269700000100000;8,485371029000000;49,466819455000000
39382;39383;08;1;36;046;2016;10;18;1;3;4;6;0;0;1;1;0;0;0;0;578077,643000000040000;5419883,711900000500000;10,065923182000001;48,926958581000001
39396;39397;08;2;22;000;2016;10;08;5;2;6;4;0;0;0;0;1;0;0;1;461875,442199999990000;5481313,364099999900000;8,473651176000001;49,483264269999999
39404;39405;08;2;16;043;2016;10;17;2;3;5;3;0;0;1;1;0;0;0;0;441595,329800000010000;5411215,465300000300000;8,203861205000001;48,851157733999997
39413;39414;08;3;36;078;2016;10;05;1;2;6;4;2;0;0;1;1;0;0;0;395299,323600000000000;5288704,315100000200000;7,603324946000000;47,743209952999997
39414;39415;08;2;12;000;2016;10;17;3;2;3;2;0;0;1;1;0;0;0;0;459239,309100000010000;5428079,993599999700000;8,442673547000000;49,004269178000001
39416;39417;08;1;18;078;2016;10;12;5;3;6;4;0;0;0;0;1;0;0;1;513951,833900000030000;5419663,291199999900000;9,190480877000001;48,929744036000002
39422;39423;08;1;35;019;2016;10;19;2;3;5;3;2;1;1;1;0;0;0;0;583828,793100000010000;5392427,704699999700000;10,138817210999999;48,679263204999998
39441;39442;08;1;35;019;2016;10;15;3;2;5;3;0;0;1;1;0;0;0;0;584278,782499999970000;5392393,700799999800000;10,144922131000000;48,678896776000002
39447;39448;08;1;26;066;2016;10;12;4;3;5;3;0;0;1;1;0;0;0;0;536456,398000000040000;5449436,941999999800000;9,500403455000001;49,196646678000000
39471;39472;08;1;11;000;2016;10;07;5;3;5;3;1;0;1;1;0;0;0;0;510231,584500000000000;5397214,880199999500000;9,139129226000000;48,727874008999997
39475;39476;08;2;16;007;2016;10;06;4;3;5;3;2;0;1;1;0;0;0;0;435822,523700000020000;5394629,483799999600000;8,127767408000000;48,701397948000000
39486;39487;08;3;17;065;2016;10;19;3;2;6;4;2;0;0;1;1;0;0;0;416799,769499999990000;5354942,531600000300000;7,877194888000000;48,342181539999999
39493;39494;08;2;21;000;2016;10;03;4;3;0;1;2;1;1;0;0;0;0;0;479810,446300000010000;5473716,374599999700000;8,721645122000000;49,415792463999999
39494;39495;08;2;12;000;2016;10;16;6;2;5;3;0;0;1;1;0;0;0;0;459864,870400000010000;5425891,565800000000000;8,451442708000000;48,984624801000002
39520;39521;08;4;36;082;2016;10;12;6;3;0;3;0;0;1;0;0;1;0;0;547303,518099999990000;5295371,156700000200000;9,631817904000000;47,809955416000001
39522;39523;08;1;17;026;2016;10;12;6;3;2;6;0;0;1;1;0;0;0;0;547779,557799999950000;5395392,116299999900000;9,649475152999999;48,709729809000002
39523;39524;08;4;35;016;2016;10;07;3;3;3;6;0;1;1;0;0;0;1;0;536203,652200000010000;5277904,078700000400000;9,482114130999999;47,653519305000003
39538;39539;08;1;15;054;2016;10;09;3;2;5;3;0;0;1;1;0;0;0;0;492884,274600000000000;5395679,349100000200000;8,903266684000000;48,714103674999997
39543;39544;08;1;36;028;2016;10;07;2;3;5;3;0;0;1;1;0;0;0;0;571131,896799999990000;5405916,680300000100000;9,968686238000000;48,802168885000000
39553;39554;08;1;11;000;2016;10;12;4;3;5;2;0;0;1;1;0;0;0;0;515697,911100000030000;5399041,789699999600000;9,213529556999999;48,744195108000000
39557;39558;08;1;27;071;2016;10;16;5;3;6;4;0;0;0;1;1;0;0;0;576000,601999999960000;5456327,086000000100000;10,044425877000000;49,254988376000000
39560;39561;08;3;15;131;2016;10;07;4;3;3;1;1;1;1;1;0;0;0;0;403891,864699999980000;5310522,871700000000000;7,713069992000000;47,940809141000003
39562;39563;08;1;19;067;2016;10;07;4;3;5;3;1;1;1;1;0;0;0;0;539151,285400000050000;5405906,034799999600000;9,533195585000000;48,804910304000003
39571;39572;08;1;35;019;2016;10;14;4;2;6;4;0;0;0;1;1;0;0;0;583905,527699999980000;5392439,198300000300000;10,139861771000000;48,679356274000000
39578;39579;08;1;18;048;2016;10;20;1;3;5;3;2;0;1;1;0;0;0;0;514610,225500000000000;5416642,752799999900000;9,199361521000000;48,902557004000002
39588;39589;08;2;31;000;2016;10;09;4;2;6;7;0;1;0;1;1;0;0;0;477695,489300000020000;5415049,991200000000000;8,695735576000001;48,887999788999998
39605;39606;08;2;36;046;2016;10;07;5;3;6;2;1;0;0;0;1;0;0;1;483472,384100000020000;5418670,248599999600000;8,774393127000000;48,920747523000003
39609;39610;08;2;21;000;2016;10;12;7;3;6;6;0;0;1;1;0;0;0;1;476079,451699999980000;5472988,495699999900000;8,670250309000000;49,409110060000003
39614;39615;08;1;28;126;2016;10;06;6;2;6;4;2;0;0;1;1;0;0;0;565349,452300000000000;5483189,853600000000000;9,902487944000001;49,497820230000002
39620;39621;08;1;17;026;2016;10;05;1;2;6;7;2;0;0;1;1;0;0;0;546035,803300000030000;5390442,847400000300000;9,625222114000000;48,665339484000000
39623;39624;08;2;15;103;2016;10;13;5;3;5;3;0;0;1;1;0;0;0;0;465192,179999999990000;5441110,213200000100000;8,522944142000000;49,121843120999998
39677;39678;08;4;35;066;2016;10;11;5;3;3;2;0;0;1;1;0;0;0;0;519626,349999999980000;5287293,548000000400000;9,261784630999999;47,738716971999999
39681;39682;08;1;18;073;2016;10;16;5;2;0;1;0;0;1;0;0;0;0;0;500005,560600000030000;5425889,295800000400000;9,000076003000000;48,985908481000003
39683;39684;08;3;26;074;2016;10;07;4;3;5;3;1;1;1;1;0;0;0;0;460474,468200000000000;5323156,773000000000000;8,469514222000001;48,060464723999999
39696;39697;08;1;18;048;2016;10;20;3;3;5;3;2;0;1;1;0;0;0;0;513288,927700000000000;5415306,984299999700000;9,181288603000001;48,890570543999999
39702;39703;08;4;15;059;2016;10;19;4;2;2;2;2;0;1;1;0;0;0;0;515498,398600000010000;5362851,378200000200000;9,209466138000000;48,418623466000000
39704;39705;08;2;15;102;2016;10;17;4;3;5;3;0;0;1;1;0;0;0;0;456705,231600000000000;5438186,335300000400000;8,406946380000001;49,095003744000003
39708;39709;08;2;22;000;2016;10;09;3;3;1;5;0;0;1;1;0;0;0;0;462868,382999999970000;5479220,259200000200000;8,487555613000000;49,464499369000002
39718;39719;08;2;12;000;2016;10;11;1;3;5;3;0;0;1;1;0;0;0;0;453792,369699999980000;5428234,400399999700000;8,368183697999999;49,005274319000002
39724;39725;08;1;18;019;2016;10;17;3;2;6;4;0;0;0;1;1;0;0;0;505363,421199999980000;5405385,202399999800000;9,073038460999999;48,801434962000002
39725;39726;08;2;22;000;2016;10;07;5;3;3;5;0;0;1;1;0;0;0;0;465626,246600000010000;5475949,989500000100000;8,525898548000001;49,435246945000003
39727;39728;08;1;19;008;2016;10;07;3;3;5;3;1;1;1;1;0;0;0;0;532672,754100000020000;5420551,947599999600000;9,446138330000000;48,937032631000001
39729;39730;08;2;15;102;2016;10;09;7;3;5;3;0;0;1;1;0;0;0;0;455427,113599999980000;5436454,500599999900000;8,389630667000001;49,079334674999998
39732;39733;08;2;22;000;2016;10;07;4;3;6;4;2;0;0;0;1;0;0;1;462616,477200000020000;5482419,575400000400000;8,483776874000000;49,493260169999999
39750;39751;08;1;16;078;2016;10;17;3;3;1;7;0;0;1;1;0;0;0;0;512176,652599999970000;5392338,262900000400000;9,165434327000000;48,683968794000002
39760;39761;08;4;35;016;2016;10;16;3;3;3;2;0;0;1;1;0;0;0;0;536811,864700000030000;5279616,676300000400000;9,490357500000000;47,668893896000000
39764;39765;08;1;15;021;2016;10;15;1;3;5;3;0;0;1;1;0;0;0;0;490810,126099999990000;5382392,713999999700000;8,875365114999999;48,594548158000002
39775;39776;08;1;27;076;2016;10;12;2;3;5;3;0;0;1;1;0;0;0;0;554676,111000000030000;5440875,786999999500000;9,749307417000001;49,118288335000003
39780;39781;08;1;25;026;2016;10;13;7;3;4;2;0;0;1;1;0;0;0;0;497789,604799999970000;5438336,743499999900000;8,969720239000001;49,097876159000002
39782;39783;08;2;15;097;2016;10;11;3;2;5;3;0;0;1;1;0;0;0;0;475360,622700000010000;5443670,200299999700000;8,662147420000000;49,145362577000000
39787;39788;08;4;25;020;2016;10;16;3;3;5;7;0;1;1;1;0;0;0;0;558785,176800000020000;5361487,949500000100000;9,794273679000000;48,403806500000002
39796;39797;08;1;35;019;2016;10;16;5;3;5;3;0;0;1;1;0;0;0;0;585414,184499999970000;5390167,055599999600000;10,159883439000000;48,658715373000000
39806;39807;08;3;35;035;2016;10;14;1;3;6;4;0;0;0;1;1;0;0;0;483290,879399999980000;5290005,048800000000000;8,777022100000000;47,763195891999999
39808;39809;08;4;35;035;2016;10;07;2;2;3;2;1;0;1;1;0;0;0;0;542807,994599999980000;5283434,895700000200000;9,570600518999999;47,702878179000002
39809;39810;08;1;18;077;2016;10;15;1;3;6;4;0;0;0;1;1;0;0;0;512890,061600000020000;5423110,602599999900000;9,176093920000000;48,960777905999997
39813;39814;08;1;18;046;2016;10;18;2;3;5;2;2;1;1;1;0;0;0;0;514608,607299999970000;5412672,664900000200000;9,199197546000001;48,866843152999998
39819;39820;08;3;36;050;2016;10;07;6;3;5;2;1;1;1;1;0;0;0;0;399240,827700000020000;5275191,664099999700000;7,659007422000000;47,622288525000002
39831;39832;08;1;26;069;2016;10;13;1;3;3;6;0;0;1;1;0;0;0;0;539296,766199999950000;5445493,265900000000000;9,539003473999999;49,160998069000001
39841;39842;08;1;19;091;2016;10;11;5;3;3;2;0;0;1;1;0;0;0;0;528660,173199999960000;5405302,916600000100000;9,390280674000000;48,800057154999998
39846;39847;08;1;26;046;2016;10;18;5;3;6;4;2;1;0;1;1;0;0;0;550007,042600000040000;5458678,305900000000000;9,687541443000001;49,278813466999999
39853;39854;08;3;37;076;2016;10;19;5;3;0;7;2;0;1;0;0;0;0;0;427227,964099999980000;5270573,050400000100000;8,032186464000001;47,584486245000001
39855;39856;08;1;27;043;2016;10;08;2;2;6;4;0;1;0;1;1;0;0;0;567235,755099999950000;5446663,691800000100000;9,922375326999999;49,169100721000000
39863;39864;08;4;36;079;2016;10;07;6;3;2;6;2;1;1;1;0;0;0;0;553320,499199999960000;5290225,683699999900000;9,711546615000000;47,763192037000003
39874;39875;08;3;35;075;2016;10;20;1;3;0;7;2;1;1;0;0;0;0;0;488428,568099999970000;5288286,904799999700000;8,845628338999999;47,747849539000001
39875;39876;08;1;11;000;2016;10;20;5;3;6;4;2;0;0;1;1;0;0;0;516199,081799999990000;5398578,739299999500000;9,220328431000000;48,740016693999998
39891;39892;08;1;25;008;2016;10;09;5;3;6;4;0;0;0;0;1;0;0;1;522854,044899999980000;5432218,141800000300000;9,312724922999999;49,042416506999999
39893;39894;08;2;26;013;2016;10;14;2;3;0;3;0;1;1;1;0;0;0;0;499180,117000000030000;5478635,700000000200000;8,988685967000000;49,460375923000001
39898;39899;08;2;26;085;2016;10;09;7;3;6;4;0;1;0;1;1;0;0;0;485826,717799999980000;5450767,637799999700000;8,805406119000001;49,209536778999997
39899;39900;08;3;37;126;2016;10;12;6;2;6;4;0;1;0;1;1;0;0;0;441310,102000000010000;5274501,433000000200000;8,218922311000000;47,621257028000002
39915;39916;08;1;16;019;2016;10;16;2;3;0;4;0;1;0;0;1;1;0;0;522679,313000000020000;5396338,012500000200000;9,308343527000000;48,719657093999999
39916;39917;08;3;11;000;2016;10;19;2;3;0;6;2;1;1;0;0;0;0;0;413133,742600000000000;5315454,852400000200000;7,835798364000000;47,986494133000001
39945;39946;08;1;11;000;2016;10;05;6;3;5;3;2;1;1;0;0;1;0;0;512359,240300000000000;5408177,426400000200000;9,168390523999999;48,826453712000003
39958;39959;08;1;15;042;2016;10;09;7;3;5;3;0;0;1;1;0;0;0;0;495506,783200000010000;5407085,699400000300000;8,938793261000001;48,816739380999998
39964;39965;08;3;27;016;2016;10;21;6;3;6;2;2;0;0;1;1;0;0;0;494789,242000000030000;5318567,401999999800000;8,930118962000000;48,020376931999998
39965;39966;08;2;16;043;2016;10;13;1;3;5;2;0;0;1;1;0;0;0;0;441582,149700000010000;5411495,580799999600000;8,203641597000001;48,853676127000000
39970;39971;08;3;35;075;2016;10;14;6;3;5;3;0;1;1;1;0;0;0;0;487291,274099999980000;5289886,930200000300000;8,830409270000001;47,762224410999998
39983;39984;08;4;35;030;2016;10;12;7;3;5;3;0;0;1;1;0;0;0;0;540497,386000000060000;5272035,852000000000000;9,538747300000001;47,600466154000003
40011;40012;08;3;35;063;2016;10;07;5;3;5;2;1;0;1;1;0;0;0;0;497685,953099999980000;5287939,648099999900000;8,969130654000001;47,744824733999998
40012;40013;08;2;15;009;2016;10;11;5;1;6;4;0;1;0;1;1;0;0;0;470669,208099999990000;5441550,254300000100000;8,597975008000001;49,126087140999999
40018;40019;08;4;15;061;2016;10;15;5;2;0;1;0;0;1;0;0;0;0;0;515261,718799999970000;5371070,161299999800000;9,206567080999999;48,492568806000001
40027;40028;08;4;36;064;2016;10;07;6;3;6;2;0;1;0;1;1;0;0;0;544109,159400000000000;5292040,038999999900000;9,588815600000000;47,780212130999999
40031;40032;08;2;12;000;2016;10;13;6;2;0;7;0;0;1;0;0;0;0;0;455374,717500000030000;5429729,358900000300000;8,389654129000000;49,018838041000002
40048;40049;08;4;36;082;2016;10;13;5;2;0;1;0;0;1;0;0;0;0;0;547891,969999999970000;5295977,526999999800000;9,639744167000000;47,815367354999999
40053;40054;08;2;15;046;2016;10;07;6;3;0;4;1;0;0;0;1;0;0;1;451151,114100000010000;5414724,171199999700000;8,333691118999999;48,883545146000003
40065;40066;08;1;16;019;2016;10;09;5;3;5;3;0;0;1;1;0;0;0;0;522626,609000000000000;5398477,085000000000000;9,307744388000000;48,738901915000000
40071;40072;08;2;15;046;2016;10;17;1;2;4;2;0;0;1;1;0;0;0;0;450994,295099999990000;5414283,655299999800000;8,331605033000001;48,879570243000003
40072;40073;08;1;27;014;2016;10;08;5;2;6;2;0;1;0;1;1;0;0;0;577084,405799999950000;5442476,233400000300000;10,056660382000000;49,130281271000001
40079;40080;08;4;35;016;2016;10;17;6;3;6;4;1;1;0;1;1;0;0;0;536867,569000000020000;5280152,184999999600000;9,491144694000001;47,673708894999997
40083;40084;08;2;15;108;2016;10;17;6;3;0;3;0;0;1;0;0;1;0;0;451295,403200000000000;5423861,616200000000000;8,334567928000000;48,965748990000002
40092;40093;08;2;16;024;2016;10;17;3;3;6;4;0;0;0;1;1;0;0;0;445230,034300000000000;5409125,317499999900000;8,253682270000001;48,832688109000003
40100;40101;08;3;36;091;2016;10;11;5;2;0;1;0;0;1;0;0;0;0;0;394938,642799999970000;5271694,064399999600000;7,602605690000000;47,590143679000001
40103;40104;08;3;36;091;2016;10;05;4;2;6;4;2;1;0;1;1;0;0;0;395415,773800000020000;5272070,513000000300000;7,608860201000000;47,593607024999997
40110;40111;08;1;27;076;2016;10;08;4;2;5;3;0;0;1;1;0;0;0;0;553398,158999999990000;5440402,458999999800000;9,731732641000001;49,114143227000000
40113;40114;08;1;11;000;2016;10;13;6;2;5;3;0;0;1;1;0;0;0;0;516233,205200000030000;5398438,591300000400000;9,220787028000000;48,738755040000001
40114;40115;08;4;35;034;2016;10;21;3;3;5;3;2;1;1;1;0;0;0;0;530396,665999999970000;5283935,747000000400000;9,405206287000000;47,708087908000003
40126;40127;08;4;26;128;2016;10;18;6;2;6;4;1;0;0;1;1;0;0;0;560293,870099999940000;5332366,665500000100000;9,810502348000000;48,141693213000003
40128;40129;08;3;17;031;2016;10;06;3;3;5;3;2;1;1;1;0;0;0;0;416524,049899999980000;5358122,665300000500000;7,872843859000000;48,370750098999999
40129;40130;08;4;16;015;2016;10;07;5;3;5;3;2;1;1;1;0;0;0;0;506963,479899999980000;5366812,940700000200000;9,094179915000000;48,454415779000001
40132;40133;08;1;28;020;2016;10;15;5;2;0;7;0;0;1;0;0;0;0;0;576193,493000000020000;5473257,754999999900000;10,050311010000000;49,407231873000001
40143;40144;08;3;36;073;2016;10;10;5;3;0;1;0;0;1;0;0;0;0;0;398099,527100000010000;5277702,871600000200000;7,643237668000000;47,644698900999998
40144;40145;08;1;19;067;2016;10;07;3;3;6;4;2;1;0;1;1;0;0;0;538750,819299999970000;5406854,017199999700000;9,527831440000000;48,813463010000000
40166;40167;08;4;35;016;2016;10;12;5;3;5;3;0;0;1;1;0;0;0;0;532618,344500000010000;5278723,024700000000000;9,434432181000000;47,661078433000000
40169;40170;08;3;36;057;2016;10;07;4;3;5;3;0;1;1;1;0;0;0;0;408374,521799999990000;5277324,127500000400000;7,780090492000000;47,642827994999998
40174;40175;08;2;21;000;2016;10;06;3;3;3;2;2;1;1;1;0;0;0;0;477029,772500000020000;5474903,225700000300000;8,683239637000000;49,426369336999997
40182;40183;08;1;25;026;2016;10;18;5;2;6;4;0;0;0;1;1;0;0;0;489442,291399999990000;5443174,604799999900000;8,855245705000000;49,141308033000001
40183;40184;08;1;15;003;2016;10;12;5;3;5;3;0;0;1;1;0;0;0;0;500541,642400000010000;5392393,536100000100000;9,007358945000000;48,684584581999999
40189;40190;08;4;35;034;2016;10;07;6;3;6;4;1;0;0;0;1;0;0;1;529776,356900000010000;5284669,298600000300000;9,396987512999999;47,714716883999998
40195;40196;08;4;17;016;2016;10;15;5;2;5;3;0;0;1;1;0;0;0;0;484889,995300000010000;5342285,819000000100000;8,796520415000000;48,233612436000001
40201;40202;08;4;36;055;2016;10;11;4;2;0;7;0;1;1;0;0;0;0;1;576600,190900000050000;5298093,943000000000000;10,023553392000000;47,831629331999999
40211;40212;08;3;36;045;2016;10;17;5;3;5;2;0;0;1;1;0;0;0;0;399715,079900000010000;5285316,925499999900000;7,662993024000000;47,713441498000002
40244;40245;08;1;11;000;2016;10;11;6;3;6;7;0;0;0;1;1;0;0;0;514324,042699999990000;5406018,834800000300000;9,195084785000001;48,806993132999999
40245;40246;08;4;36;064;2016;10;07;5;3;2;6;0;0;1;1;0;0;0;0;547108,134199999970000;5290007,414900000200000;9,628626239000001;47,761712262000003
40249;40250;08;3;35;043;2016;10;11;3;2;5;3;0;0;1;0;0;0;0;1;513576,979799999970000;5279452,108099999800000;9,180851862000001;47,668318448000001
40250;40251;08;2;21;000;2016;10;13;5;3;0;7;0;0;1;0;0;0;0;0;476582,156800000000000;5471970,253999999700000;8,677240125999999;49,399970693000000
40252;40253;08;1;19;067;2016;10;19;4;2;6;4;2;0;0;1;1;0;0;0;538787,745699999970000;5406724,463899999900000;9,528322153000000;48,812295304999999
40255;40256;08;3;17;096;2016;10;16;3;3;0;7;0;0;1;0;0;0;0;0;422115,463999999980000;5369501,207999999600000;7,946215960000000;48,473814996000002
40265;40266;08;2;15;007;2016;10;12;4;3;3;2;0;0;1;1;0;0;0;0;478951,811600000020000;5430176,444299999600000;8,712091302999999;49,024114830999999
40269;40270;08;2;22;000;2016;10;17;4;3;4;6;0;0;1;1;0;0;0;0;462797,914200000000000;5479328,782399999900000;8,486572932000000;49,465471170999997
40276;40277;08;3;16;053;2016;10;16;5;3;5;3;0;0;1;1;0;0;0;0;404644,467999999990000;5342467,259999999800000;7,716012642000000;48,228255144999999
40277;40278;08;1;18;019;2016;10;18;5;3;5;3;2;0;1;1;0;0;0;0;504641,914600000020000;5405011,126799999700000;9,063208844000000;48,798075613000002
40282;40283;08;3;11;000;2016;10;09;4;3;5;3;0;0;1;0;0;0;0;1;414486,248100000030000;5316948,637600000000000;7,853623546000000;48,000113589999998
40289;40290;08;4;36;082;2016;10;06;3;3;6;2;2;1;0;1;1;0;0;0;547714,936800000020000;5295666,060700000300000;9,637345205000001;47,812578270000003
40293;40294;08;1;15;051;2016;10;07;3;3;5;3;1;1;1;1;0;0;0;0;504504,310300000010000;5385529,292500000400000;9,061122448000001;48,622816767000003
40310;40311;08;2;21;000;2016;10;15;5;3;3;2;0;0;1;1;0;0;0;0;476556,923000000010000;5472839,039900000200000;8,676841061999999;49,407784313000001
40315;40316;08;2;16;043;2016;10;18;6;3;0;7;1;0;1;0;0;0;0;0;444513,166800000010000;5411844,492300000000000;8,243546512000000;48,857083643999999
40316;40317;08;3;16;011;2016;10;07;3;2;4;2;1;1;1;1;0;0;0;0;414703,165299999990000;5329875,140300000100000;7,853952834000000;48,116420306999999
40319;40320;08;3;17;057;2016;10;16;5;2;5;3;0;0;1;0;0;0;0;0;413009,400000000020000;5374778,290000000000000;7,821936499000000;48,520085887000000
40323;40324;08;4;35;016;2016;10;18;3;2;6;4;2;1;0;1;1;0;0;0;536440,381300000010000;5279071,555999999900000;9,485363817000000;47,664010277999999
40324;40325;08;4;35;057;2016;10;14;5;3;4;2;0;0;1;1;0;0;0;0;543258,467999999990000;5279324,176000000000000;9,576197252000000;47,665863080999998
40327;40328;08;1;21;000;2016;10;14;5;3;0;7;0;0;1;0;0;0;0;0;515784,388600000010000;5440816,837899999700000;9,216323350000000;49,119987023999997
40330;40331;08;2;16;015;2016;10;16;4;3;5;3;0;0;1;1;0;0;0;0;451579,260499999970000;5404342,689000000200000;8,340757292999999;48,790194454000002
40342;40343;08;1;27;025;2016;10;07;3;1;5;3;2;1;1;0;0;0;1;0;556627,854999999980000;5427300,859799999700000;9,774153873000000;48,996009207999997
40345;40346;08;4;35;052;2016;10;16;4;3;0;1;0;1;1;0;0;0;0;0;523635,612399999980000;5293277,327499999700000;9,315586610000000;47,792421109999999
40351;40352;08;4;35;035;2016;10;12;3;3;5;3;0;1;1;1;0;0;0;0;542237,668799999980000;5282794,461699999900000;9,562936823999999;47,697153598000000
40362;40363;08;3;35;043;2016;10;07;3;3;5;2;1;1;1;1;0;0;0;0;513697,670999999970000;5279701,396999999900000;9,182467336000000;47,670558919999998
40363;40364;08;2;22;000;2016;10;12;5;3;5;3;0;0;1;1;0;0;0;0;461692,989000000000000;5484411,328300000200000;8,470831978000000;49,511117280000001
40364;40365;08;1;27;047;2016;10;06;5;3;6;7;2;0;0;1;1;0;0;0;561624,113299999970000;5455941,029299999600000;9,846825227000000;49,253133104000000
40366;40367;08;1;35;019;2016;10;10;4;3;0;7;0;0;1;0;0;0;1;0;584857,420500000010000;5392311,006199999700000;10,152764265000000;48,678074612000003
40377;40378;08;4;36;008;2016;10;16;6;3;5;3;0;0;1;0;0;0;1;0;549232,157499999970000;5311282,883000000400000;9,659390607000001;47,952965036000002
40379;40380;08;3;17;034;2016;10;07;3;3;5;3;2;1;1;1;0;0;0;0;427182,759800000000000;5361536,656700000200000;8,016150458000000;48,402779783000000
40383;40384;08;1;18;040;2016;10;15;5;2;6;4;0;0;0;1;1;0;0;0;510490,489000000000000;5432243,934700000100000;9,143548892000000;49,042982956000003
40388;40389;08;4;36;082;2016;10;17;4;2;6;4;0;0;0;1;1;0;0;0;547924,720399999990000;5295603,941599999600000;9,640140309000000;47,812003799000003