FID;OBJECTID;ULAND;UREGBEZ;UKREIS;UGEMEINDE;UJAHR;UMONAT;USTUNDE;UWOCHENTAG;UKATEGORIE;UART;UTYP1;ULICHTVERH;IstStrasse;IstRad;IstPKW;IstFuss;IstKrad;IstGkfz;IstSonstig;LINREFX;LINREFY;XGCSWGS84;YGCSWGS84
40389;40390;08;2;15;009;2016;10;20;4;3;5;3;2;0;1;1;0;0;0;0;469930,285600000000000;5440643,028500000000000;8,587914797000000;49,117890760000002
40396;40397;08;3;35;100;2016;10;16;5;3;0;1;0;1;1;0;0;0;0;0;486213,780199999980000;5288458,082000000400000;8,816076109999999;47,749346166999999
40403;40404;08;1;11;000;2016;11;06;4;3;6;2;2;1;0;1;1;0;0;0;509492,300600000020000;5403112,675200000400000;9,129212449000001;48,780942146999998
40406;40407;08;3;17;065;2016;10;18;2;2;5;3;2;0;1;1;0;0;0;0;416264,366800000020000;5354456,627899999700000;7,870067576000000;48,337740138000001
40408;40409;08;2;37;040;2016;10;15;2;3;3;6;0;0;1;0;0;0;0;1;473283,308000000020000;5369129,884999999800000;8,638516653000000;48,474730954999998
40427;40428;08;4;15;061;2016;11;17;3;3;5;2;1;0;1;1;0;0;0;0;515049,563000000020000;5370177,803999999500000;9,203663427000000;48,484545953999998
40429;40430;08;4;35;016;2016;11;07;5;3;3;6;0;0;1;0;0;0;0;0;536806,352300000030000;5281404,255300000300000;9,490434769000000;47,684977713000002
40430;40431;08;1;19;067;2016;11;19;5;3;0;1;2;0;1;1;0;0;0;0;538911,697500000010000;5406959,449300000400000;9,530032689000000;48,814401371999999
40435;40436;08;1;11;000;2016;11;13;6;2;5;3;0;0;1;1;0;0;0;0;512941,383399999990000;5396520,847699999800000;9,175955163999999;48,721580107000001
40458;40459;08;1;15;021;2016;10;08;2;3;6;4;0;0;1;0;1;0;0;0;490413,441500000020000;5382413,416500000300000;8,869984736999999;48,594728455000002
40460;40461;08;3;26;074;2016;11;17;5;3;6;4;1;0;0;1;1;0;0;0;459993,361299999990000;5322841,656299999900000;8,463086892000000;48,057599721000003
40464;40465;08;1;25;048;2016;11;23;4;3;5;3;2;0;1;1;0;0;0;0;533806,970100000040000;5461852,270499999600000;9,465086464000001;49,308473454999998
40465;40466;08;1;11;000;2016;11;16;4;3;5;3;1;1;1;1;0;0;0;0;515732,696600000020000;5405406,912200000100000;9,214246214999999;48,801454298000003
40476;40477;08;1;17;026;2016;10;15;7;3;5;3;0;0;1;1;0;0;0;0;546490,030000000030000;5393403,193000000000000;9,631723584000000;48,691935845000003
40479;40480;08;2;37;019;2016;10;22;7;2;6;1;2;0;0;1;1;0;0;0;462488,942199999990000;5369213,676799999500000;8,492463845000000;48,474933409999998
40480;40481;08;1;36;088;2016;10;18;2;2;6;4;2;0;0;1;1;0;0;0;577844,557999999960000;5410272,195799999900000;10,060911317000000;48,840539544000002
40499;40500;08;3;17;039;2016;10;16;1;3;5;3;0;0;1;1;0;0;0;0;440178,403999999980000;5348123,263199999900000;8,193622954000000;48,283483574999998
40502;40503;08;2;22;000;2016;11;19;4;2;1;5;2;0;1;1;0;0;0;0;462961,828400000000000;5479041,441100000400000;8,488861908000001;49,462896690000001
40504;40505;08;3;16;013;2016;11;22;3;3;3;6;2;0;1;0;0;0;0;1;403470,272000000000000;5334742,571999999700000;7,701962314000000;48,158597280000002
40508;40509;08;3;37;096;2016;11;14;5;3;6;4;0;0;0;1;1;0;0;0;419995,282300000020000;5267245,079099999700000;7,936619784000000;47,553694931000003
40521;40522;08;3;25;057;2016;10;14;2;2;6;4;0;0;0;1;1;0;0;0;472889,857599999990000;5356669,724700000100000;8,633998842000001;48,362618216000001
40523;40524;08;3;11;000;2016;10;15;7;3;3;1;0;0;1;1;0;0;0;0;414272,232200000030000;5315871,853099999900000;7,850970197000000;47,990398835999997
40542;40543;08;2;21;000;2016;11;19;5;3;4;6;2;0;1;1;0;0;0;0;479000,651200000020000;5473674,380900000200000;8,710482786000000;49,415387322999997
40547;40548;08;2;25;032;2016;11;14;5;3;6;1;0;0;0;1;1;0;0;0;534354,503099999970000;5495046,581100000100000;9,475498610000001;49,607012171999997
40549;40550;08;1;27;014;2016;10;14;1;2;6;1;0;0;1;0;1;0;0;0;575692,700199999960000;5443737,409699999700000;10,037823228000001;49,141797201999999
40580;40581;08;1;16;077;2016;11;18;5;3;6;4;2;0;0;1;1;0;0;0;515919,458999999970000;5391671,835799999500000;9,216258808999999;48,677889338999996
40586;40587;08;4;21;000;2016;10;19;2;2;6;4;2;0;0;1;1;0;0;0;574648,115899999980000;5362225,359600000100000;10,008705471000001;48,408760606999998
40597;40598;08;2;22;000;2016;10;11;1;3;5;3;0;0;1;1;0;0;0;0;468648,808599999990000;5475879,769600000200000;8,567591606000001;49,434778727000001
40599;40600;08;1;11;000;2016;11;17;5;3;1;5;2;0;1;1;0;0;0;0;512800,433499999980000;5402736,545900000300000;9,174231988000001;48,777499237999997
40600;40601;08;4;15;059;2016;10;15;7;3;0;1;0;0;1;0;0;0;0;0;516538,995500000020000;5370048,132700000000000;9,223814403000000;48,483341955999997
40606;40607;08;3;16;011;2016;10;07;2;3;5;3;1;0;1;1;0;0;0;0;412744,721100000020000;5331284,019600000200000;7,827356410000000;48,128827940000001
40612;40613;08;3;17;065;2016;11;11;4;3;5;3;0;0;1;1;0;0;0;0;414164,325699999990000;5355145,145499999600000;7,841595144000000;48,343651395000002
40617;40618;08;1;18;053;2016;10;05;1;2;6;6;2;1;0;1;1;0;0;0;515287,215099999970000;5428227,884499999700000;9,209034183000000;49,006756197999998
40627;40628;08;1;18;070;2016;10;16;2;3;5;3;0;0;1;1;0;0;0;0;521477,306999999970000;5422865,691999999800000;9,293391928000000;48,958336076999998
40638;40639;08;2;12;000;2016;10;20;7;2;6;2;2;0;0;1;1;0;0;0;456113,961799999990000;5426654,253499999600000;8,400096652000000;48,991230150000000
40640;40641;08;3;17;088;2016;11;17;3;3;5;3;1;0;1;1;0;0;0;0;437306,534900000030000;5361234,803200000000000;8,152963262000000;48,401152682999999
40649;40650;08;1;15;024;2016;11;20;4;3;0;1;2;0;1;0;0;0;0;0;500971,027500000030000;5386417,569400000400000;9,013178703000000;48,630823350000000
40650;40651;08;1;18;060;2016;11;16;3;3;0;1;0;0;1;0;0;0;0;0;523928,358599999980000;5429664,475200000200000;9,327274417000000;49,019404430000002
40651;40652;08;4;16;041;2016;10;17;2;3;5;3;1;0;1;1;0;0;0;0;502327,029900000020000;5371518,994199999600000;9,031498912000000;48,496787728999998
40668;40669;08;1;11;000;2016;11;14;4;3;0;4;0;0;0;0;1;0;0;1;513624,257300000000000;5402382,424200000200000;9,185433601000000;48,774296090999997
40670;40671;08;3;15;113;2016;10;13;2;2;6;7;0;0;0;1;1;0;0;0;441828,544100000000000;5306436,113400000100000;8,221546219000000;47,908611507000003
40676;40677;08;2;25;058;2016;11;17;5;3;6;1;1;0;0;1;1;0;0;0;509749,283899999980000;5465983,030100000100000;9,134225146000000;49,346487971000002
40684;40685;08;1;16;014;2016;10;15;7;3;5;3;0;0;1;1;0;0;0;0;529599,387499999950000;5395611,843000000300000;9,402373273000000;48,712834415000003
40687;40688;08;4;36;055;2016;11;18;3;3;7;7;0;0;1;0;0;0;0;0;576234,981999999960000;5297761,559999999600000;10,018615648999999;47,828682606000001
40688;40689;08;1;15;042;2016;11;14;6;3;0;1;0;1;1;0;0;0;0;0;495600,521100000010000;5405254,359600000100000;8,940089790000000;48,800265480000000
40690;40691;08;2;22;000;2016;10;18;2;2;5;3;2;0;0;1;1;0;0;0;465442,993299999970000;5476379,059600000300000;8,523333708999999;49,439095879000000
40696;40697;08;3;35;063;2016;11;14;3;3;2;2;0;0;1;1;0;0;0;0;498770,511200000010000;5290671,476300000200000;8,983590913000001;47,769407526999998
40697;40698;08;1;17;019;2016;11;15;3;3;4;7;0;0;1;0;0;0;0;0;553380,217999999990000;5393680,542700000100000;9,725378501000000;48,693879316999997
40709;40710;08;3;35;043;2016;10;19;2;3;5;3;2;0;1;0;0;1;0;0;512612,316899999980000;5279823,780700000000000;9,168012881999999;47,671682169000000
40712;40713;08;1;16;042;2016;11;14;5;2;5;3;0;0;1;1;0;0;0;0;518268,641000000000000;5381212,500000000000000;9,247710116000000;48,583731663000002
40714;40715;08;1;18;078;2016;10;18;7;3;5;3;2;0;1;1;0;0;0;0;514580,993000000020000;5420407,459800000300000;9,199097193000000;48,936423824000002
40718;40719;08;1;17;033;2016;10;22;2;1;6;4;2;0;0;1;1;0;0;0;558967,588600000020000;5387273,257600000100000;9,800384135000000;48,635741074999999
40725;40726;08;2;12;000;2016;11;13;5;3;5;3;0;0;1;1;0;0;0;0;457079,580800000000000;5428242,644399999600000;8,413127678000000;49,005585832999998
40753;40754;08;2;21;000;2016;11;12;6;2;0;7;0;0;1;0;0;0;0;0;477762,816300000010000;5473066,226599999700000;8,693451121000001;49,409873083999997
40758;40759;08;2;21;000;2016;11;08;5;3;3;2;0;1;1;1;0;0;0;0;476565,138900000020000;5472645,045599999800000;8,676965764000000;49,406039681999999
40766;40767;08;4;35;016;2016;11;17;3;3;5;3;2;1;1;1;0;0;0;0;531692,285400000050000;5280488,543999999800000;9,422226779000001;47,677009665999996
40767;40768;08;2;31;000;2016;11;18;7;3;6;2;2;1;0;1;1;0;0;0;478882,784999999970000;5415691,949000000000000;8,711898536000000;48,893816227999999
40770;40771;08;4;35;016;2016;11;16;4;3;3;7;0;0;1;1;0;0;0;0;536160,940399999960000;5278439,582200000100000;9,481589672000000;47,658339839000000
40772;40773;08;3;35;075;2016;11;15;3;3;5;2;0;0;1;0;0;0;0;0;488739,568800000010000;5290450,006299999500000;8,849721276000000;47,767317632999998
40773;40774;08;2;21;000;2016;11;09;7;3;5;3;0;1;1;1;0;0;0;0;476992,012400000010000;5474995,439700000000000;8,682713583000000;49,427197356999997
40808;40809;08;1;16;019;2016;11;13;6;2;6;4;0;1;0;1;1;0;0;0;524749,209900000020000;5397737,441499999700000;9,336568955000001;48,732167461000003
40809;40810;08;1;36;050;2016;11;15;7;3;4;7;0;1;1;1;0;0;0;0;581126,888000000040000;5403868,043399999800000;10,104370394000000;48,782518795999998
40812;40813;08;1;18;048;2016;11;16;3;3;5;2;0;1;1;1;0;0;0;0;515569,690000000000000;5414375,844700000200000;9,212367263000001;48,882141150999999
40814;40815;08;3;17;001;2016;11;15;5;3;8;1;0;1;1;0;0;0;0;0;432267,849500000010000;5386766,545099999800000;8,080749679000000;48,630295126999997
40816;40817;08;1;19;044;2016;11;06;5;3;2;6;2;1;1;1;0;0;0;0;547699,424499999960000;5423516,234299999700000;9,651659249000000;48,962720644999997
40829;40830;08;1;17;051;2016;11;17;7;2;6;4;2;1;0;1;1;0;0;0;542969,222199999960000;5395027,152599999700000;9,584053243000000;48,706796756000003
40840;40841;08;1;17;026;2016;11;06;3;3;6;4;2;0;0;1;1;0;0;0;546210,285900000020000;5392847,118900000100000;9,627860363000000;48,686954425000003
40841;40842;08;2;15;017;2016;11;15;5;3;5;3;0;0;1;1;0;0;0;0;458239,299100000000000;5420440,399400000500000;8,429785176999999;48,935482516000000
40842;40843;08;2;12;000;2016;11;11;5;3;3;2;0;1;1;1;0;0;0;0;455198,259499999990000;5428684,813400000300000;8,387356146000000;49,009429480999998
40852;40853;08;1;11;000;2016;11;07;3;3;5;3;0;0;1;1;0;0;0;0;515936,618800000000000;5403719,464999999900000;9,216957721000000;48,786269038999997
40857;40858;08;4;16;041;2016;11;06;3;3;5;3;2;0;1;1;0;0;0;0;505479,507500000010000;5373322,005500000000000;9,074194812000000;48,512988728000003
40858;40859;08;3;26;012;2016;11;14;6;3;3;2;0;0;1;1;0;0;0;0;455039,732399999980000;5312432,249900000200000;8,397701320000000;47,963619827999999
40870;40871;08;4;35;016;2016;11;07;3;2;6;4;1;1;0;0;1;0;0;1;534626,437400000050000;5278857,947300000100000;9,461187083000000;47,662188008000001
40885;40886;08;3;25;012;2016;11;13;4;3;6;6;0;0;0;1;1;0;0;0;462663,794600000020000;5355861,602099999800000;8,496018132000000;48,354826076999998
40905;40906;08;2;12;000;2016;11;21;4;2;6;4;2;1;0;1;1;0;0;0;457315,481299999980000;5428192,631799999600000;8,416358345000001;49,005152322999997
40906;40907;08;1;19;053;2016;11;09;2;3;3;6;0;0;1;1;0;0;0;0;533459,407800000040000;5425467,377000000300000;9,457283566999999;48,981206809000000
40910;40911;08;3;11;000;2016;11;08;4;3;5;2;0;0;1;1;0;0;0;0;413163,277400000020000;5315618,333499999700000;7,836161047000000;47,987968713999997
40916;40917;08;1;17;019;2016;11;18;3;3;6;4;2;1;0;1;1;0;0;0;552771,113099999960000;5393427,627000000300000;9,717069806000000;48,691656055000003
40923;40924;08;1;18;076;2016;11;07;5;2;6;4;0;1;0;1;1;0;0;0;504485,280299999980000;5423231,503300000000000;9,061275850000000;48,961983615999998
40927;40928;08;1;11;000;2016;11;21;7;2;6;4;2;0;0;1;1;0;0;0;512932,888099999980000;5401988,931499999900000;9,176011362000001;48,770771013000001
40941;40942;08;4;25;071;2016;11;17;5;3;6;4;2;1;0;1;1;0;0;0;550673,300999999980000;5370931,474999999600000;9,685822100999999;48,489463313000002
40945;40946;08;1;16;056;2016;11;12;1;2;5;3;0;1;1;1;0;0;0;0;531468,655600000060000;5394761,136199999600000;9,427718471000000;48,705090069000001
40946;40947;08;4;17;008;2016;11;18;4;3;1;6;2;1;1;1;0;0;0;0;493859,462000000000000;5350771,444699999900000;8,917184664000001;48,310105800999999
40964;40965;08;1;18;007;2016;11;16;6;3;8;1;0;1;0;1;1;0;0;0;510097,917100000020000;5426989,978699999900000;9,138046298000001;48,995727236000000
40979;40980;08;1;19;085;2016;11;17;5;3;5;3;1;1;1;1;0;0;0;0;528216,305100000000000;5413337,371500000400000;9,384789590000001;48,872352771000003
40986;40987;08;1;11;000;2016;11;19;4;3;6;4;2;0;0;1;1;0;0;0;507485,477000000010000;5405699,280000000300000;9,101942060000001;48,804238443000003
40989;40990;08;2;11;000;2016;11;12;6;3;5;2;0;0;1;1;0;0;0;0;442634,602100000020000;5402966,829699999700000;8,219179732000001;48,777057626000001
41003;41004;08;1;11;000;2016;11;08;2;3;5;2;0;0;1;0;0;0;0;1;516843,364999999990000;5406647,061999999900000;9,229421945000000;48,812581391999998
41004;41005;08;4;36;082;2016;11;10;6;3;5;3;0;1;1;1;0;0;0;0;547005,759500000040000;5295441,771099999500000;9,627848743000000;47,810612550000002
41009;41010;08;1;11;000;2016;11;14;3;3;5;3;0;1;1;1;0;0;0;0;518375,575599999980000;5403117,731200000300000;9,250133947000000;48,780788639000001
41013;41014;08;2;16;049;2016;11;18;5;3;5;3;2;1;1;1;0;0;0;0;438643,832799999970000;5402327,246500000400000;8,164961244000001;48,770923789000001
41020;41021;08;3;17;145;2016;11;15;2;2;4;6;0;0;1;0;0;0;0;0;442019,430799999970000;5349024,032800000200000;8,218313345000000;48,291758125999998
41028;41029;08;2;12;000;2016;11;08;6;3;5;3;0;0;1;1;0;0;0;0;457162,876300000000000;5428215,327100000300000;8,414269439000000;49,005345896999998
41032;41033;08;4;36;081;2016;11;09;3;2;6;7;0;0;0;0;1;0;0;1;562060,300999999980000;5281507,900000000400000;9,826922786000001;47,683978642000000
41068;41069;08;3;11;000;2016;11;20;4;1;6;4;2;1;0;1;1;0;0;0;413502,930899999980000;5316432,225900000000000;7,840548314000000;47,995335994000001
41069;41070;08;1;15;050;2016;11;16;4;2;6;4;1;1;1;1;1;0;0;0;490278,184899999990000;5399576,268000000200000;8,867746889999999;48,749125221000000
41074;41075;08;2;11;000;2016;11;16;3;2;0;7;0;0;0;0;1;0;0;1;442769,719500000010000;5402805,593399999700000;8,221041123999999;48,775619728000002
41099;41100;08;2;36;019;2016;11;13;2;2;6;4;0;0;0;1;1;0;0;0;488180,868000000020000;5409219,994199999600000;8,838938182000000;48,835843005000001
41102;41103;08;1;27;071;2016;11;18;4;3;6;7;2;1;0;1;1;0;0;0;574644,059200000020000;5455639,304499999600000;10,025658801000001;49,248969629000001
41111;41112;08;2;12;000;2016;11;05;5;2;6;4;2;1;0;1;1;0;0;0;459439,305500000020000;5429943,506699999800000;8,445221759000001;49,021044979000003
41114;41115;08;3;37;066;2016;11;18;6;3;6;4;2;0;0;1;1;0;0;0;430178,685999999990000;5268510,445899999700000;8,071751464000000;47,566254035999997
41125;41126;08;2;26;041;2016;11;16;3;2;5;3;0;0;1;0;0;0;0;0;477436,419999999980000;5467126,727000000000000;8,689288725999999;49,356435957999999
41129;41130;08;4;35;057;2016;11;17;4;3;3;2;2;1;1;1;0;0;0;0;543018,994799999990000;5279220,414099999700000;9,572997447000001;47,664945482000000
41137;41138;08;1;15;021;2016;11;07;6;3;5;3;0;0;1;1;0;0;0;0;490070,776900000000000;5382308,428200000000000;8,865339958000000;48,593778614999998
41141;41142;08;1;19;079;2016;11;11;5;3;6;4;0;0;0;1;1;0;0;0;523978,915700000010000;5411261,155299999800000;9,326883147000000;48,853854136000002
41147;41148;08;3;35;066;2016;11;17;4;1;5;3;2;1;1;0;0;1;0;0;506640,679599999970000;5281507,268100000000000;9,088488460000001;47,686918560000002
41177;41178;08;1;16;019;2016;11;07;5;2;5;2;0;1;1;1;0;0;0;0;522530,927000000030000;5398984,951999999600000;9,306470812000001;48,743474100999997
41179;41180;08;1;35;019;2016;11;21;1;3;6;7;2;0;0;1;1;0;0;0;584899,340100000030000;5392301,554300000000000;10,153331670000000;48,677983900000001
41180;41181;08;1;16;020;2016;11;07;4;3;6;4;1;1;0;0;1;0;1;0;526762,060199999950000;5381894,984000000200000;9,362916929000001;48,589566030000000
41183;41184;08;1;19;068;2016;11;12;3;2;6;4;0;1;0;1;1;0;0;0;525349,520099999970000;5413625,136900000300000;9,345713475000000;48,875065239000001
41186;41187;08;3;35;063;2016;11;11;7;2;0;3;0;0;1;1;0;0;0;0;496929,009399999980000;5287958,654299999600000;8,959032906999999;47,744992584000002
41187;41188;08;2;12;000;2016;11;18;4;3;3;2;2;1;1;1;0;0;0;0;462921,115500000010000;5421461,044599999700000;8,493616642999999;48,944961892000002
41189;41190;08;4;36;055;2016;11;07;4;3;6;2;0;1;0;1;1;0;0;0;576606,131000000050000;5297692,648000000000000;10,023561759000000;47,828018567000001
41195;41196;08;1;11;000;2016;11;15;3;2;6;2;0;1;0;1;1;0;0;0;508283,397000000000000;5397427,332999999600000;9,112642074000000;48,729814179999998
41196;41197;08;3;17;096;2016;11;16;2;3;3;2;0;0;1;1;0;0;0;0;422842,435999999990000;5368534,247200000100000;7,956228651000000;48,465206856000002
41205;41206;08;2;36;074;2016;11;14;6;3;6;4;0;1;0;1;1;0;0;0;473093,428200000020000;5419957,262799999700000;8,632634833999999;48,931960783999997
41209;41210;08;2;21;000;2016;11;17;4;3;6;1;2;1;0;1;1;0;0;0;477381,517799999970000;5468109,949500000100000;8,688476848000001;49,365277929000001
41232;41233;08;1;25;079;2016;11;11;5;3;3;2;0;0;1;1;0;0;0;0;511962,284800000020000;5454265,042299999900000;9,164342155000000;49,241043877000003
41249;41250;08;3;36;069;2016;11;10;5;3;6;4;0;1;0;1;1;0;0;0;408552,990999999980000;5268023,628999999700000;7,784405993000000;47,559187952000002
41259;41260;08;3;11;000;2016;11;16;6;3;3;6;0;1;1;0;0;0;0;0;410224,329399999990000;5316461,786100000100000;7,796603907000000;47,995149947999998
41262;41263;08;4;36;081;2016;11;15;4;2;6;4;0;1;0;1;1;0;0;0;562855,824000000020000;5282209,382000000200000;9,837622616999999;47,690212801000001
41270;41271;08;2;12;000;2016;11;13;2;2;6;2;0;0;0;1;1;0;0;0;455091,693099999970000;5427498,345900000100000;8,386030202000001;48,998749349999997
41278;41279;08;3;17;001;2016;11;18;4;3;6;4;2;0;0;1;1;0;0;0;432162,879000000020000;5386639,002999999600000;8,079346100000000;48,629136502999998
41283;41284;08;2;12;000;2016;11;20;6;3;9;7;2;1;1;0;0;0;0;0;455739,356099999980000;5431701,560499999700000;8,394425796000000;49,036604402999998
41286;41287;08;1;17;042;2016;11;17;3;3;6;4;2;1;0;1;1;0;0;0;554238,056100000050000;5393284,863400000100000;9,736982630000000;48,690246061000003
41288;41289;08;1;27;014;2016;11;10;6;2;6;1;0;1;0;1;1;0;0;1;578331,173599999980000;5443286,068699999700000;10,073905088000000;49,137407125999999
41301;41302;08;1;21;000;2016;11;07;6;3;6;2;1;1;0;0;1;0;0;1;516289,509399999980000;5444586,737599999600000;9,223398271000001;49,153885351000000
41309;41310;08;3;35;043;2016;11;21;3;3;5;3;2;1;1;1;0;0;0;0;510934,982699999990000;5280537,860000000300000;9,145686517000000;47,678137761999999
41330;41331;08;4;35;057;2016;11;07;5;3;5;3;2;1;1;1;0;0;0;0;544587,560500000020000;5279166,566100000400000;9,593883542000000;47,664354762000002
41333;41334;08;1;16;019;2016;11;16;5;2;6;4;0;0;0;1;1;0;0;0;523249,560999999990000;5398219,363400000100000;9,316202481000000;48,736560541999999
41335;41336;08;1;36;088;2016;11;11;1;3;6;4;0;0;0;1;1;0;0;0;580766,290299999990000;5409575,910899999600000;10,100585639000000;48,833903749999998
41338;41339;08;2;37;040;2016;11;05;5;3;6;4;2;1;0;1;1;0;0;0;477004,115700000020000;5365560,479399999600000;8,689055424999999;48,442766493000001
41345;41346;08;1;18;048;2016;11;06;4;3;5;2;2;0;1;1;0;0;0;0;515568,967799999980000;5414376,432000000000000;9,212357435000000;48,882146452000001
41352;41353;08;1;11;000;2016;11;17;4;3;6;7;2;0;0;1;1;0;0;0;511186,798000000010000;5401911,421500000200000;9,152245770000000;48,770107578000001
41354;41355;08;4;35;035;2016;11;18;3;3;5;3;2;1;1;1;0;0;0;0;542118,780999999960000;5282616,166000000200000;9,561335166999999;47,695557192999999
41358;41359;08;1;16;049;2016;11;18;7;3;6;7;2;0;0;1;1;0;0;0;523084,706599999980000;5385068,078800000300000;9,313226102000000;48,618257878999998
41359;41360;08;1;19;020;2016;11;17;3;3;3;2;2;1;1;1;0;0;0;0;519763,232000000020000;5405794,826000000400000;9,269151728000001;48,804828821000001
41362;41363;08;3;35;075;2016;11;21;7;3;6;6;2;0;0;1;1;0;0;0;486878,209099999980000;5291859,079500000000000;8,824837603000001;47,779960559000003
41363;41364;08;3;11;000;2016;11;07;4;3;3;2;0;1;1;1;0;0;0;0;412805,918599999980000;5314674,476300000200000;7,831564184000000;47,979429776000003
41365;41366;08;4;36;081;2016;11;17;4;3;6;4;2;1;0;1;1;0;0;0;562335,895099999970000;5281656,530299999800000;9,830615773000000;47,685289308000002
41367;41368;08;4;36;055;2016;11;07;6;3;6;2;1;1;0;1;1;0;0;0;576411,018599999950000;5297128,199799999600000;10,020855642000001;47,822963985000001
41375;41376;08;2;26;003;2016;11;23;6;3;6;1;2;1;0;0;1;1;0;0;466701,510499999970000;5459625,307199999700000;8,542094147000000;49,288470168000003
41385;41386;08;2;35;006;2016;11;07;6;2;8;1;1;1;1;0;0;0;0;0;471811,602100000020000;5381594,222299999600000;8,617761528000001;48,586797777999998
41391;41392;08;4;35;016;2016;11;17;4;3;6;4;2;1;0;1;1;0;0;0;535583,834900000020000;5277738,234799999700000;9,473846989000000;47,652061523000000
41399;41400;08;1;15;003;2016;11;06;6;3;5;3;2;1;1;0;0;0;0;1;500551,153999999980000;5392859,417999999600000;9,007488795000000;48,688775698000001
41409;41410;08;1;19;020;2016;11;11;7;2;5;3;0;0;1;1;0;0;0;0;518853,004599999990000;5406444,090800000400000;9,256785467000000;48,810697771999997
41411;41412;08;1;19;079;2016;11;07;6;3;6;2;2;1;0;1;1;0;0;0;521752,189900000000000;5411178,862900000100000;9,296524258000000;48,853195919000001
41415;41416;08;1;25;065;2016;11;17;4;3;6;4;2;1;0;1;1;0;0;0;515998,328500000000000;5447486,157100000400000;9,219520245000000;49,179974123999997
41416;41417;08;1;19;093;2016;11;12;6;2;5;1;0;1;1;1;0;0;0;0;523923,150399999980000;5406241,300599999700000;9,325830018000000;48,808699005000001
41419;41420;08;3;17;031;2016;11;17;3;2;6;4;2;1;0;1;1;0;1;0;416637,420199999990000;5358333,397699999600000;7,874332581000000;48,372660594999999
41426;41427;08;1;16;019;2016;11;17;2;3;6;4;2;0;0;0;1;0;0;1;523593,641100000010000;5398113,294700000400000;9,320875945999999;48,735593424000001
41434;41435;08;3;17;096;2016;11;14;4;3;0;7;0;0;1;0;0;0;0;0;421733,196100000000000;5368804,682699999800000;7,941175129000000;48,467502347999996
41435;41436;08;2;31;000;2016;11;10;5;3;6;4;0;0;0;1;1;0;0;0;477651,291399999990000;5415369,990100000100000;8,695115163000001;48,890876798999997
41457;41458;08;3;17;096;2016;11;06;2;3;5;3;2;0;1;1;0;0;0;0;422154,598000000000000;5370423,573300000300000;7,946573575000000;48,482116437999998
41470;41471;08;2;21;000;2016;11;08;4;3;1;5;0;1;1;1;0;0;0;0;482170,017999999980000;5474433,564399999600000;8,754144153000000;49,422317229999997
41472;41473;08;4;26;021;2016;11;08;4;3;3;7;0;1;1;1;0;0;0;0;558560,860899999970000;5328018,771900000100000;9,786611195000001;48,102740838999999
41477;41478;08;3;26;074;2016;11;17;3;3;6;3;2;1;0;1;1;0;0;0;459554,748800000000000;5324297,774899999600000;8,457062969000001;48,070672301000002
41484;41485;08;1;18;048;2016;11;14;5;3;6;4;0;0;0;1;1;0;0;0;512329,214400000000000;5415264,824799999600000;9,168194907000000;48,890211127000001
41488;41489;08;1;16;080;2016;11;16;6;2;6;4;2;1;0;0;1;1;0;0;516947,145800000000000;5396178,097900000400000;9,230404296000000;48,718400697000000
41491;41492;08;2;12;000;2016;11;06;2;3;6;2;2;0;0;1;1;0;0;0;452477,784199999990000;5428287,825799999800000;8,350203759999999;49,005655058999999
41501;41502;08;1;19;008;2016;11;15;6;3;6;4;0;1;0;1;1;0;0;0;532049,420000000040000;5421108,440000000400000;9,437670887000000;48,942071136000003
41505;41506;08;4;35;059;2016;11;09;5;3;6;4;0;1;0;1;1;0;0;0;513128,811099999990000;5290947,337600000200000;9,175228545000000;47,771757020000003
41507;41508;08;3;11;000;2016;11;10;5;3;0;1;0;1;1;0;1;0;0;0;415157,236500000000000;5315989,532800000200000;7,862806430000000;47,991575445999999
41509;41510;08;1;11;000;2016;11;14;2;3;5;3;0;0;1;1;0;0;0;0;514104,597100000010000;5406043,848399999600000;9,192096946000000;48,807223170999997
41516;41517;08;1;11;000;2016;11;00;3;2;0;7;2;1;1;0;0;0;0;0;514925,645399999980000;5402720,250599999900000;9,203158357000000;48,777305288999997
41527;41528;08;4;36;011;2016;11;16;3;3;4;2;1;0;1;1;0;0;0;0;548751,547999999950000;5297252,455199999700000;9,651369182000000;47,826773179000000
41528;41529;08;1;18;076;2016;11;18;3;2;6;4;2;1;0;1;1;0;0;0;504744,855800000020000;5422950,123599999600000;9,064818770000001;48,959450478999997
41537;41538;08;2;16;049;2016;11;17;4;2;3;6;2;1;1;1;0;0;0;0;438735,744000000010000;5400861,032999999800000;8,166430296000000;48,757744205999998
41548;41549;08;1;27;076;2016;11;07;2;3;5;1;2;0;1;1;0;0;0;0;552465,826699999980000;5439602,545300000300000;9,718853683000001;49,107028481999997
41553;41554;08;2;21;000;2016;11;09;4;2;6;2;0;1;0;1;1;0;0;0;477285,983899999990000;5469972,091500000100000;8,687054765999999;49,382024152000000
41554;41555;08;1;15;029;2016;11;20;5;2;6;6;2;0;1;0;1;0;0;0;495832,755799999980000;5400231,619400000200000;8,943303168000000;48,755082707000000
41556;41557;08;2;21;000;2016;11;14;7;3;3;7;0;0;1;1;1;0;0;0;476561,143900000020000;5472746,942400000100000;8,676904682000000;49,406956073000003
41557;41558;08;1;25;110;2016;11;18;4;3;5;3;2;1;1;1;0;0;0;0;524865,204999999960000;5443855,439000000200000;9,340960481000000;49,147019739999998