FID;OBJECTID;ULAND;UREGBEZ;UKREIS;UGEMEINDE;UJAHR;UMONAT;USTUNDE;UWOCHENTAG;UKATEGORIE;UART;UTYP1;ULICHTVERH;IstStrasse;IstRad;IstPKW;IstFuss;IstKrad;IstGkfz;IstSonstig;LINREFX;LINREFY;XGCSWGS84;YGCSWGS84
41563;41564;08;4;37;124;2016;11;11;5;2;5;3;0;1;1;1;0;0;0;0;517150,873000000020000;5302072,225999999800000;9,229350551000000;47,871757539999997
41585;41586;08;3;36;084;2016;11;18;6;3;6;4;2;1;0;1;1;0;0;0;405482,135899999990000;5277303,303700000000000;7,741594951000000;47,642224782000000
41587;41588;08;3;36;105;2016;11;07;6;3;5;2;1;0;1;0;0;0;0;1;399280,720500000000000;5267461,595200000300000;7,661312704000000;47,552759864999999
41592;41593;08;1;11;000;2016;11;16;7;3;6;4;2;0;0;1;1;0;0;0;513421,000500000020000;5405067,990299999700000;9,182754885000000;48,798459608000002
41596;41597;08;3;11;000;2016;11;19;5;2;5;2;2;0;1;1;0;0;0;0;414048,525700000000000;5315815,956100000100000;7,847983624000000;47,989865993000002
41599;41600;08;1;16;033;2016;11;07;2;2;6;4;1;0;0;1;1;0;0;0;531176,299200000010000;5389380,899899999600000;9,423339113000001;48,656704841000000
41605;41606;08;3;27;049;2016;11;12;6;3;5;3;0;0;1;1;0;0;0;0;472584,225500000000000;5324715,600100000400000;8,631939221000000;48,075124746000000
41609;41610;08;2;26;080;2016;11;07;5;2;6;3;0;0;0;1;1;0;0;0;486238,330399999980000;5475579,662200000100000;8,810201571000000;49,432731922000002
41613;41614;08;1;11;000;2016;11;18;7;1;6;4;2;0;0;1;1;0;0;0;511773,071999999990000;5396705,451299999800000;9,160075769000001;48,723263965999998
41622;41623;08;1;19;090;2016;11;12;3;3;6;4;0;0;0;1;1;0;0;0;530822,229999999980000;5407286,904000000100000;9,419870727999999;48,817801017000001
41625;41626;08;1;11;000;2016;11;18;5;3;6;2;2;0;0;0;1;0;0;1;514893,522500000020000;5395396,358500000100000;9,202456311000001;48,711420609999998
41628;41629;08;3;17;065;2016;11;18;4;3;3;2;2;0;1;0;0;0;0;1;415542,520000000020000;5351530,228000000100000;7,860915280000000;48,311321390000003
41636;41637;08;1;27;071;2016;11;16;7;3;0;6;0;1;1;1;0;0;0;0;570012,047600000050000;5454806,289900000200000;9,961876071000001;49,242025007999999
41639;41640;08;3;17;100;2016;11;08;2;3;6;6;0;0;0;0;1;0;0;1;423979,076100000010000;5366860,417600000300000;7,971906368000000;48,450289140000002
41646;41647;08;1;11;000;2016;11;11;1;3;2;4;0;0;1;1;1;0;0;0;513711,424600000030000;5402329,518400000400000;9,186618225000000;48,773818239000001
41655;41656;08;4;36;027;2016;11;17;2;2;6;4;2;0;0;1;1;0;0;0;538155,635699999980000;5311702,352699999700000;9,511081490000001;47,957494847000000
41681;41682;08;2;22;000;2016;11;19;7;3;3;6;2;0;1;1;0;0;0;0;461067,624300000020000;5481477,936599999700000;8,462482723999999;49,484693229000001
41683;41684;08;3;17;096;2016;11;07;3;3;5;3;1;0;1;0;0;0;0;1;421204,527500000030000;5369396,344600000400000;7,933912887000000;48,472758267000003
41688;41689;08;1;18;079;2016;11;18;6;3;5;3;2;0;1;1;0;0;0;0;510157,340199999980000;5421831,841799999600000;9,138729851000001;48,949325553000001
41689;41690;08;2;12;000;2016;11;17;5;2;2;6;2;0;1;0;0;0;0;0;455696,952600000020000;5427787,041899999600000;8,394273108000000;49,001389936999999
41692;41693;08;1;15;003;2016;11;07;2;3;0;1;1;0;1;0;0;0;0;0;500714,830900000000000;5392520,138500000400000;9,009712165000000;48,685723336999999
41708;41709;08;1;11;000;2016;11;02;7;3;6;7;2;0;0;1;1;0;0;0;514425,205100000020000;5404336,330799999600000;9,196403447000000;48,791855192000000
41709;41710;08;2;22;000;2016;11;18;3;3;6;4;2;0;0;1;1;0;0;0;465554,204299999980000;5476095,895700000200000;8,524892261000000;49,436555239000000
41720;41721;08;1;15;024;2016;11;18;5;2;6;2;2;0;0;1;1;0;0;0;501813,740700000020000;5384730,007100000000000;9,024608552000000;48,615639813999998
41725;41726;08;1;16;019;2016;11;06;4;3;5;2;2;0;1;1;0;0;0;0;520469,938299999980000;5398982,188799999700000;9,278436999000000;48,743520388000000
41728;41729;08;1;15;028;2016;11;07;3;2;6;4;0;0;0;1;1;0;0;0;500785,347000000010000;5404194,415300000500000;9,010692494000001;48,790745360999999
41732;41733;08;3;35;075;2016;11;19;2;2;6;2;2;0;0;1;1;0;0;0;486457,121099999990000;5289028,904699999800000;8,819304760000000;47,754487320000003
41738;41739;08;3;35;043;2016;11;09;4;3;5;3;0;1;1;1;0;0;0;0;513763,269299999990000;5279854,268299999600000;9,183345986999999;47,671933011000000
41745;41746;08;4;35;066;2016;11;17;3;3;4;6;2;1;1;0;0;0;0;0;517773,117600000000000;5284661,367900000000000;9,236958216000000;47,715087548000000
41746;41747;08;1;11;000;2016;11;13;7;3;5;2;0;1;1;1;0;0;0;0;513039,996999999970000;5399885,742999999800000;9,177402419000000;48,751848604000003
41748;41749;08;2;16;017;2016;11;23;7;2;8;1;2;1;0;0;1;0;0;1;450306,300300000000000;5401616,806200000500000;8,323756791999999;48,765573795000002
41749;41750;08;1;11;000;2016;11;18;7;2;6;4;0;0;0;1;1;0;0;0;516108,692700000010000;5405661,806099999700000;9,219376452000001;48,803737658000003
41751;41752;08;4;35;052;2016;11;17;6;2;6;4;2;1;0;1;1;0;0;0;521564,209900000020000;5291466,754900000100000;9,287839331000001;47,776203346999999
41757;41758;08;2;31;000;2016;11;11;6;3;6;4;0;0;0;1;1;0;0;0;475460,069499999980000;5416491,672600000200000;8,665155270000000;48,900884130000001
41758;41759;08;1;27;043;2016;11;18;6;2;6;6;2;0;0;1;1;0;0;0;568281,634399999980000;5445728,297899999700000;9,936562558000000;49,160572160000001
41762;41763;08;1;27;014;2016;11;17;7;2;6;2;2;1;0;1;1;0;0;0;578694,820599999980000;5443486,362700000400000;10,078928797000000;49,139162057000000
41765;41766;08;3;35;079;2016;11;19;5;2;0;7;2;0;1;0;0;0;0;0;499630,535299999990000;5298764,241200000000000;8,995062129000001;47,842223189999999
41789;41790;08;3;17;059;2016;11;23;7;3;8;7;2;0;1;0;0;0;0;0;412720,700599999980000;5349438,426900000300000;7,823297971000000;48,292122857000003
41790;41791;08;1;18;014;2016;11;18;1;3;2;1;2;0;1;1;0;0;0;0;522139,399600000000000;5421991,037700000200000;9,302388792000000;48,950444711999999
41793;41794;08;2;21;000;2016;11;00;1;3;1;5;2;0;1;1;0;0;0;0;477533,015699999990000;5470183,008100000200000;8,690446308000000;49,383930485000000
41806;41807;08;4;26;097;2016;11;17;7;1;6;4;2;1;0;1;1;0;0;0;537163,903500000010000;5333921,893100000000000;9,499728911000000;48,157456959000001
41807;41808;08;3;17;089;2016;11;09;6;3;0;7;0;0;1;1;0;0;0;0;430164,960800000000000;5376178,921099999900000;8,053992681000000;48,534827704999998
41814;41815;08;1;15;021;2016;11;06;4;3;5;3;1;0;1;1;0;0;0;0;489654,799500000020000;5383655,067699999500000;8,859664940000000;48,605886542000000
41830;41831;08;3;37;096;2016;11;17;5;3;5;3;2;0;1;1;0;0;0;0;421853,468700000030000;5267961,751600000100000;7,961186137000000;47,560368717000003
41835;41836;08;4;16;026;2016;11;17;4;3;5;3;2;0;1;1;0;0;0;0;505345,355800000020000;5364081,290900000400000;9,072260209000000;48,429856360999999
41852;41853;08;1;17;019;2016;11;17;2;2;4;6;2;0;1;0;0;0;0;0;550757,271199999960000;5394328,325299999700000;9,689817916000001;48,699925296000004
41856;41857;08;2;22;000;2016;11;00;4;3;5;3;2;0;1;0;0;0;0;1;461299,303000000010000;5487648,430999999900000;8,465076326000000;49,540208081000003
41868;41869;08;3;17;096;2016;11;14;3;3;0;7;0;0;1;0;0;0;0;0;423135,843600000020000;5370513,084900000100000;7,959833316000000;48,483042343000001
41888;41889;08;1;18;079;2016;11;15;6;2;6;4;0;0;0;1;1;0;0;0;510022,232000000020000;5421875,908499999900000;9,136885620999999;48,949724166999999
41897;41898;08;1;21;000;2016;11;11;1;3;6;4;0;0;0;1;1;0;0;0;517657,356000000030000;5443021,950699999900000;9,242088497999999;49,139771799000002
41903;41904;08;1;11;000;2016;11;17;4;3;6;4;0;0;0;1;1;0;0;0;513494,359100000000000;5406325,985000000300000;9,183795158000001;48,809774785999998
41919;41920;08;1;11;000;2016;11;04;1;2;6;7;2;0;0;0;1;0;0;1;517932,024500000000000;5400352,810100000400000;9,243975725000000;48,755928636000000
41920;41921;08;3;36;079;2016;11;07;4;3;6;4;1;0;0;0;1;0;0;1;417117,738599999980000;5293023,844600000400000;7,893488693000000;47,785240670999997
41926;41927;08;4;36;081;2016;11;07;3;3;4;2;2;1;1;1;0;0;0;0;562553,670999999970000;5282245,496000000300000;9,833601716000000;47,690567029000000
41936;41937;08;1;18;050;2016;11;17;7;3;6;4;2;1;0;1;1;0;0;0;506653,815899999990000;5416889,312699999700000;9,090797838000000;48,904911572000003
41956;41957;08;4;26;021;2016;11;08;6;2;0;1;0;1;1;0;0;0;0;0;559061,327000000050000;5329715,815000000400000;9,793568002000001;48,117961483999999
41968;41969;08;4;35;016;2016;11;14;7;3;0;1;0;0;1;0;0;0;0;0;535724,001000000050000;5277828,911999999500000;9,475720834000001;47,652869660000000
41977;41978;08;1;16;080;2016;11;07;5;3;6;2;1;0;0;1;1;0;0;0;518659,125200000010000;5394856,364000000100000;9,253619453000001;48,706461515000001
41985;41986;08;4;17;013;2016;11;14;2;3;5;3;0;0;1;1;0;0;0;0;510861,254000000020000;5356287,350999999800000;9,146624064999999;48,359666912999998
41990;41991;08;2;21;000;2016;11;08;5;3;5;5;0;0;1;1;0;0;0;0;476977,272699999970000;5475411,034300000400000;8,682486196999999;49,430934993000001
41998;41999;08;3;17;145;2016;11;12;7;3;6;4;0;0;0;1;1;0;0;0;442498,807500000000000;5349938,492999999800000;8,224651070000000;48,300028259999998
42007;42008;08;4;36;064;2016;11;06;4;2;0;1;1;1;1;0;0;0;0;0;545168,039600000020000;5295468,234400000400000;9,603306792000000;47,810982262000003
42012;42013;08;3;15;068;2016;11;10;6;3;6;7;0;1;0;1;1;0;0;0;440519,016999999990000;5301737,727599999900000;8,204671197000000;47,866222372999999
42017;42018;08;2;26;082;2016;12;12;6;3;6;4;0;0;0;1;1;0;0;0;475347,734999999990000;5480048,465499999900000;8,659724507000000;49,472583645000000
42034;42035;08;1;19;067;2016;11;08;2;3;6;4;0;0;0;1;1;0;0;0;538810,613400000030000;5406686,276300000000000;9,528630005000000;48,811950359999997
42041;42042;08;2;26;028;2016;11;17;1;3;6;6;1;0;0;1;1;0;0;0;471000,591599999990000;5483653,715300000300000;8,599457778000000;49,504819466000001
42045;42046;08;2;12;000;2016;12;14;7;2;6;4;0;0;0;1;1;0;0;0;459536,715499999990000;5432459,942200000400000;8,446302891000000;49,043687079999998
42049;42050;08;4;26;021;2016;12;12;7;3;5;3;0;0;1;1;0;0;0;0;558755,876999999980000;5327063,376199999800000;9,789098922000001;48,094127970000002
42053;42054;08;3;35;080;2016;12;19;6;3;6;4;2;1;0;1;1;0;0;0;474926,396599999980000;5296399,469300000000000;8,665032862000000;47,820457683999997
42055;42056;08;1;25;069;2016;12;17;6;3;6;2;2;0;0;1;1;0;0;0;521849,464700000010000;5455751,638500000400000;9,300255336999999;49,254142883999997
42059;42060;08;1;27;014;2016;11;11;3;3;6;4;0;0;0;0;1;0;0;1;578053,535299999990000;5443491,215599999800000;10,070139145000001;49,139287519000000
42073;42074;08;1;16;077;2016;12;17;5;3;5;3;2;0;1;1;0;0;0;0;514769,852000000010000;5389746,275000000400000;9,200573249000000;48,660595096999998
42079;42080;08;2;26;013;2016;12;19;2;2;6;2;2;0;0;1;1;0;0;0;497349,308200000030000;5478875,124099999700000;8,963419994000001;49,462524285999997
42081;42082;08;2;26;101;2016;11;13;2;3;6;4;0;0;0;1;1;0;0;0;487173,958600000010000;5460383,950600000100000;8,823595178000000;49,296066905000004
42093;42094;08;1;15;041;2016;12;16;5;3;6;4;0;0;0;1;1;0;0;0;492619,072099999990000;5402630,090300000300000;8,899536891000000;48,776629474000003
42101;42102;08;4;35;016;2016;12;15;6;3;5;3;0;0;1;1;0;0;0;0;536025,042499999980000;5277801,196800000000000;9,479727242999999;47,652603603999999
42107;42108;08;1;21;000;2016;12;18;7;3;6;2;2;0;0;1;1;0;0;0;516092,505100000010000;5442416,964900000000000;9,220609869000001;49,134372738000003
42116;42117;08;1;18;063;2016;11;07;2;2;5;3;2;0;1;1;0;0;0;0;515228,093100000000000;5422993,988400000100000;9,208029708000000;48,959675711000003
42129;42130;08;1;18;073;2016;11;18;2;2;6;4;2;0;0;1;1;0;0;0;497852,395399999980000;5418979,536899999700000;8,970682813000000;48,923746723999997
42132;42133;08;2;22;000;2016;12;22;5;3;6;4;2;0;0;1;1;0;0;0;460941,980400000000000;5482519,717699999900000;8,460645172000000;49,494055406000001
42150;42151;08;4;36;009;2016;11;16;4;3;6;4;0;0;0;1;1;0;0;0;556004,333199999990000;5307289,780299999800000;9,749566744999999;47,916484488000002
42157;42158;08;1;21;000;2016;12;13;6;3;6;4;0;0;0;0;1;0;0;1;513303,188100000030000;5443110,411399999600000;9,182394628999999;49,140677265000001
42162;42163;08;2;16;043;2016;12;16;5;3;6;4;0;0;0;1;1;0;0;0;441586,582600000020000;5411288,493700000500000;8,203731563000000;48,851813800000002
42171;42172;08;2;31;000;2016;12;12;7;3;6;4;0;0;0;1;1;0;0;0;477916,015300000030000;5414423,711199999800000;8,698777651000000;48,882373878000003
42175;42176;08;3;16;011;2016;12;17;6;3;5;3;2;0;1;1;0;0;0;0;415094,955000000020000;5329603,649400000500000;7,859269896000000;48,114030554999999
42184;42185;08;1;15;045;2016;11;15;3;3;5;3;0;0;1;1;0;0;0;0;497327,328099999980000;5396130,389399999800000;8,963663947000001;48,718196138000003
42195;42196;08;1;18;049;2016;12;16;5;3;5;3;1;0;1;1;0;0;0;0;518627,792699999990000;5421040,119300000400000;9,254382915000001;48,942006376999998
42199;42200;08;1;16;077;2016;12;17;5;2;6;2;2;0;0;1;1;0;0;0;515244,610999999980000;5389082,161000000300000;9,206995928000000;48,654609258000001
42202;42203;08;1;36;088;2016;11;07;4;3;6;4;1;0;0;1;1;0;0;0;580348,420900000030000;5410809,371399999600000;10,095134363000000;48,845051984000001
42206;42207;08;1;16;071;2016;11;15;4;3;6;4;0;0;0;1;1;0;0;0;527537,421699999950000;5391231,678000000300000;9,374051608000000;48,673525339999998
42209;42210;08;2;12;000;2016;11;17;3;3;3;5;2;0;1;1;0;0;0;0;455301,823199999980000;5428249,159500000100000;8,388820213000001;49,005518244000001
42213;42214;08;2;21;000;2016;12;10;6;3;6;4;0;0;0;1;1;0;0;0;474379,950399999970000;5469382,315999999600000;8,647055269000001;49,376603901999999
42218;42219;08;1;16;041;2016;12;07;2;3;5;3;1;0;1;1;0;0;0;0;519717,487000000020000;5384083,799100000400000;9,267491583000000;48,609518369000000
42240;42241;08;1;36;065;2016;11;11;3;3;5;3;0;0;1;1;0;0;0;0;558990,369900000050000;5404762,160199999800000;9,803193768000000;48,793054789999999
42251;42252;08;3;16;056;2016;12;14;2;3;5;3;0;0;1;1;0;0;0;0;419128,415199999990000;5325047,608000000000000;7,914313735000000;48,073572122000002
42256;42257;08;2;22;000;2016;11;14;3;2;5;3;0;0;1;0;0;0;0;1;462843,565000000000000;5482765,957999999600000;8,486879991000000;49,496389651999998
42271;42272;08;2;22;000;2016;12;15;7;3;6;6;0;0;0;1;1;0;0;0;463038,971299999980000;5478894,582800000000000;8,489940170000001;49,461580466999997
42274;42275;08;1;18;011;2016;11;06;3;3;5;3;2;0;1;1;0;0;0;0;505193,353000000000000;5408431,292999999600000;9,070761048000000;48,828838730999998
42289;42290;08;1;18;077;2016;12;00;7;2;4;2;2;1;1;1;0;0;0;0;512855,985200000000000;5422946,461199999800000;9,175623213000000;48,959302059000002
42298;42299;08;1;15;028;2016;12;12;5;3;6;4;0;0;0;1;1;0;0;0;501450,845600000000000;5405702,830799999600000;9,019758581000000;48,804313768999997
42347;42348;08;4;36;009;2016;12;16;5;3;2;2;1;0;1;1;0;0;0;0;555994,253400000050000;5308235,872700000200000;9,749554796000000;47,924996927999999
42361;42362;08;1;25;058;2016;12;17;6;3;6;2;1;0;0;1;1;0;0;0;509220,452700000020000;5443451,772500000000000;9,126425880999999;49,143822788999998
42371;42372;08;2;26;084;2016;12;17;7;2;6;4;2;0;0;1;1;0;0;0;468229,152799999980000;5471351,241499999500000;8,562166187000001;49,394024168000001
42379;42380;08;1;18;048;2016;12;07;6;3;6;2;2;1;0;1;1;0;0;0;512326,710399999980000;5416961,788300000100000;9,168211962000001;48,905476614999998
42381;42382;08;1;15;003;2016;11;14;2;3;3;2;0;0;1;1;0;0;0;0;496445,357000000020000;5393058,122999999700000;8,951699653000000;48,690553387000001
42382;42383;08;1;25;094;2016;12;17;5;1;6;2;2;0;0;1;1;0;0;0;513966,604899999980000;5437165,599100000200000;9,191284695000000;49,087186645999999
42384;42385;08;3;15;050;2016;11;14;4;2;5;3;0;0;1;1;0;0;0;0;399402,433000000020000;5303342,885999999900000;7,654646393000000;47,875537010000002
42391;42392;08;1;15;045;2016;12;07;6;3;5;3;0;1;1;1;0;0;0;0;499455,828800000020000;5394815,347600000000000;8,992603507000000;48,706371423999997
42404;42405;08;1;16;004;2016;12;20;5;3;5;7;2;0;1;0;0;1;0;0;528291,325900000050000;5396521,825500000300000;9,384654353000000;48,721081212000001
42410;42411;08;1;16;019;2016;11;13;4;3;6;4;0;0;0;1;1;0;0;0;524694,309699999980000;5397697,829199999600000;9,335819997000000;48,731813291999998
42426;42427;08;4;17;079;2016;12;06;2;3;6;4;2;0;0;1;1;0;0;0;499873,600299999990000;5347944,869800000500000;8,998296136000000;48,284705701000000
42427;42428;08;1;16;041;2016;12;10;7;3;5;3;0;0;1;1;0;0;0;0;519718,162300000030000;5384081,041699999900000;9,267500612999999;48,609493542000003
42430;42431;08;1;27;100;2016;12;08;6;3;6;7;0;0;0;0;1;0;0;1;550939,289200000000000;5431989,788800000200000;9,696981045999999;49,038681332000003
42437;42438;08;4;35;047;2016;12;12;6;3;6;4;0;0;0;1;1;0;0;0;512929,748599999990000;5295147,348500000300000;9,172696845999999;47,809550543000000
42449;42450;08;1;16;073;2016;12;07;2;2;4;7;2;0;1;0;0;1;0;0;521047,336399999970000;5389363,164099999700000;9,285800492000000;48,656968644000003
42457;42458;08;3;26;074;2016;12;07;6;2;5;3;1;0;1;1;0;0;0;0;465975,485400000010000;5323780,238599999800000;8,543293025000001;48,066391062000001
42461;42462;08;2;22;000;2016;11;17;3;2;5;3;2;0;1;1;0;0;0;0;462939,347000000010000;5482899,285000000100000;8,488190152000000;49,497594718000002
42463;42464;08;2;16;043;2016;12;10;5;3;5;3;0;0;1;0;0;0;0;1;441346,930799999970000;5410699,039300000300000;8,200549475000001;48,846489065000000
42473;42474;08;1;11;000;2016;12;15;2;3;5;3;0;0;1;1;0;0;0;0;516932,082700000030000;5405923,102400000200000;9,230600484000000;48,806066354000002
42475;42476;08;2;35;008;2016;12;17;7;1;6;4;2;0;0;1;1;0;0;0;480280,643099999990000;5402623,406200000100000;8,731598004000000;48,776300610000000
42479;42480;08;3;15;074;2016;12;12;6;3;5;3;0;0;1;1;0;0;0;0;397936,571100000000000;5296089,832399999700000;7,636758910000000;47,810065307999999
42481;42482;08;1;21;000;2016;12;22;5;3;6;4;2;0;0;1;1;0;0;0;514606,733100000010000;5444586,190000000400000;9,200320407000000;49,153922766000001
42482;42483;08;2;12;000;2016;12;09;2;3;0;7;0;0;1;0;0;0;0;0;455715,808399999980000;5428215,503399999800000;8,394484171000000;49,005245348000003
42491;42492;08;2;12;000;2016;12;01;6;2;0;7;2;0;1;0;0;0;0;0;455263,614999999990000;5428235,828499999800000;8,388299274000000;49,005395561999997
42493;42494;08;4;36;078;2016;12;15;5;3;4;2;0;0;1;1;0;0;0;0;557755,508299999990000;5291935,338399999800000;9,770952511000001;47,778191196000002
42500;42501;08;1;28;020;2016;11;06;4;3;6;4;2;0;0;1;1;0;0;0;574739,704999999960000;5480037,721800000400000;10,031552539000000;49,468387606999997
42507;42508;08;4;36;009;2016;11;17;1;3;6;6;2;0;1;0;1;0;0;0;556168,294200000000000;5307403,146400000000000;9,751775793000000;47,917490047000001
42523;42524;08;1;18;019;2016;12;17;2;3;6;2;2;0;0;1;1;0;0;0;504550,027000000000000;5405269,182000000000000;9,061960472999999;48,800397738000001
42536;42537;08;3;26;074;2016;12;16;5;3;4;2;0;0;1;1;0;0;0;0;460532,492399999990000;5319890,474200000100000;8,470594179000001;48,031082306000002
42537;42538;08;2;16;024;2016;12;07;2;3;5;3;2;0;1;1;0;0;0;0;443986,907200000020000;5407139,703300000200000;8,237015656000001;48,814716425000000
42539;42540;08;1;11;000;2016;12;11;4;3;6;4;0;0;0;1;1;0;0;0;507500,289099999990000;5405709,464800000200000;9,102143967000000;48,804329885999998
42541;42542;08;1;11;000;2016;12;15;5;3;6;4;0;0;0;1;1;0;0;0;510786,718400000010000;5403464,239199999700000;9,146841676999999;48,784083692000003
42547;42548;08;3;26;074;2016;12;11;7;3;6;2;0;0;0;1;1;0;0;0;465411,306199999990000;5324186,549499999700000;8,535687490999999;48,070016205000002
42555;42556;08;2;37;027;2016;12;12;4;3;5;3;0;0;1;1;0;0;0;0;479397,603999999990000;5369512,418499999700000;8,721224542000000;48,478402440000004
42556;42557;08;4;37;053;2016;12;17;3;2;6;2;2;1;0;1;1;0;0;0;527968,890200000020000;5319763,702999999700000;9,375162519000000;48,030548945000000
42559;42560;08;3;17;096;2016;12;17;5;3;0;7;2;0;1;0;0;0;0;0;421279,111900000020000;5369550,746100000100000;7,934892746000000;48,474156432999997
42561;42562;08;2;12;000;2016;12;18;5;3;4;2;2;0;1;1;0;0;0;0;455648,805500000020000;5427296,523400000300000;8,393668424000000;48,996974209999998
42573;42574;08;3;17;034;2016;12;07;2;3;5;3;2;1;1;1;0;0;0;0;426565,404199999990000;5362436,466300000400000;8,007653060999999;48,410802126999997
42581;42582;08;4;15;019;2016;12;07;2;2;6;4;1;1;0;1;1;0;0;0;519372,147300000010000;5370973,786399999600000;9,262196641999999;48,491588503000003
42593;42594;08;2;36;046;2016;12;17;3;3;6;4;2;0;0;1;1;0;0;0;483947,070000000010000;5418389,540300000500000;8,780883726000001;48,918234853999998
42597;42598;08;4;35;057;2016;12;16;4;3;8;1;0;1;1;1;0;0;0;0;544084,682500000000000;5280276,866999999600000;9,587297891000000;47,674378873000002
42603;42604;08;3;11;000;2016;12;13;3;3;3;2;0;0;1;1;0;0;0;0;411840,231000000030000;5315203,256000000100000;7,818517868000000;47,984053957000000
42623;42624;08;1;18;076;2016;12;06;2;2;6;4;2;1;0;1;1;0;0;0;504485,313299999980000;5423231,626500000200000;9,061276302000000;48,961984723999997
42627;42628;08;4;37;031;2016;12;16;6;3;6;4;2;0;0;1;1;0;0;0;516062,012600000020000;5344120,728600000000000;9,216369360000000;48,250097242999999
42631;42632;08;4;35;066;2016;12;07;4;2;5;3;2;0;1;1;0;0;0;0;517830,793400000020000;5286139,037999999700000;9,237787660000000;47,728381366000001
42637;42638;08;2;15;007;2016;12;07;2;3;6;2;1;1;0;1;1;0;0;0;478004,685000000000000;5431662,173000000400000;8,699055570000001;49,037446570999997
42643;42644;08;2;21;000;2016;12;07;4;3;3;2;2;0;1;1;0;0;0;0;476922,318800000010000;5475888,294499999800000;8,681700546000000;49,435225768999999
42650;42651;08;1;16;077;2016;12;11;5;2;5;3;0;1;1;1;0;0;0;0;516304,277999999990000;5391762,643600000100000;9,221489946000000;48,678696318999997
42662;42663;08;3;17;096;2016;12;19;4;3;0;7;2;0;0;0;1;0;0;1;421751,663100000010000;5370147,403599999800000;7,941173618000000;48,479582293000000
42663;42664;08;2;36;043;2016;12;07;4;2;0;1;0;1;1;0;0;0;0;0;469721,133399999990000;5410520,452100000300000;8,587292100999999;48,846915592000002
42672;42673;08;4;16;006;2016;12;16;4;3;6;4;0;1;0;1;1;0;0;0;498000,473699999970000;5360070,426900000300000;8,972988880000001;48,393791981000000
42721;42722;08;1;17;026;2016;12;17;4;3;5;3;2;1;1;1;0;0;0;0;548935,676699999950000;5393715,243599999700000;9,664990618999999;48,694555887000000
42723;42724;08;4;35;015;2016;12;13;5;2;6;4;0;0;0;1;1;0;0;0;519075,637400000010000;5296766,387099999900000;9,254855294000000;47,823964818999997
42736;42737;08;1;18;079;2016;12;06;4;2;6;6;2;0;0;1;1;0;0;0;510753,852100000020000;5422679,400000000400000;9,146899419000000;48,956939812999998
42738;42739;08;2;36;046;2016;12;10;3;2;6;4;0;0;0;1;1;0;0;0;484187,521300000020000;5418188,141699999600000;8,784173574000000;48,916429325000003
42767;42768;08;2;31;000;2016;12;07;4;2;6;4;2;1;0;1;1;0;0;0;478159,103999999990000;5414909,567300000200000;8,702067337000001;48,886753095000003
42768;42769;08;4;15;061;2016;12;12;3;3;6;7;0;0;0;0;1;0;0;1;515408,152200000010000;5371324,349100000200000;9,208558419999999;48,494851994999998
42769;42770;08;1;18;079;2016;12;08;3;3;6;6;0;1;1;0;1;0;0;0;510242,857000000020000;5421731,309999999600000;9,139895315000000;48,948419792000003
42776;42777;08;1;19;020;2016;12;17;1;2;6;4;2;1;0;1;1;0;0;0;520545,142300000010000;5405805,124300000300000;9,279800802000001;48,804896106999998
42777;42778;08;4;35;035;2016;12;19;3;3;4;2;2;0;1;1;0;0;0;0;541987,690999999990000;5283186,610999999600000;9,559643081999999;47,700698152000001
42780;42781;08;3;17;096;2016;12;14;5;3;5;3;0;0;1;1;0;0;0;0;421755,274900000020000;5368818,260999999900000;7,941471227000000;48,467627231000002
42787;42788;08;2;16;043;2016;12;07;4;3;4;3;1;0;1;1;0;0;0;0;441021,944599999990000;5412078,362999999900000;8,195921646000000;48,858865229000003
42796;42797;08;1;11;000;2016;12;07;5;3;6;2;2;1;0;1;1;0;0;0;514952,859100000000000;5404594,531499999600000;9,203596964000001;48,794165470999999
42801;42802;08;2;22;000;2016;12;15;3;3;1;5;0;0;1;1;0;0;0;0;462698,479100000000000;5482543,825699999900000;8,484897449000000;49,494382784000003
42803;42804;08;1;26;066;2016;12;16;6;3;6;2;2;0;0;1;1;0;0;0;535716,070199999960000;5450890,660500000200000;9,490371332000001;49,209766408999997
42804;42805;08;4;26;021;2016;12;13;4;3;6;3;0;0;0;1;1;0;0;0;558585,971600000050000;5327170,041699999900000;9,786831935000000;48,095103197999997
42812;42813;08;3;27;046;2016;12;09;1;3;0;1;0;2;1;0;0;0;0;0;480615,493000000020000;5324426,487999999900000;8,739771885000000;48,072818382999998
42821;42822;08;3;35;097;2016;12;11;6;3;5;3;0;0;1;1;0;0;0;0;485035,327099999990000;5296633,309700000100000;8,800072426000000;47,822876256999997
42825;42826;08;3;15;111;2016;12;16;4;2;5;3;0;0;1;1;0;0;0;0;401542,525800000000000;5299159,813099999900000;7,684211776000000;47,838241867000001
42829;42830;08;4;15;050;2016;12;16;5;3;5;2;0;1;1;1;0;0;0;0;521416,620600000020000;5376749,573800000400000;9,290164258000001;48,543482621000003
42839;42840;08;4;37;078;2016;12;14;5;3;5;2;0;1;1;1;0;0;0;0;508755,175700000020000;5315542,764399999800000;9,117353097000001;47,993125042999999
42848;42849;08;4;37;104;2016;12;18;6;3;6;2;2;1;0;1;1;0;0;0;517736,543200000010000;5326645,639800000000000;9,238197323000000;48,092832016999999
42856;42857;08;1;11;000;2016;12;08;3;3;6;4;1;1;0;1;1;0;0;0;511237,345900000010000;5406306,328599999700000;9,153053893999999;48,809642873000001
42876;42877;08;1;17;015;2016;12;07;4;3;6;4;1;0;0;1;1;0;0;0;559719,966800000050000;5392853,529900000400000;9,811400641000001;48,685865583999998