FID;OBJECTID;ULAND;UREGBEZ;UKREIS;UGEMEINDE;UJAHR;UMONAT;USTUNDE;UWOCHENTAG;UKATEGORIE;UART;UTYP1;ULICHTVERH;IstStrasse;IstRad;IstPKW;IstFuss;IstKrad;IstGkfz;IstSonstig;LINREFX;LINREFY;XGCSWGS84;YGCSWGS84
42892;42893;08;1;27;008;2016;12;18;1;2;6;4;2;1;0;1;1;0;0;0;571482,275999999950000;5462221,068000000000000;9,983397027000001;49,308542557999999
42901;42902;08;1;11;000;2016;12;22;5;3;5;2;2;0;1;1;0;0;0;0;515809,769399999990000;5405501,513899999700000;9,215299419000001;48,802303367000000
42912;42913;08;2;31;000;2016;12;09;6;2;6;4;0;0;0;1;1;0;0;0;478448,071300000010000;5416008,570200000000000;8,705951128000001;48,896649476000000
42925;42926;08;1;15;028;2016;12;14;7;3;0;7;0;0;1;0;0;0;0;1;498871,713099999990000;5401369,774000000200000;8,984646134000000;48,765334461000002
42927;42928;08;3;35;043;2016;12;09;6;3;0;1;0;2;1;0;0;0;0;0;512189,842999999990000;5279367,980000000400000;9,162372269000001;47,667589126999999
42934;42935;08;1;17;010;2016;12;06;3;2;6;4;2;1;0;1;1;0;0;0;568621,958199999990000;5392829,856700000400000;9,932330271000000;48,684737376999998
42943;42944;08;3;11;000;2016;12;00;4;2;0;1;2;2;1;0;0;0;0;0;412332,634000000020000;5318603,208999999800000;7,824420720000000;48,014705210000002
42951;42952;08;4;35;016;2016;12;18;6;3;5;3;2;0;1;1;0;0;0;0;534392,451099999950000;5278023,781000000400000;9,458005095000001;47,654695132999997
42956;42957;08;4;35;059;2016;12;07;3;3;5;3;1;1;1;1;0;0;0;0;512689,173499999980000;5290676,231700000400000;9,169352866000001;47,769326550000002
42957;42958;08;1;21;000;2016;12;11;3;2;5;3;0;1;1;1;0;0;0;0;516233,893099999990000;5444481,388299999800000;9,222631294999999;49,152939175000000
42961;42962;08;2;21;000;2016;12;18;5;3;3;2;2;0;1;1;0;0;0;0;476375,773300000000000;5471805,748800000200000;8,674405446000000;49,398483018999997
42963;42964;08;4;15;061;2016;12;18;4;3;2;1;2;1;1;1;0;0;0;0;515366,226599999990000;5370789,178899999700000;9,207971245000000;48,490038441999999
42970;42971;08;2;36;019;2016;12;06;5;3;6;2;2;0;0;1;1;0;0;0;488404,247500000000000;5409329,196999999700000;8,841979120000000;48,836829588000001
42992;42993;08;1;19;041;2016;12;06;5;3;5;3;2;1;1;1;0;0;0;0;526134,962900000040000;5411477,337000000300000;9,356287844000001;48,855711763000002
42994;42995;08;2;11;000;2016;12;10;7;2;0;1;0;2;1;0;0;0;0;0;447786,389000000020000;5398663,949000000000000;8,289842408000000;48,738805618000001
42995;42996;08;1;21;000;2016;12;17;1;3;6;7;2;0;0;1;1;0;0;0;514780,529199999990000;5446253,821300000000000;9,202765106999999;49,168919463000002
43002;43003;08;2;22;000;2016;12;19;7;3;6;4;2;0;0;1;1;0;0;0;466063,922599999990000;5475071,091400000300000;8,532010213000000;49,427366161999998
43006;43007;08;3;17;121;2016;12;07;3;3;6;4;1;0;0;1;1;0;0;0;422339,976800000000000;5344364,679499999600000;7,953893470000000;48,247736883999998
43031;43032;08;1;26;011;2016;12;05;4;1;6;4;2;0;0;0;1;0;0;1;530206,310999999990000;5447403,254999999900000;9,414464029000000;49,178693307000003
43043;43044;08;3;27;046;2016;12;15;3;2;6;4;0;1;0;1;1;0;0;0;480849,309699999980000;5324265,589700000400000;8,742917945000000;48,071377849000001
43049;43050;08;1;11;000;2016;12;20;2;3;6;2;2;0;0;1;1;0;0;0;513308,514000000020000;5404370,668999999800000;9,181200561000001;48,792188998999997
43061;43062;08;2;15;110;2016;12;16;4;2;6;4;2;0;0;1;1;0;0;0;462212,691899999980000;5418777,516900000200000;8,484190911000001;48,920779725999999
43073;43074;08;4;36;081;2016;12;17;5;3;6;4;2;0;0;1;1;0;0;0;562543,685999999990000;5281965,003999999700000;9,833428462000001;47,688044486999999
43087;43088;08;4;16;048;2016;12;16;3;3;6;6;1;1;1;0;1;0;0;0;495536,777200000010000;5375406,416600000100000;8,939543784000000;48,531748890000003
43092;43093;08;1;17;003;2016;12;10;7;3;6;3;0;0;0;1;1;0;0;0;541604,100100000040000;5393327,822399999900000;9,565327757000000;48,691602738999997
43095;43096;08;3;37;096;2016;12;09;4;3;5;3;0;1;1;1;0;0;0;0;420225,766000000000000;5266678,291000000200000;7,939785565000000;47,548624265999997
43096;43097;08;2;36;040;2016;12;13;2;3;3;6;0;0;1;1;0;0;0;0;491154,112900000010000;5421114,697700000400000;8,879197619999999;48,942894504999998
43110;43111;08;1;18;081;2016;12;21;6;3;6;4;2;0;0;1;1;0;0;0;518368,119100000010000;5411692,340400000100000;9,250416394000000;48,857924447999999
43121;43122;08;1;27;025;2016;12;15;5;3;6;4;0;0;0;1;1;0;0;0;556260,378499999990000;5427616,094200000200000;9,769174273000001;48,998878277999999
43137;43138;08;3;17;141;2016;12;10;2;2;6;2;0;0;0;1;1;0;0;0;418313,070899999990000;5377087,244500000000000;7,893294109000000;48,541566721000002
43147;43148;08;4;36;082;2016;12;11;5;3;6;4;0;0;0;0;1;1;0;0;548297,217599999970000;5295524,077600000400000;9,645106607000001;47,811257417000000
43151;43152;08;1;16;027;2016;12;15;4;3;6;4;0;1;0;0;1;1;0;0;534154,001799999970000;5393334,992999999800000;9,464098244000001;48,692119507000001
43173;43174;08;1;18;018;2016;12;16;6;3;0;7;0;0;1;0;0;0;0;0;511664,073199999980000;5428676,947800000200000;9,159505233000001;49,010874891999997
43177;43178;08;3;15;003;2016;12;15;6;2;5;3;0;0;1;1;0;0;0;0;412584,033700000030000;5312077,541500000300000;7,829119667000000;47,956039140999998
43179;43180;08;3;36;050;2016;12;11;5;3;5;3;0;0;1;1;0;0;0;0;399248,331000000010000;5275279,680100000500000;7,659087005000000;47,623081423999999
43182;43183;08;4;36;082;2016;12;06;3;3;0;3;2;0;1;0;0;0;0;1;547714,944499999980000;5295666,083800000100000;9,637345311000001;47,812578477999999
43190;43191;08;1;11;000;2016;12;17;2;3;6;2;2;1;0;1;1;0;0;0;517227,531900000000000;5406886,067300000200000;9,234664636000000;48,814720911000002
43196;43197;08;4;36;064;2016;12;11;3;2;6;4;0;0;0;1;1;0;0;0;543531,967700000040000;5292199,090099999700000;9,581126996000000;47,781682390999997
43201;43202;08;1;11;000;2016;12;17;7;3;5;2;1;0;1;1;0;0;0;0;512901,646000000010000;5401961,333999999800000;9,175585306000000;48,770523396000002
43212;43213;08;2;12;000;2016;12;11;5;3;3;2;0;0;1;1;0;0;0;0;455242,663999999990000;5429265,722000000100000;8,387899263000000;49,014658025000003
43214;43215;08;1;36;027;2016;12;16;6;3;8;7;0;0;1;0;0;0;0;0;554442,893599999950000;5420406,861300000000000;9,743363842999999;48,934194841999997
43223;43224;08;2;11;000;2016;12;14;2;3;6;3;0;0;0;1;1;0;0;0;446727,631899999980000;5402543,372499999600000;8,274941395000001;48,773612472000003
43228;43229;08;4;35;036;2016;12;14;5;3;6;4;0;0;0;1;1;0;0;0;520396,041099999970000;5282510,745400000400000;9,271827064000000;47,695659679999999
43242;43243;08;3;35;075;2016;12;13;6;3;6;2;0;0;0;1;1;0;0;0;487755,844500000010000;5289901,551900000300000;8,836608260000000;47,762364963000003
43248;43249;08;2;31;000;2016;12;17;1;3;6;2;2;0;0;1;1;0;0;0;477652,371600000010000;5415376,950400000400000;8,695129518000000;48,890939449999998
43257;43258;08;1;18;059;2016;12;07;4;3;6;4;2;0;0;1;1;0;0;0;502143,107900000000000;5419345,491399999700000;9,029257725000001;48,927038768000003
43282;43283;08;1;27;043;2016;12;17;5;2;6;4;2;0;0;1;1;0;0;0;565982,128499999990000;5446203,767500000100000;9,905104283000000;49,165100131000003
43292;43293;08;1;21;000;2016;12;05;3;3;5;3;2;1;1;1;0;0;0;0;512919,898999999980000;5440476,707000000400000;9,177055155000000;49,116994296000001
43303;43304;08;4;36;081;2016;12;06;4;2;6;4;2;1;0;1;1;0;0;0;559136,877499999940000;5279193,057199999700000;9,787660031000000;47,663426448000003
43311;43312;08;2;16;007;2016;12;17;5;3;5;3;2;0;1;1;0;0;0;0;436537,087999999990000;5394255,985000000300000;8,137535260000000;48,698111408999999
43313;43314;08;4;26;108;2016;12;15;2;2;0;1;0;1;1;0;0;0;0;0;570207,044100000060000;5333895,880599999800000;9,943995348000000;48,154432755999999
43318;43319;08;1;18;077;2016;12;11;3;3;8;7;0;0;1;0;0;0;0;0;512775,342500000030000;5422944,097900000400000;9,174521500000001;48,959282471000002
43320;43321;08;2;11;000;2016;12;16;2;3;6;6;2;0;0;0;1;0;0;1;443272,964400000000000;5401806,394100000200000;8,228027923000001;48,766677860000001
43321;43322;08;1;11;000;2016;12;15;2;2;5;3;0;0;1;1;0;0;0;0;519334,326000000000000;5401126,563000000100000;9,263091006000000;48,762847268999998
43331;43332;08;2;36;039;2016;12;18;5;3;6;4;2;1;0;1;1;0;0;0;490030,698500000000000;5412249,085000000000000;8,864072395999999;48,863124642000002
43333;43334;08;4;17;013;2016;12;06;5;2;2;6;2;1;1;1;0;0;0;0;510665,449499999990000;5356772,638399999600000;9,143993070000001;48,364036183000003
43348;43349;08;1;26;056;2016;12;02;6;2;4;6;2;1;1;1;0;0;0;0;557443,639100000030000;5466510,653500000000000;9,790903992000001;49,348606126999996
43355;43356;08;2;26;103;2016;12;14;3;3;5;3;0;0;1;1;0;0;0;0;471533,979100000000000;5457181,221900000200000;8,608720267000001;49,266729912999999
43379;43380;08;4;15;061;2016;12;14;5;3;5;3;0;0;1;1;0;0;0;0;514742,159400000000000;5371014,429800000000000;9,199532932000000;48,492079830999998
43380;43381;08;2;12;000;2016;12;13;3;2;5;2;0;0;1;0;0;0;1;0;459059,435799999980000;5428339,289599999800000;8,440188093000000;49,006589685999998
43388;43389;08;1;35;019;2016;12;17;5;3;6;2;2;0;0;1;1;0;0;0;585126,454000000030000;5392250,758000000400000;10,156405829000001;48,677496097000002
43399;43400;08;3;17;096;2016;12;10;6;3;5;3;0;0;1;1;0;0;0;0;420850,836499999980000;5368360,872299999900000;7,929324351000000;48,463399899000002
43402;43403;08;4;35;016;2016;12;14;5;2;5;3;0;0;1;1;0;0;0;0;534370,873700000000000;5279483,175300000200000;9,457832549000001;47,667827082999999
43407;43408;08;1;11;000;2016;12;07;6;3;5;3;2;0;1;1;0;0;0;0;515308,916900000010000;5399434,211699999900000;9,208252918000000;48,747735001000002
43408;43409;08;2;15;102;2016;12;19;5;3;4;2;2;0;1;1;0;0;0;0;457246,513500000000000;5437990,012900000400000;8,414381248000000;49,093275677000001
43409;43410;08;1;19;041;2016;12;07;3;2;5;3;2;0;1;1;0;0;0;0;526032,513299999990000;5411404,856399999900000;9,354886607999999;48,855064059000000
43410;43411;08;1;11;000;2016;12;08;3;3;6;4;0;0;0;1;1;0;0;0;511691,069100000020000;5406510,394399999600000;9,159239442000001;48,811470254000000
43411;43412;08;2;16;043;2016;12;11;2;3;5;3;0;0;1;1;0;0;0;0;443228,314000000010000;5412256,099000000400000;8,225974644000001;48,860669807999997
43412;43413;08;1;15;003;2016;12;18;2;3;5;3;2;0;1;1;0;0;0;0;498883,838600000020000;5391592,528300000400000;8,984837599000001;48,677377860000000
43431;43432;08;1;18;040;2016;12;13;6;2;6;4;0;0;0;1;1;0;0;0;510502,393999999970000;5432225,130199999500000;9,143711309000000;49,042813596999999
43434;43435;08;4;36;064;2016;12;22;3;2;6;4;2;1;0;1;1;0;0;0;547009,989300000020000;5293942,919099999600000;9,627742740000000;47,797127136000000
43440;43441;08;1;19;067;2016;12;22;5;3;0;1;2;2;1;0;0;0;0;0;539069,986299999990000;5406143,905500000300000;9,532111074000000;48,807055194000000
43444;43445;08;2;11;000;2016;12;17;5;3;0;7;2;1;1;0;0;0;0;0;441338,620000000000000;5403426,254900000100000;8,201475888999999;48,781069346999999
43461;43462;08;1;11;000;2016;12;14;7;2;6;4;0;0;0;1;1;0;0;0;515558,636600000030000;5405959,821999999700000;9,211896854000001;48,806432579999999
43466;43467;08;4;15;050;2016;12;12;3;2;6;4;0;0;0;1;1;0;0;0;522861,987299999980000;5373069,551900000300000;9,309544773000001;48,510325289999997
43470;43471;08;1;18;046;2016;12;12;5;2;0;7;0;1;1;0;0;0;0;0;513832,610200000000000;5414289,097500000100000;9,188671071000000;48,881401994000001
43474;43475;08;4;36;055;2016;12;08;3;3;3;2;0;0;1;1;0;0;0;0;576410,152600000030000;5297130,415900000400000;10,020844465000000;47,822984024000000
43481;43482;08;4;26;113;2016;12;20;1;2;6;6;2;0;0;1;1;0;0;0;568941,004900000060000;5319961,638600000200000;9,924724363999999;48,029220711000001
43490;43491;08;2;15;009;2016;12;18;7;2;0;7;2;1;1;0;0;0;0;0;465640,354999999980000;5439389,121000000300000;8,529232874000000;49,106386882999999
43513;43514;08;4;35;035;2016;12;17;7;2;5;3;2;0;1;1;0;0;0;0;541990,740499999960000;5282330,620699999900000;9,559601312000000;47,692996407999999
43515;43516;08;2;16;017;2016;12;12;3;3;0;1;0;0;1;0;0;0;0;0;452276,305200000000000;5398039,348500000300000;8,350977830000000;48,733547199999997
43530;43531;08;1;15;002;2016;12;07;3;3;6;4;2;1;0;1;1;0;0;0;499872,165800000020000;5386664,387400000400000;8,998264968999999;48,633044513999998
43537;43538;08;1;11;000;2016;12;00;3;3;5;2;2;0;1;1;0;0;0;0;511496,394600000000000;5401919,055700000400000;9,156459396000001;48,770170612000001
43538;43539;08;2;12;000;2016;12;07;2;3;0;1;0;0;1;0;0;0;0;0;455635,254699999990000;5427089,001899999600000;8,393505843000000;48,995106556000003
43563;43564;08;4;36;011;2016;12;07;3;3;6;2;1;0;0;1;1;0;0;0;548616,112800000000000;5296650,970800000200000;9,649492242000001;47,821371945000003
43566;43567;08;1;17;026;2016;12;07;3;3;6;7;2;0;0;1;1;0;0;0;549002,649899999960000;5394492,709300000200000;9,665992913000000;48,701544308999999
43575;43576;08;2;22;000;2016;12;19;1;3;5;3;1;0;1;1;0;0;0;0;462925,617800000010000;5482898,817099999600000;8,488000603000000;49,497589671000000
43595;43596;08;1;36;050;2016;12;07;6;2;6;4;1;0;0;1;1;0;0;0;581021,780400000050000;5403593,673800000000000;10,102885778999999;48,780064736000000
43599;43600;08;4;15;061;2016;12;00;5;3;6;4;2;1;0;1;1;0;0;0;515194,935300000010000;5371377,097900000400000;9,205674342000000;48,495331735000001
43602;43603;08;4;35;016;2016;12;07;6;3;5;3;2;1;1;1;0;0;0;0;536818,775000000020000;5279791,320000000300000;9,490464268000000;47,670464838000001
43621;43622;08;2;22;000;2016;12;18;7;3;5;2;2;0;1;0;0;0;0;1;461787,789800000030000;5481017,858199999700000;8,472469652999999;49,480600836000001
43638;43639;08;1;18;021;2016;12;10;4;2;6;4;0;1;0;1;1;0;0;0;521872,723999999990000;5427917,199000000000000;9,299065227000000;49,003763163000002
43639;43640;08;1;35;016;2016;12;17;3;3;0;4;2;0;0;1;1;0;0;0;590931,868299999970000;5385886,800800000300000;10,233853955000001;48,619439624999998
43643;43644;08;3;35;063;2016;12;10;7;2;6;7;0;1;0;1;1;0;0;0;497624,746300000000000;5287931,489099999900000;8,968314201000000;47,744751100000002
43653;43654;08;2;16;043;2016;12;10;5;3;6;2;0;0;0;1;1;0;0;0;441583,334700000010000;5411500,734899999600000;8,203657013999999;48,853722599000001
43660;43661;08;1;11;000;2016;12;20;6;3;6;4;2;0;0;1;1;0;0;0;515802,905399999990000;5405519,543600000400000;9,215206639000000;48,802465734000002
43669;43670;08;2;22;000;2016;12;12;7;2;6;2;0;1;0;1;1;0;0;0;462906,961000000010000;5479123,392000000000000;8,488097074000001;49,463630451999997
43877;43878;08;4;35;036;2016;12;18;6;2;5;3;2;1;1;1;0;0;0;0;520258,657200000020000;5282981,825600000100000;9,270017993000000;47,699902575999999
43911;43912;08;3;25;070;2016;12;11;7;3;2;6;0;1;1;1;0;0;0;0;461939,850600000010000;5349829,159900000300000;8,486791199000001;48,300513131000002
43954;43955;08;3;16;010;2016;12;11;7;3;5;2;0;1;1;1;0;0;0;0;431024,571500000020000;5335776,917999999600000;8,072257425000000;48,171488900999996
43989;43990;08;3;16;011;2016;12;06;6;3;4;3;2;0;1;0;0;0;0;0;415858,008500000000000;5328975,510099999600000;7,869643654000000;48,108481572000002
108973;108974;08;3;37;116;2016;01;06;2;2;6;4;2;1;0;0;1;0;0;1;417689,886400000020000;5275121,057099999900000;7,904505681000000;47,624260563000000
108978;108979;08;3;11;000;2016;01;18;3;2;6;7;2;0;0;1;1;0;0;0;413118,055700000030000;5316607,337799999900000;7,835354895000000;47,996859000000001
108985;108986;08;2;12;000;2016;01;18;2;3;6;2;2;1;0;1;1;0;0;0;455530,740200000000000;5428880,475200000200000;8,391880967000001;49,011213527000002
108987;108988;08;1;19;067;2016;01;17;2;2;5;3;1;1;1;1;0;0;0;0;539152,028399999950000;5404940,761099999800000;9,533113671000001;48,796227100000003
108989;108990;08;3;26;012;2016;01;18;7;3;6;4;1;1;0;0;1;0;0;1;462435,098699999970000;5311949,880800000400000;8,496809249000000;47,959756769999998
108990;108991;08;2;22;000;2016;01;00;6;3;6;7;2;1;0;1;1;0;0;0;461319,672700000000000;5483170,649500000300000;8,465796787000000;49,499934375000002
108997;108998;08;3;27;046;2016;01;20;4;2;6;4;2;1;0;1;1;0;0;0;480248,355300000000000;5324731,334400000100000;8,734829191999999;48,075549811000002
109000;109001;08;1;19;067;2016;01;06;6;3;6;6;2;1;0;1;1;0;0;0;538761,140900000000000;5406143,607400000100000;9,527904933000000;48,807071852000000
109006;109007;08;4;26;021;2016;01;09;3;3;8;1;0;0;1;0;0;0;0;0;558768,212599999970000;5327178,167000000400000;9,789280378999999;48,095159510999999
109011;109012;08;1;21;000;2016;01;15;7;3;6;2;0;1;1;1;1;0;0;0;515982,867199999980000;5443526,951999999600000;9,219150888000000;49,144360302999999
109013;109014;08;1;17;026;2016;01;07;3;2;6;4;1;1;0;1;1;0;0;0;548302,606999999960000;5394875,247100000300000;9,656524073000000;48,705040025999999
109018;109019;08;3;36;081;2016;01;07;3;3;5;3;1;1;1;1;0;0;0;0;411388,245899999980000;5277996,433500000300000;7,820070334000000;47,649295545999998
109032;109033;08;3;35;043;2016;01;20;3;3;5;2;2;0;1;1;0;0;0;0;512626,763099999980000;5278757,851700000500000;9,168174514000000;47,662091005999997
109033;109034;08;1;16;078;2016;01;11;7;2;6;4;0;1;0;1;1;0;0;0;510002,185600000030000;5394381,801099999800000;9,135941182000000;48,702391245999998
109040;109041;08;1;18;048;2016;01;15;2;3;3;2;0;0;1;1;0;0;0;0;513739,495999999980000;5415705,565800000000000;9,187448661000000;48,894146251999999
109043;109044;08;2;12;000;2016;01;22;6;2;0;7;2;0;1;0;0;0;0;0;457368,782699999980000;5427796,397599999800000;8,417128714000000;49,001591822999998
109044;109045;08;1;28;007;2016;01;18;2;3;6;4;2;1;0;1;1;0;0;0;555732,772600000030000;5482317,109899999600000;9,769570448000000;49,490930521000003
109051;109052;08;1;19;008;2016;01;18;3;3;6;2;2;1;0;1;1;0;0;0;531530,206000000010000;5422460,141400000100000;9,430685283000001;48,954256974000003
109052;109053;08;1;28;007;2016;01;15;7;3;6;7;0;1;0;1;1;0;0;0;555907,446000000000000;5482726,253999999700000;9,772040025000001;49,494594305000000
109062;109063;08;1;16;019;2016;01;22;4;2;6;7;2;0;0;1;1;0;0;0;521869,347499999970000;5398751,223500000300000;9,297459577000000;48,741395083000000
109064;109065;08;1;18;048;2016;01;15;7;3;5;3;0;1;1;1;0;0;0;0;516158,224800000030000;5418400,287700000200000;9,220553922000001;48,918328795000001
109067;109068;08;1;15;028;2016;01;12;3;3;6;4;0;1;0;1;1;0;0;0;500853,490899999980000;5404825,775899999800000;9,011621584000000;48,796424952999999
109075;109076;08;4;25;072;2016;01;14;3;3;5;3;0;2;1;1;0;0;0;0;583164,452700000020000;5371777,678799999900000;10,125660910000001;48,493614977999997
109083;109084;08;3;15;006;2016;01;20;3;3;6;2;2;1;0;1;1;0;0;0;403038,742800000010000;5307763,929399999800000;7,702270409000000;47,915863926000000
109088;109089;08;2;12;000;2016;01;14;2;3;6;7;0;1;0;1;1;0;0;0;458242,374799999990000;5428378,724600000300000;8,429012307000001;49,006889667000003
109093;109094;08;3;15;039;2016;01;14;6;2;8;1;0;0;1;0;0;0;0;0;444264,122299999990000;5308452,131799999600000;8,253875608000000;47,926965031999998
109098;109099;08;3;15;074;2016;01;16;1;3;3;6;0;0;1;0;0;0;0;1;396421,150199999970000;5296038,641599999700000;7,616536017000000;47,809362725000000
109099;109100;08;3;11;000;2016;01;18;4;2;6;4;2;1;0;0;1;0;0;1;410952,170300000000000;5316637,118400000000000;7,806321651000000;47,996828886000003
109103;109104;08;2;11;000;2016;01;18;7;2;6;2;2;1;0;1;1;0;0;0;443986,500600000030000;5401164,087000000300000;8,237824641000000;48,760964815000001
109110;109111;08;1;11;000;2016;01;15;4;3;0;4;0;1;0;0;1;0;0;1;513943,123599999990000;5404480,262299999600000;9,189844687000001;48,793160982000003
109114;109115;08;1;11;000;2016;01;19;3;2;0;7;2;1;1;0;0;0;0;1;511920,633199999980000;5402278,180499999800000;9,162243427000000;48,773393294000002
109123;109124;08;4;15;093;2016;01;08;3;2;0;1;0;2;1;0;0;0;0;0;525125,509300000030000;5366518,812300000300000;9,339797835000001;48,451306561000003
109126;109127;08;3;26;052;2016;01;10;2;2;6;4;0;1;0;1;1;0;0;0;450234,508800000010000;5330796,476400000000000;8,331198153000001;48,128478074000000
109131;109132;08;3;11;000;2016;01;19;3;3;3;6;2;0;1;0;0;0;0;1;411968,381899999980000;5315907,010400000000000;7,820090622000000;47,990402087000000
109137;109138;08;3;35;043;2016;01;12;3;3;5;3;0;1;1;1;0;0;0;0;511408,755000000000000;5280077,418999999800000;9,151986520000000;47,673986679999999
109144;109145;08;1;18;048;2016;01;13;2;3;5;4;0;0;0;1;1;0;0;0;512695,106499999990000;5417350,833499999700000;9,173251219999999;48,908968915000003
109147;109148;08;2;21;000;2016;01;02;6;3;0;1;2;1;1;0;0;0;0;0;473890,282000000010000;5472175,565000000400000;8,640126199999999;49,401707911000003
109151;109152;08;1;11;000;2016;01;17;1;3;6;7;2;1;0;1;1;0;0;0;512424,196500000020000;5408334,784799999600000;9,169280294000000;48,827867988000001
109152;109153;08;4;36;081;2016;01;21;6;3;5;3;2;0;1;1;0;0;0;0;561840,775299999980000;5281066,428399999600000;9,823935482000000;47,680027871000000
109158;109159;08;1;35;031;2016;01;11;7;3;5;3;0;1;1;1;0;0;0;0;595793,364500000030000;5378797,288700000400000;10,298167899999999;48,554951400999997
109168;109169;08;1;16;033;2016;01;13;4;3;3;6;0;1;1;1;0;0;0;0;533363,145999999950000;5387719,251699999900000;9,452899214000000;48,641643887000001
109170;109171;08;1;21;000;2016;01;12;7;3;6;3;0;1;1;0;1;0;0;0;515970,770599999990000;5442544,190299999900000;9,218946081000000;49,135520350000000
109179;109180;08;4;26;021;2016;01;06;3;3;6;4;2;1;0;1;1;0;0;0;558040,286100000030000;5327686,668499999700000;9,779574139999999;48,099800819999999
109188;109189;08;3;35;079;2016;01;19;3;3;6;4;2;1;0;1;1;0;0;0;500671,697700000020000;5299829,575500000300000;9,008978849000000;47,851808214000002
109194;109195;08;1;16;080;2016;01;13;2;3;5;3;0;0;1;1;0;0;0;0;520044,528600000020000;5396979,157499999700000;9,272553124000000;48,725515092000002
109195;109196;08;3;11;000;2016;01;17;2;2;6;4;2;1;0;1;1;0;0;0;412575,880799999980000;5317954,742399999900000;7,827814060000000;48,008905398000003
109197;109198;08;1;26;046;2016;01;15;2;3;0;1;0;1;1;0;0;0;0;0;549576,856799999950000;5459667,447800000200000;9,681749952000001;49,287745379000000
109198;109199;08;2;36;040;2016;01;18;3;2;6;2;2;1;0;1;1;0;0;0;488708,217300000020000;5422088,591400000300000;8,845768769999999;48,951615511000000
109199;109200;08;3;37;125;2016;01;17;7;3;6;4;2;1;0;1;1;0;0;0;447093,543599999980000;5273260,475200000200000;8,296035115000001;47,610590203000001
109204;109205;08;3;11;000;2016;01;14;4;3;6;3;0;1;0;1;1;0;0;0;411643,119000000010000;5316019,368999999900000;7,815708878000000;47,991367926000002
109205;109206;08;1;18;048;2016;01;14;3;3;5;3;0;1;1;1;0;0;0;0;513744,864699999980000;5415705,673700000200000;9,187521909999999;48,894147103999998
109212;109213;08;2;26;103;2016;01;15;3;2;5;3;0;1;1;1;0;0;0;0;473429,036100000030000;5457135,166600000100000;8,634771258000001;49,266400920000002
109213;109214;08;2;11;000;2016;01;17;7;3;0;7;2;0;0;0;1;0;0;1;443889,998900000010000;5401515,154000000100000;8,236463796000001;48,764114038000002
109214;109215;08;2;16;022;2016;01;11;6;2;6;2;0;1;0;1;1;0;0;0;434714,214299999990000;5404072,508299999900000;8,111209722000000;48,786222342000002
109228;109229;08;3;11;000;2016;01;17;6;3;2;6;2;1;1;1;0;0;0;0;414633,244499999970000;5317761,775600000300000;7,855431913000000;48,007447724999999
109234;109235;08;2;16;043;2016;01;06;1;3;5;3;2;1;1;1;0;0;0;0;441374,078199999990000;5412161,452499999700000;8,200710075000000;48,859645993999997
109237;109238;08;3;35;043;2016;01;19;5;3;5;3;2;1;1;1;0;0;0;0;511138,243399999980000;5281524,397599999800000;9,148419720000000;47,687010817999997
109238;109239;08;3;11;000;2016;01;08;2;2;5;3;1;1;1;1;0;0;0;0;413755,629299999970000;5317217,898199999700000;7,843776976000000;48,002437532000002
109243;109244;08;4;15;059;2016;01;07;2;3;6;2;2;1;0;1;1;0;0;0;516851,297599999990000;5367728,800400000100000;9,227947123000000;48,462468084000001
109244;109245;08;2;22;000;2016;01;12;2;3;6;7;0;0;0;1;1;0;0;0;464654,601399999990000;5485083,883100000200000;8,511681450999999;49,517346443000001
109245;109246;08;2;31;000;2016;01;17;5;3;6;2;2;1;0;1;1;0;0;0;478353,533799999980000;5415439,682000000000000;8,704691444000000;48,891528653999998
109246;109247;08;4;36;011;2016;01;00;7;3;6;7;2;1;0;1;1;0;0;0;548613,997600000000000;5297360,687800000400000;9,649543644000000;47,827757347000002
109247;109248;08;4;25;028;2016;01;10;6;2;0;1;0;2;1;0;0;0;0;0;579773,900999999950000;5340806,713999999700000;10,073906094000000;48,215469575000000
109249;109250;08;2;12;000;2016;01;09;5;3;0;3;0;2;1;1;0;0;0;0;457211,239899999990000;5428062,751799999700000;8,414946777000001;49,003976815999998
109253;109254;08;3;11;000;2016;01;17;3;2;5;2;2;1;1;0;0;0;0;1;414075,245700000030000;5317977,445200000000000;7,847908806000000;48,009312971999996
109259;109260;08;4;25;020;2016;01;17;4;1;5;3;1;1;1;1;0;0;0;0;558030,763400000050000;5362265,275899999800000;9,784188953999999;48,410869005999999
109260;109261;08;1;11;000;2016;01;09;4;3;6;7;0;1;0;1;1;0;0;0;506819,686400000010000;5398421,956799999800000;9,092754241000000;48,738779575000002
109261;109262;08;1;36;002;2016;01;07;2;2;6;4;2;1;0;1;1;0;0;0;573295,527099999950000;5416291,844100000300000;10,000003033000000;48,895236779000001
109263;109264;08;3;17;021;2016;01;18;6;3;6;4;2;1;0;1;1;0;0;0;425116,217200000010000;5373072,770399999800000;7,986169371000000;48,506305761999997
109265;109266;08;1;18;046;2016;01;19;3;2;6;4;2;1;0;1;1;0;0;0;513310,675700000020000;5412266,575799999800000;9,181486319999999;48,863219278999999
109266;109267;08;4;36;064;2016;01;07;5;3;5;2;2;0;1;1;0;0;0;0;545371,587999999990000;5292321,792399999700000;9,605696314999999;47,782659391000003