FID;OBJECTID;ULAND;UREGBEZ;UKREIS;UGEMEINDE;UJAHR;UMONAT;USTUNDE;UWOCHENTAG;UKATEGORIE;UART;UTYP1;ULICHTVERH;IstStrasse;IstRad;IstPKW;IstFuss;IstKrad;IstGkfz;IstSonstig;LINREFX;LINREFY;XGCSWGS84;YGCSWGS84
109608;109609;08;1;21;000;2016;01;12;5;3;3;6;0;0;1;1;0;0;0;0;515722,181099999990000;5445072,051199999600000;9,215636802000001;49,158265686999997
109612;109613;08;3;26;074;2016;01;05;1;3;6;4;2;2;0;1;1;0;0;0;465102,572600000010000;5322795,571300000000000;8,531656786999999;48,057485051000000
109613;109614;08;3;36;050;2016;01;20;7;3;3;6;2;0;1;1;0;0;0;0;398745,956000000010000;5272503,608000000000000;7,653044204000000;47,598031458000001
109614;109615;08;1;11;000;2016;01;23;2;3;0;1;2;1;1;0;0;0;0;0;516081,199900000010000;5405854,321800000000000;9,219009585000000;48,805470213000000
109615;109616;08;2;26;068;2016;01;08;7;2;0;7;0;2;1;0;0;0;0;1;468061,885200000020000;5459807,606999999800000;8,560786251000000;49,290182551000001
109616;109617;08;4;16;041;2016;01;17;6;3;1;7;2;0;1;1;0;0;0;0;504494,284600000010000;5372946,098299999700000;9,060850444000000;48,509614749999997
109617;109618;08;4;21;000;2016;01;23;5;3;5;3;2;0;1;1;0;0;0;0;572874,173199999960000;5360431,781800000000000;9,984426873000000;48,392834596999997
109621;109622;08;2;26;091;2016;01;13;6;3;6;1;0;1;0;0;1;0;0;1;493828,739799999980000;5460587,771900000100000;8,915119366000001;49,298003778000002
109622;109623;08;4;35;052;2016;01;07;6;3;0;1;2;2;1;0;0;0;0;0;524026,848400000020000;5289595,872200000100000;9,320606690000000;47,759283107000002
109623;109624;08;3;35;043;2016;01;13;4;3;6;4;0;0;0;0;1;0;0;1;513309,327400000010000;5279722,172399999600000;9,177294850999999;47,670753959999999
109624;109625;08;2;22;000;2016;01;17;1;3;6;4;2;1;0;1;1;0;0;0;462349,422499999990000;5488124,073800000400000;8,479545071000000;49,544552385999999
109626;109627;08;1;21;000;2016;01;17;6;3;6;2;2;1;0;1;1;0;0;0;514900,661000000020000;5442835,060999999800000;9,204286614999999;49,138163718999998
109627;109628;08;3;11;000;2016;01;11;3;3;3;2;0;1;1;1;0;0;0;0;412426,661299999980000;5318063,802299999600000;7,825791482000000;48,009865992000002
109629;109630;08;3;15;006;2016;01;16;6;3;5;3;0;0;1;1;0;0;0;0;403187,849700000020000;5308293,791799999800000;7,704146497000000;47,920652576999998
109631;109632;08;3;11;000;2016;01;14;2;3;5;2;0;0;1;0;0;1;0;0;414486,857699999990000;5318307,726499999900000;7,853360743000000;48,012339183999998
109635;109636;08;2;21;000;2016;01;17;6;2;5;2;2;1;0;1;1;0;0;0;476600,036000000020000;5469627,165000000000000;8,677624483000001;49,378895612999997
109636;109637;08;4;35;016;2016;01;08;6;2;6;4;0;1;1;0;1;0;0;0;535592,484500000020000;5277974,688600000000000;9,473981416999999;47,654188523000002
109637;109638;08;3;17;089;2016;01;10;4;3;6;7;0;0;0;1;1;0;0;0;432071,212600000030000;5375636,256299999500000;8,079900301000000;48,530155610000001
109640;109641;08;4;21;000;2016;01;14;2;3;6;4;0;0;0;1;1;0;0;0;572838,139199999980000;5361113,683299999700000;9,984058473999999;48,398972626000003
109641;109642;08;2;22;000;2016;01;06;2;3;4;2;2;2;1;1;0;0;0;0;462619,801400000000000;5482863,074900000400000;8,483780822000000;49,497249420999999
109645;109646;08;4;36;055;2016;01;14;7;3;6;7;0;1;0;1;1;0;0;1;577193,712000000060000;5298762,156000000400000;10,031602017000001;47,837569590000001
109646;109647;08;2;31;000;2016;01;14;2;3;6;4;0;0;0;1;1;0;0;0;478513,967300000020000;5415037,331399999600000;8,706901259000000;48,887914823999999
109647;109648;08;2;21;000;2016;01;12;6;1;6;4;0;1;0;0;1;0;0;1;478528,425899999970000;5473092,984299999700000;8,704003772000000;49,410141264000004
109648;109649;08;1;11;000;2016;01;07;2;3;6;4;2;1;0;1;1;0;0;0;508331,641000000000000;5406746,251899999600000;9,113486898000000;48,813646128999999
109650;109651;08;2;12;000;2016;01;13;4;3;5;3;0;0;1;1;0;0;0;0;454610,692900000020000;5428520,739500000100000;8,379340269000000;49,007910686000002
109652;109653;08;2;22;000;2016;01;09;6;2;6;7;0;0;0;0;1;0;0;1;461575,722200000020000;5482203,401999999800000;8,469426910999999;49,491250786000002
109654;109655;08;1;19;068;2016;01;10;6;3;6;7;0;2;0;1;1;0;0;0;525857,859999999990000;5413442,267300000400000;9,352634451000000;48,873399216000003
109655;109656;08;3;35;043;2016;01;11;2;3;5;3;0;1;1;1;0;0;0;0;513630,780000000030000;5279952,940499999600000;9,181584132999999;47,672823635999997
109656;109657;08;2;11;000;2016;01;12;2;2;6;3;0;2;0;1;1;0;0;0;444146,448299999990000;5401029,053899999700000;8,240019174000000;48,759764537999999
109658;109659;08;3;16;056;2016;01;19;7;2;6;2;2;1;0;1;1;0;0;0;423177,684599999980000;5326942,118999999900000;7,968324315000000;48,091115109000000
109659;109660;08;3;35;063;2016;01;15;6;3;8;6;0;0;1;0;0;0;1;0;495707,663799999980000;5288631,888000000300000;8,942733488000000;47,751043084999999
109663;109664;08;2;22;000;2016;01;15;2;2;6;4;0;0;0;1;1;0;0;0;464834,395699999990000;5484169,114199999700000;8,514246816000000;49,509129021000000
109664;109665;08;1;36;088;2016;01;17;7;3;6;2;1;1;0;1;1;0;0;0;577246,054800000040000;5414345,880500000000000;10,053524752000000;48,877254315999998
109665;109666;08;1;28;115;2016;01;13;6;3;6;4;0;0;0;1;1;0;0;0;547888,695799999990000;5497060,973799999800000;9,663058969000000;49,624208736999996
109667;109668;08;2;37;040;2016;01;10;2;3;6;7;0;1;0;1;1;0;0;0;474465,756100000000000;5370823,062300000300000;8,654411692000000;48,490012360999998
109668;109669;08;1;18;048;2016;01;15;6;3;6;4;0;1;0;0;1;0;0;1;513669,989000000000000;5415437,945600000200000;9,186491424000000;48,891740349000003
109669;109670;08;4;25;031;2016;01;02;1;3;6;1;2;1;0;1;1;0;0;0;569604,236900000020000;5368903,729000000300000;9,941668160000001;48,469411692000001
109670;109671;08;2;21;000;2016;01;13;7;3;6;7;0;1;0;1;1;0;0;0;477005,867800000010000;5473378,855999999700000;8,682998327000000;49,412657000000003
109671;109672;08;4;15;080;2016;01;15;6;3;6;2;0;0;0;1;1;0;0;0;510817,711599999980000;5373525,363300000300000;9,146481406000000;48,514748928000003
109672;109673;08;3;11;000;2016;01;17;5;3;5;2;2;1;1;1;0;0;0;0;414610,413500000020000;5317484,558500000300000;7,855181057000000;48,004951001999999
109673;109674;08;3;35;043;2016;01;16;3;2;5;3;0;1;1;0;0;0;0;1;511286,003600000000000;5282162,496100000100000;9,150405159000000;47,692749638000002
109674;109675;08;4;26;070;2016;01;15;4;3;6;4;0;0;0;1;1;0;0;0;561480,749500000030000;5340564,315600000300000;9,827641515000000;48,215325403000001
109676;109677;08;2;16;015;2016;01;09;6;3;4;2;0;1;1;1;0;0;0;0;449857,772999999990000;5405836,218000000300000;8,317138819000000;48,803492759999997
109677;109678;08;4;21;000;2016;01;15;6;3;6;4;0;2;0;1;1;0;0;0;571237,795700000020000;5360320,811599999700000;9,962306186999999;48,392023383999998
109679;109680;08;2;16;033;2016;01;13;6;3;0;1;0;2;1;0;0;0;0;0;446636,058100000020000;5413753,954199999600000;8,272236427999999;48,874445682999998
109680;109681;08;4;15;061;2016;01;11;6;3;5;3;0;1;1;1;0;0;0;0;516075,945499999970000;5373270,281899999800000;9,217672278000000;48,512341517999999
109683;109684;08;3;15;006;2016;01;12;7;3;5;3;0;0;1;1;0;0;0;0;403121,605199999990000;5308089,628800000100000;7,703305933000000;47,918806121000003
109685;109686;08;3;17;057;2016;01;07;3;3;2;6;1;0;1;1;0;0;0;0;413394,999599999980000;5373433,066999999800000;7,827436577000000;48,508039603999997
109686;109687;08;3;11;000;2016;01;19;2;3;0;7;2;0;1;1;0;0;0;0;415360,885899999990000;5315532,927699999900000;7,865625524000000;47,987495070999998
109689;109690;08;3;36;091;2016;01;15;2;3;5;3;0;0;1;0;0;0;0;1;396674,296600000000000;5272324,239699999800000;7,625535823000000;47,596091129999998
109690;109691;08;2;16;007;2016;01;07;6;3;1;5;0;2;1;1;0;0;0;0;436906,276799999990000;5394185,723700000000000;8,142562704000000;48,697516851000003
109691;109692;08;4;16;025;2016;01;08;6;3;6;4;0;2;0;1;1;0;0;0;503747,555799999970000;5361265,161700000100000;9,050635488999999;48,404532512999999
109692;109693;08;3;11;000;2016;01;14;4;2;6;1;0;1;0;0;1;0;0;1;414754,498000000020000;5315793,824000000000000;7,857448281000000;47,989761403000003
109699;109700;08;3;37;096;2016;01;06;6;2;5;3;2;0;1;1;0;0;0;0;420781,434000000010000;5267437,987499999800000;7,947032298000000;47,555526800999999
109701;109702;08;1;15;053;2016;01;09;1;3;0;1;0;1;1;0;0;0;0;0;483470,768999999970000;5380238,102000000000000;8,775913629000000;48,575014095999997
109702;109703;08;2;12;000;2016;01;07;6;3;6;4;2;0;0;0;1;0;0;1;459968,109600000030000;5426664,201100000200000;8,452777585000000;48,991581529000001
109703;109704;08;2;12;000;2016;01;08;5;3;6;6;0;0;1;0;1;0;0;0;456123,295500000010000;5428254,718600000300000;8,400051349000000;49,005627197000003
109709;109710;08;2;16;043;2016;01;05;2;3;5;3;2;0;1;1;0;0;0;0;440771,920700000020000;5413974,488500000000000;8,192238807000001;48,875896924000003
109713;109714;08;1;25;005;2016;01;07;6;3;6;2;1;1;0;1;1;0;0;0;515340,859600000030000;5453010,290300000500000;9,210709917999999;49,229681794999998
109714;109715;08;2;12;000;2016;01;19;5;3;2;4;1;0;0;1;1;0;0;0;454284,402899999990000;5428856,216099999800000;8,374841031000001;49,010904234999998
109716;109717;08;1;17;024;2016;01;16;6;3;6;5;2;2;0;1;1;0;0;0;561017,998499999990000;5385900,969100000300000;9,828009961999999;48,623200238999999
109718;109719;08;2;31;000;2016;01;19;7;3;6;4;2;1;0;1;1;0;0;0;477646,738000000010000;5415240,321000000500000;8,695060139000001;48,889710174999998
109719;109720;08;2;15;009;2016;01;17;7;3;5;3;2;1;1;1;0;0;0;0;470296,939499999980000;5441346,614699999800000;8,592887607000000;49,124237483000002
109722;109723;08;4;35;016;2016;01;11;3;3;5;3;0;1;1;1;0;0;0;0;535885,982899999940000;5278066,265200000300000;9,477897283000001;47,654996263000001
109723;109724;08;4;16;025;2016;01;12;4;3;6;7;0;1;0;1;1;0;0;0;503920,684000000010000;5360987,900999999600000;9,052972136999999;48,402037069999999
109728;109729;08;1;11;000;2016;01;19;4;3;6;4;2;0;0;1;1;0;0;0;517039,948399999990000;5408671,420699999700000;9,232183667999999;48,830786803000002
109729;109730;08;1;16;033;2016;01;16;5;2;5;3;0;0;1;1;0;0;0;0;534266,672499999990000;5387195,241100000200000;9,465120681000000;48,636881070000001
109730;109731;08;1;36;065;2016;01;15;2;2;0;1;0;2;1;0;0;0;0;0;559495,201000000000000;5405566,612400000000000;9,810183195000001;48,800242767000000
109732;109733;08;3;27;050;2016;01;14;6;3;6;6;0;2;0;1;1;0;0;0;485155,764499999990000;5314291,903900000300000;8,801073690999999;47,981758487000000
109737;109738;08;3;11;000;2016;01;17;3;2;0;5;2;1;1;1;0;0;0;0;414277,307700000000000;5317684,687800000400000;7,850676035000000;48,006706649000002
109739;109740;08;3;11;000;2016;01;09;2;3;5;3;0;2;1;1;0;0;0;1;413336,052600000000000;5315353,508700000100000;7,838529647000000;47,985609955999998
109747;109748;08;1;11;000;2016;01;11;6;2;6;4;0;0;0;1;1;0;0;0;518702,087300000010000;5400770,518000000200000;9,254471755000001;48,759663641000003
109748;109749;08;3;27;050;2016;02;06;3;3;5;3;2;0;1;1;0;0;0;0;486878,864500000030000;5313587,270100000300000;8,824186210000001;47,975456438999998
109749;109750;08;1;18;080;2016;01;13;6;2;6;4;0;0;0;1;1;0;0;0;506578,715000000030000;5411201,285000000100000;9,089681491000000;48,853744044999999
109750;109751;08;1;11;000;2016;02;07;3;3;4;6;1;0;1;1;0;0;0;0;510309,225099999980000;5409919,782499999700000;9,140503670999999;48,842165098000002
109751;109752;08;3;11;000;2016;02;09;2;3;5;2;0;1;1;0;0;0;0;1;410111,928300000030000;5316944,011800000400000;7,794996559000000;47,999471872000001
109754;109755;08;3;11;000;2016;01;17;7;3;0;1;2;1;1;0;0;0;0;0;414246,872800000010000;5316327,143000000200000;7,850539408000000;47,994490945000003
109755;109756;08;3;17;096;2016;01;19;3;3;5;3;2;0;1;1;0;0;0;0;421420,014299999980000;5370480,836299999600000;7,936623984000000;48,482540112000002
109762;109763;08;3;11;000;2016;02;06;3;3;5;3;2;0;1;1;0;0;0;0;410258,899900000020000;5315737,648299999500000;7,797218598000000;47,988641026000003
109763;109764;08;4;15;061;2016;02;14;2;3;5;3;0;0;1;1;0;0;0;0;512914,348400000020000;5371312,633700000100000;9,174803132999999;48,494802808999999
109766;109767;08;4;36;064;2016;01;13;3;2;6;1;0;0;0;1;1;0;0;0;545449,803700000050000;5292485,998999999800000;9,606757602000000;47,784131248000001
109767;109768;08;2;15;108;2016;01;18;7;2;6;4;2;1;0;1;1;0;0;0;449307,434200000020000;5424354,261800000400000;8,307347735000001;48,970020480999999
109769;109770;08;3;35;043;2016;01;07;6;3;1;5;2;0;1;1;0;0;0;0;512943,498499999990000;5279268,934799999900000;9,172408201000000;47,666683304999999
109774;109775;08;3;17;096;2016;02;20;2;2;6;4;2;0;0;1;1;0;0;0;423079,754499999980000;5370737,347099999900000;7,959033136000000;48,485052705999998
109775;109776;08;1;28;115;2016;02;12;2;3;6;1;0;0;0;0;1;0;0;1;547585,249500000030000;5497038,966900000300000;9,658855127000001;49,624034791000000
109776;109777;08;4;25;033;2016;01;10;7;3;6;4;0;0;0;1;1;0;0;0;554095,921899999960000;5346676,824500000100000;9,729018368000000;48,270986633000000
109777;109778;08;1;17;026;2016;01;19;7;3;5;2;2;1;1;1;0;0;0;0;548725,048100000010000;5394345,742300000000000;9,662202960000000;48,700244015999999
109781;109782;08;2;26;096;2016;01;13;6;2;5;3;0;0;1;1;0;0;0;0;475993,439399999970000;5488394,996000000300000;8,668129515000000;49,547683784000000
109782;109783;08;3;17;065;2016;01;20;5;3;5;3;2;0;1;1;0;0;0;0;416122,368900000000000;5354619,008399999700000;7,868119501000000;48,339181897000003
109785;109786;08;1;16;027;2016;02;17;2;3;6;7;2;0;0;1;1;0;0;0;533767,976099999970000;5393949,278800000400000;9,458903170999999;48,697666513999998
109786;109787;08;3;11;000;2016;01;10;3;1;6;3;0;0;0;1;1;0;0;0;414407,152000000000000;5316686,279000000100000;7,852615760000000;47,997742987999999
109787;109788;08;3;11;000;2016;01;16;6;3;5;3;0;0;1;1;0;0;0;0;414494,272999999990000;5315363,016099999700000;7,854046988000000;47,985851369999999
109788;109789;08;1;36;082;2016;01;07;5;2;6;2;1;0;0;1;1;0;0;0;587238,820799999990000;5414559,189600000200000;10,189828199999999;48,877847228999997
109789;109790;08;2;21;000;2016;01;15;3;3;6;7;0;0;1;0;1;0;0;0;476737,895499999980000;5475608,493300000200000;8,679173340000000;49,432701985999998
109790;109791;08;3;17;097;2016;01;14;4;2;7;7;0;0;1;0;0;0;0;0;425241,734200000010000;5365144,111600000400000;7,989285915000000;48,435002083000001
109792;109793;08;3;17;122;2016;01;19;5;3;4;2;2;1;1;1;0;0;0;0;417748,781399999980000;5367289,252200000000000;7,887580596000000;48,453362939999998
109796;109797;08;1;11;000;2016;01;07;3;3;6;3;1;1;0;0;1;0;0;1;515397,358899999990000;5394888,341900000300000;9,209286252000000;48,706838247999997
109797;109798;08;4;16;036;2016;02;17;3;3;5;2;1;0;1;1;0;0;0;0;495336,654600000010000;5369863,864900000400000;8,936894978000000;48,481884506000000
109800;109801;08;4;21;000;2016;01;18;5;3;6;4;2;1;0;1;1;0;0;0;571263,835800000000000;5362809,897500000000000;9,963080529999999;48,414410469000003
109801;109802;08;3;16;036;2016;01;17;4;3;5;3;2;0;1;1;0;0;0;0;411500,540299999990000;5326281,131000000100000;7,811677220000000;48,083654750000001
109802;109803;08;1;25;026;2016;01;15;6;3;0;1;0;0;1;0;0;0;0;0;493099,518099999990000;5442119,233300000400000;8,905407069000001;49,131866529000000
109803;109804;08;4;25;072;2016;02;18;3;2;6;6;2;0;0;1;1;0;0;0;584121,870499999960000;5371639,484100000000000;10,138589422000001;48,492244520000000
109804;109805;08;1;11;000;2016;02;07;2;3;5;7;0;0;1;1;0;0;0;0;512555,630000000000000;5403551,775000000400000;9,170924782000000;48,784837961999997
109805;109806;08;1;25;021;2016;01;16;4;3;6;7;0;0;0;1;1;0;0;0;523676,392799999970000;5447411,511900000300000;9,324868528000000;49,179054368999999
109807;109808;08;4;15;061;2016;01;21;3;2;0;1;2;1;1;0;0;0;0;0;515136,062500000000000;5368773,955299999600000;9,204783165000000;48,471914323999997
109808;109809;08;1;11;000;2016;01;10;3;3;6;7;0;0;0;1;1;0;0;0;513310,702300000000000;5402314,666400000500000;9,181163775000000;48,773693334000001
109809;109810;08;1;15;050;2016;01;14;6;3;6;7;0;0;0;1;1;0;0;0;490662,655099999970000;5399674,221800000400000;8,872974891000000;48,750012296000001
109810;109811;08;1;21;000;2016;01;08;5;3;6;4;0;1;0;1;1;0;0;0;513192,931500000010000;5443579,920599999800000;9,180898324999999;49,144903040999999
109813;109814;08;2;16;009;2016;02;18;2;2;0;7;2;0;1;0;0;0;0;0;447278,219600000010000;5421170,307300000500000;8,280035521000000;48,941211094000003
109814;109815;08;1;11;000;2016;01;16;1;3;6;4;0;1;0;0;1;0;0;1;515838,819000000020000;5410163,748999999800000;9,215875070999999;48,844243300000002
109815;109816;08;3;25;049;2016;02;18;3;2;6;7;2;0;0;1;1;0;0;0;472368,864899999990000;5334036,142799999600000;8,628443908000000;48,158970638000000
109816;109817;08;4;36;055;2016;02;10;2;3;6;6;0;1;0;1;1;0;0;0;576584,083100000050000;5297545,850999999800000;10,023241259000001;47,826700604000003
109819;109820;08;1;16;056;2016;01;07;4;3;6;4;2;1;0;1;1;0;0;0;530776,595399999990000;5395677,937599999800000;9,418380698000000;48,713371995999999
109821;109822;08;3;17;001;2016;01;07;3;3;6;6;1;0;0;1;1;0;0;0;431418,654800000020000;5386828,197300000100000;8,069215914999999;48,630757134000000
109822;109823;08;4;16;048;2016;01;10;6;3;0;1;0;2;1;0;0;0;0;0;496135,153999999980000;5375650,905000000300000;8,947646776999999;48,533952362999997
109824;109825;08;3;15;047;2016;02;10;2;3;4;2;0;0;1;0;0;0;0;0;415905,221800000000000;5322338,791899999600000;7,871584200000000;48,048788442000003
109825;109826;08;1;19;079;2016;02;07;2;3;5;2;2;1;1;1;0;0;0;0;521590,203199999990000;5411392,359500000300000;9,294327356000000;48,855122133000002
109826;109827;08;3;37;066;2016;01;18;7;2;0;1;2;1;1;0;0;0;0;0;430282,559599999980000;5268369,478799999700000;8,073154613000000;47,564996964999999
109827;109828;08;1;16;019;2016;01;12;7;3;6;7;0;0;0;1;1;0;0;0;522341,659300000000000;5398593,528400000200000;9,303875160000001;48,739959712999998
109829;109830;08;3;16;011;2016;01;16;6;3;6;1;0;0;0;1;1;0;0;0;414833,065799999980000;5330268,958900000000000;7,855619135000000;48,119980175000002
109830;109831;08;2;12;000;2016;01;11;3;3;5;3;0;0;1;1;0;0;0;0;456556,714800000020000;5424556,134100000400000;8,406372749999999;48,972388535999997
109832;109833;08;3;11;000;2016;01;07;3;3;5;3;0;0;1;0;0;0;0;0;411872,667900000000000;5314318,953999999900000;7,819133922000000;47,976103860999999
109835;109836;08;3;16;024;2016;01;17;4;3;6;4;1;0;0;1;1;0;0;0;408550,161399999980000;5333982,019000000300000;7,770418428000000;48,152507235999998
109838;109839;08;2;35;046;2016;01;12;5;3;6;4;0;1;0;1;1;0;0;0;478931,562400000000000;5377366,168300000000000;8,714521860000000;48,549041430999999
109839;109840;08;1;11;000;2016;02;06;2;2;5;2;2;1;1;0;0;0;0;1;511802,388400000000000;5401127,540300000500000;9,160601073000001;48,763044452999999
109840;109841;08;3;35;043;2016;01;16;2;2;0;1;0;1;1;0;0;0;0;0;511322,893999999970000;5282200,327999999700000;9,150897767000000;47,693089391000001
109842;109843;08;2;11;000;2016;01;08;3;2;0;1;0;2;1;0;0;0;0;0;444482,151000000010000;5400018,925699999600000;8,244722780000000;48,750708244999998
109843;109844;08;4;21;000;2016;01;17;5;3;6;2;2;1;0;1;1;0;0;0;571139,495800000030000;5359515,228500000200000;9,960842075000000;48,384788012000001
109844;109845;08;3;11;000;2016;01;19;4;3;0;3;2;0;1;0;0;0;0;0;414505,913999999990000;5315432,977000000000000;7,854189039000000;47,986482252999998
109845;109846;08;1;17;026;2016;01;15;6;2;6;4;0;0;0;1;1;0;0;0;545532,579900000010000;5395189,959300000200000;9,618911228000000;48,708079411999996
109846;109847;08;1;36;065;2016;01;19;4;3;0;7;2;1;0;1;1;0;0;0;560273,124100000020000;5404991,929200000100000;9,820691194000000;48,794998544999999
109847;109848;08;3;36;050;2016;01;18;4;3;5;3;2;0;1;1;0;0;0;0;399247,415700000010000;5273469,974000000400000;7,659491013000000;47,606802383000002
109848;109849;08;2;22;000;2016;01;15;6;2;5;5;0;0;1;1;0;0;0;0;462836,358400000030000;5480356,880300000300000;8,487006922999999;49,474720771999998
109849;109850;08;4;36;082;2016;01;14;2;3;6;4;0;0;0;1;1;0;0;0;547584,336899999990000;5296031,454400000200000;9,635640968000001;47,815875362000000
109853;109854;08;1;19;008;2016;01;15;6;3;6;4;0;0;0;1;1;0;0;0;531566,943199999980000;5421459,441900000000000;9,431109516999999;48,945253366999999
109854;109855;08;1;11;000;2016;02;13;3;3;6;3;0;0;0;0;1;0;1;0;519649,211000000010000;5400099,435999999800000;9,267326708000001;48,753597479000000
109856;109857;08;1;18;049;2016;01;19;4;3;6;1;2;0;0;1;1;0;0;0;519386,313299999980000;5421172,144100000200000;9,264747513000000;48,943170711999997
109866;109867;08;2;12;000;2016;01;18;1;3;5;3;2;1;1;1;0;0;0;0;455034,140200000020000;5428497,592799999800000;8,385132759999999;49,007733479000002
109869;109870;08;3;16;009;2016;01;08;3;3;8;7;0;0;1;0;0;0;0;0;417029,784999999970000;5324646,747000000400000;7,886223279000000;48,069696600999997
109872;109873;08;2;15;017;2016;01;16;4;2;5;2;1;0;1;1;0;0;0;0;456596,967000000000000;5421636,915000000000000;8,407234001000001;48,946132411000001
109875;109876;08;2;31;000;2016;02;08;3;2;6;4;0;0;0;1;1;0;0;0;481432,603799999980000;5417357,572300000100000;8,746609517000000;48,908881305999998
109877;109878;08;1;36;065;2016;02;18;2;3;6;4;2;0;0;0;1;0;0;1;558510,227900000060000;5405672,848299999700000;9,796786707000001;48,801291855000002
109879;109880;08;1;18;048;2016;01;13;7;3;0;5;0;1;1;1;0;0;0;0;513528,671900000020000;5415702,908200000400000;9,184572305000000;48,894126984000003
109880;109881;08;3;11;000;2016;01;07;3;3;1;5;1;0;1;1;0;0;0;0;415215,382999999970000;5319311,658200000400000;7,862928909000000;48,021467018000003
109881;109882;08;3;17;026;2016;01;08;6;3;6;6;0;0;0;1;1;0;0;0;411669,563000000020000;5345257,578999999900000;7,810003312000000;48,254371057000000
109882;109883;08;1;18;048;2016;01;16;3;3;6;7;0;0;1;0;1;0;0;0;514254,030399999990000;5415606,528699999700000;9,194464984000000;48,893243716999997
109883;109884;08;2;31;000;2016;01;17;4;3;6;2;2;0;0;1;1;0;0;0;478442,423899999990000;5415955,149700000000000;8,705876897000000;48,896168727000003
109884;109885;08;2;15;106;2016;01;13;6;2;8;1;0;0;1;0;0;0;0;0;464365,773300000000000;5455508,172100000100000;8,510341989000001;49,251305352999999
109887;109888;08;4;21;000;2016;01;10;2;3;4;2;0;1;1;1;0;0;0;0;571390,052999999960000;5360201,912800000000000;9,964342420000000;48,390936635000003
109888;109889;08;4;36;064;2016;02;10;3;1;5;3;0;0;1;0;0;0;1;0;545347,038900000040000;5290558,940800000000000;9,605184546000000;47,766800674999999
109890;109891;08;2;12;000;2016;01;12;3;3;5;3;0;0;1;1;0;0;0;0;458839,253299999980000;5427250,211900000500000;8,437287899999999;48,996778591000002
109891;109892;08;3;11;000;2016;01;16;6;3;4;2;0;0;1;1;0;0;0;0;412054,549999999990000;5317179,285000000100000;7,820984565000000;48,001858417999998
109892;109893;08;1;15;029;2016;01;19;5;3;6;2;2;1;0;1;1;0;0;0;497535,928000000010000;5398905,607699999600000;8,966483357000000;48,743162965000003
109893;109894;08;1;36;065;2016;01;15;3;3;6;4;0;0;0;1;1;0;0;0;558886,634300000030000;5405961,595400000000000;9,801953461000000;48,803853603999997
109894;109895;08;2;26;096;2016;01;07;4;2;0;3;1;0;1;1;0;0;0;0;476451,018500000010000;5488174,945299999800000;8,674468204000000;49,545722480999999
109896;109897;08;2;26;059;2016;01;12;5;3;1;5;0;1;1;1;0;0;0;0;464968,227399999970000;5460015,136900000300000;8,518225512000001;49,291879717999997
109897;109898;08;4;17;023;2016;01;16;2;3;6;7;0;0;0;1;1;0;0;0;491833,771400000030000;5352867,906200000100000;8,889824307000000;48,328944053999997
109899;109900;08;4;15;061;2016;01;10;5;3;5;3;0;0;1;0;0;0;0;0;515894,993499999980000;5371438,432099999900000;9,215152398000001;48,495866196999998
109901;109902;08;1;18;067;2016;01;08;6;2;6;4;0;1;0;1;1;0;0;0;505781,408700000030000;5413629,660699999900000;9,078846879000000;48,875597216999999
109902;109903;08;4;35;016;2016;02;14;2;1;3;2;0;0;1;1;0;0;0;0;537772,917299999970000;5277312,614699999800000;9,502959692999999;47,648107959999997
109911;109912;08;3;35;043;2016;01;22;7;3;1;5;2;1;1;1;0;0;0;0;513091,646000000010000;5280264,966300000400000;9,174411382000001;47,675642279000002
109912;109913;08;4;16;041;2016;01;17;3;2;5;3;1;0;1;1;0;0;0;0;503792,349700000020000;5372733,120799999700000;9,051344652999999;48,507703354000000
109913;109914;08;4;16;041;2016;01;09;2;3;0;7;0;1;1;0;0;0;0;0;504343,551900000020000;5373712,102000000000000;9,058817572000001;48,516507068000003
109915;109916;08;3;11;000;2016;02;12;3;3;6;1;0;0;1;0;1;0;0;0;414206,322999999970000;5316380,388000000300000;7,849985335000000;47,994964463999999
109917;109918;08;2;22;000;2016;02;12;2;3;6;4;0;0;0;1;1;0;0;0;463064,904900000020000;5480753,272599999800000;8,490124549000001;49,478300075999996
109920;109921;08;3;11;000;2016;01;11;3;3;5;3;0;0;1;1;0;0;1;0;414912,326500000020000;5317482,082700000100000;7,859228466000000;48,004968994999999
109931;109932;08;1;21;000;2016;02;07;2;3;1;7;2;1;1;1;0;0;0;0;516730,032100000010000;5442733,094399999800000;9,229362684000000;49,137199398000000
109932;109933;08;4;16;041;2016;01;20;7;3;6;2;2;1;0;1;1;0;0;0;499474,069000000020000;5371795,216000000000000;8,992880595999999;48,499276821999999
109934;109935;08;3;16;011;2016;01;18;6;2;5;2;2;1;1;1;0;0;0;0;415515,935799999980000;5328452,759100000400000;7,865152744000000;48,103734008000004
109935;109936;08;1;27;008;2016;01;12;3;3;0;1;0;0;1;0;0;0;0;0;570555,226999999960000;5460728,377000000300000;9,970381682999999;49,295225330000001
109937;109938;08;2;26;085;2016;01;19;6;3;8;7;2;0;1;0;0;0;0;0;492577,025700000000000;5454166,717199999800000;8,898022205000000;49,240231301999998