FID;OBJECTID;ULAND;UREGBEZ;UKREIS;UGEMEINDE;UJAHR;UMONAT;USTUNDE;UWOCHENTAG;UKATEGORIE;UART;UTYP1;ULICHTVERH;IstStrasse;IstRad;IstPKW;IstFuss;IstKrad;IstGkfz;IstSonstig;LINREFX;LINREFY;XGCSWGS84;YGCSWGS84
109939;109940;08;2;22;000;2016;01;15;4;3;5;3;0;0;1;1;0;0;0;0;461308,951899999990000;5482159,440899999800000;8,465747744000000;49,490838427000000
109941;109942;08;2;22;000;2016;02;10;3;3;5;3;0;0;1;1;0;0;0;0;461875,453299999990000;5482276,647800000400000;8,473558431000001;49,491928500000000
109945;109946;08;2;12;000;2016;01;13;6;3;5;3;0;0;1;1;0;0;0;0;459659,088999999980000;5428208,297299999700000;8,448400228000001;49,005450873999997
109947;109948;08;1;16;020;2016;01;18;3;3;6;7;2;0;0;1;1;0;0;0;527021,679000000000000;5381346,046400000300000;9,366401810999999;48,584616594000003
109949;109950;08;2;12;000;2016;01;16;6;2;6;2;0;0;0;1;1;0;0;0;452251,518800000020000;5431272,679999999700000;8,346758848000000;49,032486364000000
109952;109953;08;3;35;043;2016;01;09;2;3;5;3;0;1;1;1;0;0;0;0;510978,367000000030000;5281217,210199999600000;9,146281609000001;47,684249588000000
109954;109955;08;3;36;050;2016;02;07;3;3;5;3;2;0;1;0;0;0;1;0;399009,987199999970000;5273423,529799999700000;7,656343633000000;47,606347649000000
109956;109957;08;3;35;043;2016;01;10;5;3;5;3;0;0;1;0;0;0;0;0;513323,812600000000000;5279011,604899999700000;9,177466135000000;47,664360211999998
109957;109958;08;2;16;043;2016;01;14;4;3;0;2;0;0;0;1;1;0;0;0;442087,582999999980000;5411996,010599999700000;8,210460242000000;48,858224868000001
109961;109962;08;1;25;065;2016;01;14;4;2;8;1;0;1;1;0;0;0;0;0;516036,843799999970000;5449121,767699999700000;9,220113982000001;49,194685855000003
109963;109964;08;4;16;041;2016;01;18;3;3;0;2;2;0;1;1;0;0;0;0;504289,745500000020000;5374044,640900000000000;9,058092382000000;48,519499080000003
109964;109965;08;3;17;096;2016;01;15;2;3;5;3;0;0;1;1;0;0;0;0;422304,193199999980000;5368083,728299999600000;7,949032360000000;48,461088205000003
109965;109966;08;4;15;061;2016;01;11;4;2;6;4;0;1;0;0;1;0;1;0;516230,526900000000000;5372575,127600000200000;9,219738292000001;48,506083709999999
109966;109967;08;2;37;004;2016;02;14;3;3;6;7;0;0;0;0;1;0;0;1;452654,500999999990000;5373290,877000000300000;8,358946387000000;48,510947643000002
109968;109969;08;3;16;056;2016;02;14;3;3;1;5;0;0;1;1;0;0;0;0;422591,446899999980000;5327120,677899999500000;7,960420470000000;48,092650401999997
109970;109971;08;2;31;000;2016;02;17;2;3;6;7;0;1;0;1;1;0;0;0;475679,681999999970000;5416574,967100000000000;8,668146846000001;48,901642078000002
109974;109975;08;3;17;011;2016;01;16;3;2;5;3;0;0;1;1;0;0;0;0;428700,658200000010000;5354596,494800000500000;8,037833033000000;48,340524252999998
109976;109977;08;1;15;003;2016;01;16;3;3;5;3;0;0;1;1;0;0;0;0;498246,403799999970000;5391747,806699999600000;8,976177762000001;48,678773298000003
109978;109979;08;2;26;028;2016;01;15;5;3;6;7;0;0;0;0;1;0;0;1;471893,618800000000000;5483456,079099999700000;8,611806104999999;49,503083848999999
109979;109980;08;3;36;091;2016;02;15;2;3;5;3;0;0;1;1;0;0;0;0;396503,187400000000000;5271775,940100000200000;7,623389742000000;47,591131759000000
109981;109982;08;3;35;075;2016;01;13;7;3;5;3;0;0;1;1;0;0;0;0;488471,824199999970000;5288777,213299999900000;8,846192408000000;47,752261889000003
109982;109983;08;1;15;028;2016;01;13;7;3;6;7;0;0;0;1;1;0;0;0;499775,454000000030000;5403739,716000000000000;8,996943055999999;48,786655365000001
109984;109985;08;4;15;050;2016;02;16;2;3;6;4;0;0;0;1;1;0;0;0;519878,682900000010000;5376828,242800000100000;9,269331428999999;48,544240973999997
109988;109989;08;3;36;069;2016;01;15;3;3;5;2;0;0;1;1;0;0;0;0;408221,461399999970000;5268991,248700000300000;7,779797890000000;47,567845708999997
109992;109993;08;2;12;000;2016;01;09;6;3;5;3;0;1;1;1;0;0;0;0;452218,619799999990000;5430379,356200000300000;8,346414050000000;49,024448380000003
109995;109996;08;3;17;118;2016;01;15;2;3;6;4;0;0;0;0;1;1;0;0;435782,007300000000000;5385322,906800000000000;8,128660955000001;48,617680120000003
110000;110001;08;2;22;000;2016;02;11;6;2;1;5;0;0;1;1;0;0;0;0;464300,728899999990000;5485174,792100000200000;8,506784450000000;49,518143385000002
110002;110003;08;1;11;000;2016;02;13;7;3;3;2;0;0;1;1;0;0;0;0;517717,074000000020000;5402328,477000000000000;9,241136297000001;48,773707702999999
110003;110004;08;1;19;091;2016;02;16;3;3;6;7;0;1;0;1;1;0;0;0;528465,844799999960000;5405821,113199999600000;9,387670391000000;48,804727636000003
110005;110006;08;2;22;000;2016;02;13;6;3;5;5;0;0;1;1;0;0;0;0;463547,008099999980000;5483115,106599999600000;8,496561731000000;49,499572743000002
110006;110007;08;1;11;000;2016;02;04;6;3;0;1;2;0;1;0;0;0;0;0;511804,693499999990000;5395739,072100000500000;9,160478060999999;48,714569799000003
110009;110010;08;4;36;049;2016;02;09;3;3;6;2;0;0;0;1;1;0;0;0;577766,685900000040000;5282404,207499999600000;10,036330556999999;47,690343104000000
110014;110015;08;2;26;009;2016;02;10;5;2;3;5;0;0;1;1;0;0;0;0;465539,339800000020000;5472919,190100000200000;8,524963157000000;49,407981055000000
110018;110019;08;1;18;080;2016;02;06;6;3;4;2;2;0;1;1;0;0;0;0;509263,121400000000000;5408663,876500000200000;9,126218052000001;48,830883647999997
110019;110020;08;3;25;049;2016;02;10;5;3;6;4;0;0;0;1;1;0;0;0;473356,245300000010000;5332588,136900000300000;8,641811622000001;48,145985410999998
110020;110021;08;3;35;043;2016;02;20;4;3;0;7;2;0;1;0;0;0;0;0;513333,739200000010000;5280136,613599999800000;9,177632695000000;47,674482458000000
110021;110022;08;2;16;024;2016;02;17;5;3;5;3;2;1;1;1;0;0;0;0;445037,772500000020000;5408746,872000000400000;8,251113403000000;48,829266961000002
110024;110025;08;2;15;009;2016;02;18;5;3;6;2;2;1;0;1;1;0;0;0;469801,055300000010000;5436094,889600000300000;8,586483830000001;49,076972873000003
110028;110029;08;4;21;000;2016;02;15;6;3;4;2;0;0;1;1;0;0;0;0;570477,162699999990000;5357183,229100000100000;9,951506621000000;48,363885205000003
110030;110031;08;2;12;000;2016;02;20;5;2;5;3;2;0;1;1;0;0;0;0;454036,299799999980000;5428491,445299999800000;8,371489746000000;49,007604669000003
110031;110032;08;1;36;065;2016;02;21;4;2;5;2;2;1;1;1;0;0;0;0;558950,351900000010000;5405795,295199999600000;9,802797240000000;48,802351686999998
110034;110035;08;2;12;000;2016;02;14;7;3;6;7;0;0;0;1;1;0;0;0;456159,690799999980000;5428816,405899999700000;8,400488316000001;49,010682223000003
110039;110040;08;4;35;067;2016;02;12;2;3;6;7;0;0;0;1;1;0;0;0;531932,419299999950000;5290048,217000000200000;9,426126730000000;47,763009855000000
110041;110042;08;2;31;000;2016;02;16;5;2;6;4;0;1;0;1;1;0;0;0;477303,144700000000000;5415677,214200000300000;8,690348692000001;48,893627825999999
110043;110044;08;4;35;016;2016;02;07;6;3;5;3;2;1;1;1;0;0;0;0;536601,748000000020000;5278603,752999999600000;9,487473858000000;47,659792158000002
110044;110045;08;2;12;000;2016;02;10;7;2;6;4;0;0;0;1;1;0;0;0;454232,278600000020000;5432586,797600000200000;8,373707251000001;49,044457084000001
110046;110047;08;3;35;100;2016;02;04;2;2;6;6;2;0;0;1;1;0;0;0;488792,102799999990000;5287465,962700000000000;8,850499300999999;47,740469484999998
110047;110048;08;2;15;017;2016;02;12;6;3;2;6;0;0;1;1;0;0;0;0;456470,460700000000000;5421196,959800000300000;8,405553377000000;48,942166026000002
110048;110049;08;2;22;000;2016;02;17;4;2;6;4;0;0;0;1;1;0;0;0;463146,157899999990000;5483846,063000000100000;8,490957771000000;49,506123090000003
110049;110050;08;4;25;141;2016;02;18;6;2;6;7;2;0;0;1;1;0;0;0;567392,606299999980000;5363386,892699999700000;9,910863386999999;48,420026729000000
110050;110051;08;1;19;044;2016;02;05;3;3;1;5;2;1;1;1;0;0;0;0;542905,368800000050000;5426230,956799999800000;9,586454070000000;48,987491448000000
110051;110052;08;2;26;041;2016;02;12;4;3;0;7;0;0;0;0;1;0;0;1;477396,385000000010000;5466302,294999999900000;8,688784221000001;49,349018764999997
110053;110054;08;3;11;000;2016;02;09;7;3;5;3;0;0;1;0;0;0;0;0;417906,952400000010000;5314995,778500000000000;7,899845223000000;47,982995008000003
110054;110055;08;4;25;072;2016;02;15;6;3;4;7;0;0;1;1;0;0;0;0;583164,971800000060000;5371776,729500000400000;10,125667746000000;48,493606370999998
110056;110057;08;1;16;071;2016;02;17;3;3;5;2;0;1;1;1;0;0;0;0;527845,326000000000000;5392246,558000000200000;9,378302256000000;48,682641468999996
110057;110058;08;4;15;062;2016;02;16;1;3;4;6;0;0;1;1;0;0;0;0;519842,243599999990000;5377932,255800000400000;9,268890342000001;48,554174076999999
110061;110062;08;1;16;016;2016;02;16;4;3;0;1;0;0;1;0;0;0;0;0;533219,939900000000000;5385753,469700000200000;9,450797710000000;48,623967510000000
110062;110063;08;1;18;048;2016;02;15;6;2;6;4;0;0;0;1;1;0;0;0;515277,871700000020000;5415103,485100000200000;9,208414149999999;48,888694074000000
110063;110064;08;1;28;007;2016;02;18;5;2;5;3;2;1;1;0;0;0;0;1;555870,734799999980000;5482847,031499999600000;9,771550196000000;49,495683962999998
110064;110065;08;2;12;000;2016;02;16;4;3;5;3;0;0;1;1;0;0;0;0;455036,908300000010000;5428796,250799999600000;8,385137529000000;49,010420134000000
110069;110070;08;3;36;069;2016;02;11;5;3;5;2;0;0;1;1;0;0;0;0;404645,097899999990000;5267831,234100000000000;7,732513423000000;47,556894972999999
110070;110071;08;2;12;000;2016;02;13;4;3;0;5;0;1;1;1;0;0;0;0;456425,520200000030000;5428754,343100000200000;8,404129962000001;49,010142790000003
110071;110072;08;2;11;000;2016;02;10;7;3;5;3;0;1;1;1;0;0;0;0;438651,393300000000000;5398677,929399999800000;8,165607937000001;48,738098760000000
110072;110073;08;1;27;014;2016;02;23;6;3;0;7;2;0;1;0;0;0;0;0;576576,172000000020000;5444183,887600000000000;10,050019244000000;49,145703265999998
110075;110076;08;1;27;076;2016;02;17;5;3;6;4;1;1;0;0;1;0;0;1;553311,223000000000000;5440212,645999999700000;9,730516358999999;49,112443458999998
110078;110079;08;1;25;005;2016;02;06;5;2;5;2;2;1;1;1;0;0;0;0;515610,003199999980000;5451228,056400000100000;9,214337290000000;49,213643431000001
110081;110082;08;2;12;000;2016;02;17;5;3;0;2;0;0;1;1;0;0;0;0;456728,781499999980000;5428853,879400000000000;8,408266140000000;49,011059471999999
110084;110085;08;2;12;000;2016;02;19;5;2;6;4;1;1;0;1;1;0;0;0;456710,247900000020000;5427796,880699999600000;8,408125407000000;49,001550334999997
110085;110086;08;1;19;091;2016;02;18;5;3;6;4;2;1;0;1;1;0;0;0;526829,695799999990000;5406709,532200000200000;9,365446580000000;48,812792399999999
110087;110088;08;3;11;000;2016;02;18;3;3;4;1;2;1;1;0;0;0;0;0;412026,654199999990000;5317684,691100000400000;7,820507015000000;48,006400845000002
110089;110090;08;1;19;076;2016;02;05;5;2;6;2;2;1;0;1;1;0;0;0;541672,017499999960000;5406196,600900000000000;9,567552853000001;48,807360185999997
110091;110092;08;3;36;057;2016;02;00;1;3;6;7;2;0;0;0;1;0;0;1;407945,838200000000000;5277471,552299999600000;7,774353280000000;47,644093357999999
110093;110094;08;2;12;000;2016;02;14;2;3;0;7;0;0;1;0;0;0;0;0;456327,410600000000000;5428699,472099999900000;8,402794317000000;49,009642284000002
110094;110095;08;2;15;009;2016;02;09;5;3;1;7;0;0;1;1;0;0;0;0;470467,714299999990000;5441564,322200000300000;8,595212258000000;49,126204035000001
110095;110096;08;1;36;009;2016;02;17;4;2;6;4;2;1;0;1;1;0;0;0;567454,370899999980000;5408057,237400000000000;9,918963813000000;48,821832628999999
110096;110097;08;3;17;065;2016;02;15;7;3;7;7;0;0;0;1;1;0;0;0;411622,530800000010000;5352706,912800000000000;7,807811109000000;48,321369668999999
110099;110100;08;1;16;019;2016;02;18;3;2;5;3;2;1;1;1;0;0;0;0;520211,299500000020000;5399473,215499999900000;9,274943070000001;48,747946067000001
110101;110102;08;1;18;011;2016;02;07;5;2;6;4;2;0;0;0;1;0;0;1;505727,293500000030000;5407458,775000000400000;9,078022565000000;48,820085378000002
110104;110105;08;2;26;097;2016;02;16;6;3;0;3;0;0;1;1;0;0;0;0;485788,122199999980000;5467448,723199999900000;8,804283248999999;49,359584226000003
110105;110106;08;1;36;050;2016;02;07;4;3;3;2;1;0;1;1;0;0;0;0;580836,701099999950000;5403595,958800000100000;10,100367374999999;48,780109365000001
110110;110111;08;2;21;000;2016;02;21;6;2;0;1;2;0;1;0;0;0;0;0;477186,885000000010000;5471444,390999999800000;8,685604943000000;49,395263595000003
110111;110112;08;1;18;070;2016;02;13;5;3;6;4;0;0;0;1;1;0;0;0;516977,872199999980000;5426273,717400000400000;9,232070007000001;48,989133203000002
110112;110113;08;1;17;019;2016;02;15;5;3;5;3;0;1;1;1;0;0;0;0;551987,647000000000000;5394088,042000000400000;9,706507805999999;48,697662524999998
110113;110114;08;1;11;000;2016;02;06;4;3;5;3;2;1;1;1;0;0;0;0;517791,552199999980000;5402411,403500000000000;9,242153553000000;48,774451575000001
110114;110115;08;1;15;003;2016;02;07;6;3;5;2;0;1;1;1;0;0;0;0;500793,746999999970000;5391690,661799999900000;9,010782777999999;48,678261173999999
110119;110120;08;1;35;032;2016;02;17;7;2;5;3;2;1;1;0;0;0;0;1;577936,015600000040000;5393641,832000000400000;10,059007384999999;48,690947246000000
110121;110122;08;3;37;096;2016;02;13;5;3;6;4;0;0;0;1;1;0;0;0;420802,674799999980000;5267308,682199999700000;7,947337880000000;47,554366113999997
110122;110123;08;4;16;041;2016;02;15;4;3;0;7;0;1;1;0;0;0;0;0;503746,168699999980000;5374549,833100000400000;9,050735724999999;48,524047451999998
110125;110126;08;4;26;070;2016;02;13;5;3;6;4;0;0;0;1;1;0;0;0;565410,051300000050000;5342040,555100000500000;9,880758496000000;48,228212399999997
110128;110129;08;2;12;000;2016;02;23;1;3;0;7;2;0;1;0;0;0;0;0;452659,004299999970000;5427815,244699999700000;8,352736606000001;49,001418102999999
110132;110133;08;1;15;003;2016;02;13;6;3;5;3;0;0;1;1;0;0;0;0;500708,851900000010000;5393352,174700000300000;9,009632357999999;48,693208427999998
110133;110134;08;3;11;000;2016;02;14;5;3;0;1;0;0;1;0;0;0;0;0;417732,317300000000000;5315033,682900000400000;7,897498070000000;47,983313541999998
110134;110135;08;2;11;000;2016;02;14;4;2;5;3;0;1;1;1;0;0;0;0;439974,081999999990000;5403397,111999999700000;8,182907413000001;48,780677027000003
110135;110136;08;2;12;000;2016;02;11;3;2;6;4;0;1;0;1;1;0;0;0;455198,968100000000000;5430970,960799999500000;8,387113384999999;49,029993589999997
110142;110143;08;2;15;007;2016;02;10;6;3;3;6;0;0;1;1;0;0;0;0;476602,359200000010000;5431345,955000000100000;8,679887216999999;49,034550428999999
110143;110144;08;1;28;007;2016;02;09;4;3;5;3;0;0;1;1;0;0;0;0;555739,450599999980000;5482289,678500000400000;9,769658783000001;49,490683189000002
110144;110145;08;2;26;095;2016;02;15;5;3;6;4;0;1;0;0;1;0;0;1;474037,726000000020000;5461216,802000000100000;8,642872721000000;49,303141357000001
110146;110147;08;2;12;000;2016;02;14;5;3;5;3;0;1;1;1;0;0;0;0;455996,001800000030000;5428945,239799999600000;8,398236047999999;49,011829446000000
110147;110148;08;4;26;021;2016;02;21;4;3;5;2;2;1;1;1;0;0;0;0;557823,604700000030000;5326753,188600000000000;9,776537570000000;48,091422745000003
110150;110151;08;1;18;019;2016;02;01;1;3;6;7;2;0;0;1;1;0;0;0;505562,299200000010000;5405499,526399999900000;9,075748304999999;48,802461663999999
110152;110153;08;2;15;109;2016;02;00;6;3;0;6;2;0;1;0;0;0;0;1;460970,624799999990000;5435466,713600000400000;8,465633655000000;49,070825865000003
110155;110156;08;1;11;000;2016;02;19;3;3;6;7;2;1;0;1;1;0;0;0;517284,755999999990000;5406850,443000000000000;9,235442605999999;48,814398851999997
110156;110157;08;2;22;000;2016;02;11;7;3;5;3;0;0;1;1;0;0;0;0;469662,831000000010000;5476234,369099999800000;8,581549881999999;49,438019687000001
110157;110158;08;2;12;000;2016;02;14;6;3;5;3;0;0;1;1;0;0;0;0;455560,505400000020000;5428897,780600000200000;8,392286089000001;49,011371335000000
110162;110163;08;1;11;000;2016;02;20;1;3;2;4;2;0;0;1;1;0;0;0;516201,669899999980000;5405138,820500000400000;9,220622018000000;48,799030535000000
110163;110164;08;2;31;000;2016;02;19;6;2;6;4;2;0;0;1;1;0;0;0;477021,660900000020000;5415328,598700000000000;8,686528098000000;48,890481428000001
110166;110167;08;1;18;048;2016;02;07;4;3;6;2;2;1;0;1;1;0;0;0;513973,712999999990000;5414977,685999999800000;9,190619184999999;48,887593197999998
110167;110168;08;1;25;065;2016;02;08;6;3;3;6;0;0;1;1;0;0;0;0;516090,915600000010000;5447561,017400000200000;9,220793660000000;49,180645091000002
110168;110169;08;4;15;061;2016;02;11;4;3;0;1;0;0;1;0;0;0;0;0;515441,207100000000000;5371110,488800000400000;9,208997926000000;48,492927221999999
110169;110170;08;1;21;000;2016;02;23;4;3;6;2;2;1;0;1;1;0;0;0;515103,717000000000000;5442772,530899999700000;9,207068131000000;49,137596279999997
110170;110171;08;3;11;000;2016;02;15;6;3;1;5;0;0;1;1;0;0;0;0;413761,240899999980000;5316374,226499999900000;7,844021759000000;47,994849162000001
110172;110173;08;1;18;079;2016;02;11;6;3;3;2;0;0;1;0;0;0;1;0;510419,627199999990000;5422485,093100000200000;9,142328893000000;48,955197618000000
110175;110176;08;3;36;050;2016;02;08;3;3;5;3;0;1;1;1;0;0;0;0;400037,260699999980000;5274534,642799999600000;7,669754052000000;47,616501782000000
110176;110177;08;3;35;043;2016;02;08;5;3;5;3;0;1;1;0;0;0;0;0;512680,266300000020000;5278374,159199999600000;9,168875979999999;47,658637616000000
110177;110178;08;3;37;022;2016;02;08;4;3;6;4;0;1;0;0;1;0;0;1;450323,106499999990000;5296161,262199999800000;8,336393264000000;47,816885052000003
110178;110179;08;4;35;030;2016;02;15;5;3;0;1;0;0;1;0;0;0;0;0;541809,431100000050000;5271870,671099999900000;9,556185191999999;47,598896656000001
110179;110180;08;4;36;082;2016;02;16;4;3;5;3;0;1;1;1;0;0;0;0;547772,093100000060000;5295983,152599999700000;9,638143567000000;47,815426879999997
110180;110181;08;3;35;043;2016;02;07;4;3;6;7;2;1;0;1;1;0;0;0;512183,292499999980000;5281443,325199999800000;9,162342926999999;47,686262501000002
110181;110182;08;4;15;061;2016;02;14;3;3;5;3;0;1;1;1;0;0;0;0;514745,388199999990000;5369510,973600000100000;9,199523573000001;48,478554107000001
110183;110184;08;3;17;096;2016;02;14;4;3;0;2;0;1;1;1;0;0;0;0;421851,732699999990000;5368917,789900000200000;7,942757321000000;48,468534478000002
110184;110185;08;1;21;000;2016;02;08;4;3;6;4;0;1;0;1;1;0;0;0;515876,821300000010000;5444610,256099999900000;9,217739537000000;49,154107717999999
110186;110187;08;1;11;000;2016;02;13;6;3;0;2;0;0;1;0;0;0;0;0;513036,601599999990000;5403621,438699999800000;9,177474617000000;48,785454755000004
110187;110188;08;2;12;000;2016;02;17;5;3;5;3;2;0;1;1;0;0;0;0;457866,631100000000000;5430394,749699999600000;8,423665391000000;49,024998547999999
110189;110190;08;2;12;000;2016;02;21;3;3;5;2;2;1;1;1;0;0;0;0;457371,407799999990000;5428623,272500000000000;8,417077792000001;49,009029861999998
110190;110191;08;2;12;000;2016;02;17;5;3;5;3;2;1;1;1;0;0;0;0;454343,663899999990000;5429764,455699999800000;8,375549190999999;49,019078291000000
110194;110195;08;3;36;050;2016;02;16;7;2;5;3;0;0;1;1;0;0;0;0;400506,932500000000000;5275284,593600000300000;7,675832086000000;47,623320171000003
110197;110198;08;2;16;033;2016;02;15;2;2;9;7;0;1;1;0;0;0;0;0;446676,722899999990000;5413437,687500000000000;8,272832189000001;48,871604333999997
110198;110199;08;2;26;037;2016;02;11;5;2;5;3;0;1;1;1;0;0;0;0;465708,550899999970000;5466857,706600000200000;8,527818311000001;49,353469302000001
110199;110200;08;3;17;096;2016;02;16;4;3;5;3;0;1;1;1;0;0;0;0;424623,468999999980000;5368581,193000000000000;7,980309613000000;48,465845100999999
110202;110203;08;3;36;050;2016;02;11;7;3;5;3;0;0;1;1;0;0;0;0;401960,368200000030000;5276928,880699999600000;7,694802582000000;47,638332867000003
110206;110207;08;1;19;008;2016;02;07;4;3;6;7;2;0;0;0;1;0;0;1;532085,622399999990000;5420890,235799999900000;9,438148075000001;48,940106415000002
110208;110209;08;1;18;046;2016;02;07;4;3;5;3;1;1;1;1;0;0;0;0;513563,066700000020000;5411329,685499999700000;9,184896518000000;48,854785741999997
110209;110210;08;2;21;000;2016;02;15;5;2;6;7;0;1;0;1;1;0;0;0;477360,624699999990000;5474690,426500000100000;8,687814175000000;49,424467655000001
110210;110211;08;3;11;000;2016;02;20;7;3;6;1;2;1;0;0;1;0;0;1;413892,612800000000000;5316440,429800000000000;7,845769066000000;47,995462390999997
110211;110212;08;3;11;000;2016;02;08;6;3;3;2;0;1;1;0;0;0;0;1;414529,901799999990000;5316021,165199999700000;7,854393358000000;47,991776449000000
110213;110214;08;3;25;049;2016;02;15;7;3;6;4;0;0;0;1;1;0;0;0;471929,579900000010000;5335160,182599999900000;8,622462767000000;48,169064079000002
110214;110215;08;2;21;000;2016;02;18;6;3;3;7;2;0;1;1;0;0;0;0;476678,796700000010000;5473384,297700000000000;8,678489014000000;49,412693498000003
110215;110216;08;1;19;008;2016;02;19;5;3;6;2;2;0;0;1;1;0;0;0;531451,394699999950000;5420820,449799999600000;9,429482193000000;48,939511230000001
110219;110220;08;3;15;073;2016;02;18;4;2;6;4;2;1;0;1;1;0;0;0;412466,158799999980000;5313106,220700000400000;7,827331728000000;47,965276379000002
110220;110221;08;1;16;049;2016;02;08;4;3;6;4;0;0;0;1;1;0;0;0;525208,559099999950000;5384619,699300000400000;9,342015950000000;48,614142252999997
110221;110222;08;3;11;000;2016;02;12;6;2;0;1;0;0;1;0;0;0;0;0;410098,961000000010000;5317178,497999999700000;7,794773629000000;48,001579296999999
110227;110228;08;4;21;000;2016;02;17;4;3;3;7;0;0;1;1;0;0;0;0;573741,874199999960000;5361549,875000000000000;9,996342842000001;48,402791190999999
110228;110229;08;3;11;000;2016;02;12;4;3;6;4;0;1;1;0;1;0;0;0;413863,248000000020000;5316290,700799999800000;7,845405579000000;47,994111568000001
110232;110233;08;1;15;028;2016;02;02;7;3;6;4;2;1;0;1;1;0;0;0;501210,712000000000000;5405470,814000000200000;9,016487597999999;48,802227078000001
110233;110234;08;3;11;000;2016;02;16;6;3;4;2;0;1;1;1;0;0;0;0;409808,341399999980000;5317060,400200000000000;7,790903265000000;48,000476048000003
110237;110238;08;1;19;020;2016;02;19;4;3;5;3;2;0;1;1;0;0;0;0;519361,163500000020000;5409054,313900000400000;9,263829936000001;48,834163191000002
110240;110241;08;2;12;000;2016;02;12;4;2;6;4;0;1;1;0;1;0;0;0;460761,925400000010000;5422736,389100000300000;8,464007195000001;48,956300782000000
110241;110242;08;1;15;042;2016;02;05;6;3;6;2;2;1;0;1;1;0;0;0;495847,621999999970000;5406168,797000000300000;8,943445453000001;48,808493384999998
110244;110245;08;3;11;000;2016;02;10;3;3;5;2;0;1;1;1;0;0;0;0;413824,479899999980000;5317005,766800000300000;7,844742429000000;48,000538620000000
110245;110246;08;3;11;000;2016;02;15;5;3;6;7;0;1;1;0;1;0;0;0;413568,064699999990000;5316368,072900000000000;7,841434137000000;47,994767723000002
110249;110250;08;1;25;006;2016;02;15;2;3;0;7;0;1;0;1;1;0;0;0;503045,676400000000000;5455944,326299999800000;9,041855446000000;49,256258727999999
110250;110251;08;1;19;020;2016;02;18;2;3;5;2;2;1;1;1;0;0;0;0;520772,173300000020000;5407200,330099999900000;9,282963277000000;48,817439557000000
110251;110252;08;2;12;000;2016;02;15;6;3;6;4;0;0;0;1;1;0;0;0;454363,761799999980000;5428849,928799999900000;8,375926900000000;49,010853554999997
110256;110257;08;1;11;000;2016;02;11;2;2;5;3;0;0;1;1;0;0;0;0;516771,483000000010000;5410250,000599999900000;9,228590237000001;48,844994700000001
110257;110258;08;3;35;043;2016;02;19;4;3;5;3;2;1;1;1;0;0;0;0;512699,193800000010000;5279833,461699999900000;9,169170475000000;47,671767574999997
110261;110262;08;2;12;000;2016;02;18;7;3;5;2;2;1;1;1;0;0;0;0;452609,378600000000000;5431525,149500000300000;8,351624841000000;49,034784932999997
110264;110265;08;3;37;096;2016;02;14;3;2;5;3;0;1;1;1;0;0;0;0;420345,949100000030000;5267581,782900000000000;7,941218816000000;47,556767151000003
110266;110267;08;1;28;007;2016;02;18;3;2;6;2;2;1;0;1;1;0;0;0;555968,033000000050000;5482451,411799999900000;9,772837683000001;49,492116781000000
110268;110269;08;2;12;000;2016;02;08;4;3;5;3;0;0;1;1;0;0;0;0;456370,840499999990000;5427543,945600000200000;8,403512328000000;48,999251254999997
110270;110271;08;3;11;000;2016;02;07;4;3;6;4;0;0;1;0;1;0;0;0;413562,281100000020000;5316402,626199999800000;7,841349668000000;47,995077760999997
110271;110272;08;1;16;077;2016;02;18;3;3;5;3;2;0;1;1;0;0;0;0;516340,761699999970000;5391535,364799999600000;9,221976581000000;48,676650752000000
110272;110273;08;2;31;000;2016;02;17;4;2;6;5;0;0;0;1;1;0;0;0;477352,221499999990000;5415376,178500000400000;8,691034920000000;48,890921609000003
110278;110279;08;4;17;002;2016;02;13;3;2;5;3;0;1;1;1;0;0;0;0;488286,299000000000000;5349795,673999999600000;8,842048636000000;48,301248432999998
110280;110281;08;4;36;064;2016;02;10;2;2;0;7;0;0;1;0;0;0;0;0;546749,384199999970000;5293540,045699999700000;9,624219578000000;47,793521472000002
110281;110282;08;2;22;000;2016;02;15;4;3;5;3;0;0;1;1;0;0;0;0;462996,015000000010000;5478774,664599999800000;8,489358609000000;49,460499243000001
110283;110284;08;4;35;016;2016;02;19;4;3;4;6;2;0;1;0;0;0;0;0;535534,554000000000000;5278335,668999999800000;9,473239336000001;47,657439599999996
110285;110286;08;2;12;000;2016;02;13;6;3;5;3;0;1;1;1;0;0;0;0;454047,739100000010000;5428486,699500000100000;8,371646695000001;49,007562831999998
110286;110287;08;1;16;049;2016;02;09;5;2;4;1;0;0;1;1;0;0;0;0;526488,521500000030000;5386407,268000000200000;9,359495616000000;48,630170399000001
110288;110289;08;4;25;072;2016;02;06;3;3;6;1;1;0;0;0;1;0;0;1;582480,522400000020000;5371907,008700000100000;10,116431047000001;48,494868410999999
110290;110291;08;1;11;000;2016;02;07;3;3;6;6;0;0;0;0;1;0;0;1;515413,955499999980000;5406485,806699999600000;9,209946174000001;48,811167867999998
110294;110295;08;2;12;000;2016;02;07;6;3;5;3;1;1;1;1;0;0;0;0;453239,774800000010000;5429296,560600000400000;8,360505972000000;49,014786872000002