FID;OBJECTID;ULAND;UREGBEZ;UKREIS;UGEMEINDE;UJAHR;UMONAT;USTUNDE;UWOCHENTAG;UKATEGORIE;UART;UTYP1;ULICHTVERH;IstStrasse;IstRad;IstPKW;IstFuss;IstKrad;IstGkfz;IstSonstig;LINREFX;LINREFY;XGCSWGS84;YGCSWGS84
110298;110299;08;1;16;033;2016;02;08;5;3;6;4;0;1;0;0;1;0;0;1;533299,636500000020000;5388609,843999999600000;9,452108719000000;48,649658946000002
110300;110301;08;2;26;084;2016;02;09;3;3;5;2;0;1;1;1;0;0;0;0;469835,207400000010000;5469721,601200000400000;8,584422239000000;49,379447614999997
110301;110302;08;2;22;000;2016;02;15;4;3;6;4;0;0;0;0;1;0;0;1;461379,259199999970000;5481792,619300000400000;8,466754354000001;49,487543543999998
110303;110304;08;2;26;085;2016;02;09;7;2;5;3;0;1;1;1;0;0;0;0;491290,826400000020000;5454987,171299999600000;8,880334435000000;49,247594513999999
110304;110305;08;1;11;000;2016;02;15;6;3;6;4;0;0;0;1;1;0;0;0;512827,670199999990000;5402198,331399999600000;9,174585927000001;48,772656937999997
110305;110306;08;2;37;040;2016;02;12;6;3;6;4;0;1;0;1;1;0;0;0;477137,568099999970000;5365844,377399999600000;8,690844408000000;48,445325402999998
110306;110307;08;3;17;047;2016;02;14;1;3;0;7;0;0;1;0;0;0;0;0;421322,732800000000000;5361589,669900000100000;7,936978072000000;48,402552446999998
110307;110308;08;3;16;017;2016;02;14;4;3;5;3;0;0;1;1;0;0;0;0;409171,017999999980000;5342228,114000000100000;7,777000311000000;48,226768524000001
110308;110309;08;2;12;000;2016;02;07;4;3;3;2;0;0;1;1;0;0;0;0;453160,906399999980000;5427132,378100000300000;8,359677088000000;48,995313969000001
110309;110310;08;2;26;012;2016;02;18;5;3;1;7;2;0;1;0;0;0;0;1;476331,209199999980000;5477518,097299999600000;8,673450453999999;49,449862756999998
110313;110314;08;2;31;000;2016;02;12;5;3;0;7;0;0;1;0;0;0;0;0;475099,208400000000000;5416331,070899999700000;8,660241242000000;48,899425018000002
110318;110319;08;1;11;000;2016;02;16;6;3;5;3;0;0;1;1;0;0;0;0;508034,783600000020000;5397604,311599999700000;9,109264752000000;48,731409538999998
110321;110322;08;1;18;073;2016;02;18;4;3;6;4;2;0;0;1;1;0;0;0;497376,621600000010000;5419437,416500000300000;8,964185027999999;48,927863852000002
110322;110323;08;2;12;000;2016;02;15;4;3;5;6;0;0;1;0;0;0;1;0;455509,390200000020000;5426639,968200000000000;8,391834466000001;48,991058387000002
110326;110327;08;3;17;146;2016;02;05;2;3;1;5;2;1;1;1;0;0;0;0;431627,856199999980000;5355419,157399999900000;8,077195818000000;48,348248104000000
110330;110331;08;2;21;000;2016;02;17;7;3;3;6;1;1;1;1;0;0;0;0;476365,690699999980000;5472862,591900000300000;8,674203599000000;49,407988762000002
110336;110337;08;2;15;090;2016;02;07;4;3;5;3;0;0;1;1;0;0;0;0;464968,806900000030000;5433459,031000000400000;8,520545955999999;49,053006793000002
110338;110339;08;3;17;065;2016;02;09;2;1;6;2;0;1;0;1;1;0;0;0;416256,218200000000000;5354991,472799999600000;7,869851291000000;48,342549933999997
110339;110340;08;1;36;065;2016;02;15;4;3;6;6;0;0;0;1;1;0;0;0;563149,589000000040000;5405505,111800000100000;9,859932127000000;48,799329079000003
110342;110343;08;1;19;044;2016;02;07;5;3;0;6;1;0;1;0;0;0;0;1;541766,312900000020000;5425540,477900000300000;9,570814707000000;48,981358542999999
110347;110348;08;3;16;011;2016;02;07;2;2;6;4;2;1;0;1;1;0;0;0;413947,582999999980000;5330616,417000000400000;7,843653327000000;48,122986537000003
110348;110349;08;4;25;039;2016;02;12;5;2;1;7;0;0;1;1;0;0;0;0;565312,830399999980000;5352522,434299999800000;9,881069368000000;48,322514165999998
110353;110354;08;2;22;000;2016;02;13;6;3;6;4;0;1;0;0;1;0;0;1;461431,202099999990000;5481760,980000000400000;8,467474596000001;49,487262268999999
110354;110355;08;3;11;000;2016;02;10;1;3;0;1;0;0;1;0;0;0;0;1;414461,021400000030000;5318135,053000000300000;7,853048825000000;48,010782464999998
110355;110356;08;4;26;087;2016;02;16;4;3;6;7;0;0;0;1;1;0;0;0;570468,008700000010000;5325106,976700000500000;9,946051137000000;48,075340871000002
110356;110357;08;2;22;000;2016;02;13;1;3;5;3;0;0;1;1;0;0;0;0;461875,453299999990000;5482276,647800000400000;8,473558431000001;49,491928500000000
110357;110358;08;2;22;000;2016;02;17;3;2;6;4;0;1;0;1;1;0;0;0;461569,824100000030000;5486355,381400000300000;8,468941345999999;49,528595107999998
110359;110360;08;4;15;078;2016;02;07;4;3;5;2;0;1;1;1;0;0;0;0;527884,995899999980000;5372665,343100000200000;9,377526463000001;48,506485984999998
110361;110362;08;4;16;036;2016;02;17;5;3;2;6;0;0;1;1;0;0;0;0;495274,588999999980000;5369555,248999999800000;8,936058588000000;48,479107601999999
110362;110363;08;2;21;000;2016;02;15;2;3;3;2;0;0;1;1;0;0;0;0;476692,276699999990000;5472850,799399999900000;8,678706169000000;49,407895287000002
110364;110365;08;3;11;000;2016;02;15;4;3;5;2;0;0;1;1;0;0;0;0;412964,971299999980000;5316378,951799999900000;7,833349571000000;47,994783771999998
110365;110366;08;3;11;000;2016;02;07;2;3;5;2;1;1;1;1;0;0;0;0;413297,742000000030000;5315967,224000000400000;7,837892375000000;47,991125349999997
110368;110369;08;3;35;043;2016;02;16;4;2;5;3;0;0;1;1;0;0;0;0;513224,825000000010000;5279895,216000000000000;9,176174432000000;47,672312681999998
110378;110379;08;3;11;000;2016;02;14;2;3;3;2;0;1;1;1;0;0;0;0;412805,844300000000000;5314671,436499999800000;7,831563805000000;47,979402421000003
110380;110381;08;2;26;032;2016;02;07;2;3;0;4;1;1;0;1;1;0;0;0;467879,224500000010000;5462228,264200000100000;8,558079718000000;49,311946491000000
110381;110382;08;1;16;078;2016;02;19;5;3;5;3;2;0;1;1;0;0;0;0;510311,807299999990000;5394300,831100000100000;9,140147260999999;48,701657793999999
110383;110384;08;2;21;000;2016;02;13;5;3;4;3;0;0;1;0;0;0;0;1;474122,464400000000000;5475138,270300000000000;8,643133178999999;49,428366744999998
110384;110385;08;1;11;000;2016;02;18;1;2;6;4;2;0;0;1;1;0;0;0;511920,056500000010000;5400947,126100000000000;9,162197010000000;48,761419213000003
110385;110386;08;2;11;000;2016;02;20;7;2;6;4;2;1;0;1;1;0;0;0;440622,106000000030000;5404403,223000000200000;8,191582251000000;48,789789247000002
110386;110387;08;1;11;000;2016;02;08;4;3;6;4;0;0;0;1;1;0;0;0;516077,899299999990000;5405859,633299999900000;9,218964842000000;48,805518079999999
110387;110388;08;3;25;049;2016;02;13;3;2;6;4;0;1;0;1;1;0;0;0;471833,468799999970000;5333987,882399999500000;8,621247790000000;48,158512954999999
110390;110391;08;1;16;033;2016;02;17;4;2;5;3;0;0;1;1;0;0;0;0;534298,599500000010000;5387410,832600000300000;9,465571876000000;48,638818755999999
110393;110394;08;3;37;116;2016;02;18;5;2;5;3;2;0;1;1;0;0;0;0;418038,760899999990000;5273960,190800000000000;7,909365337000000;47,613861473000000
110394;110395;08;2;15;103;2016;02;09;6;2;6;7;0;0;0;1;1;0;0;0;466864,057399999990000;5442868,305499999800000;8,545712686000000;49,137749794000001
110395;110396;08;1;16;019;2016;02;10;5;3;6;4;0;1;0;1;1;0;0;0;524132,696200000010000;5398294,581700000000000;9,328217644000000;48,737203612999998
110397;110398;08;4;35;024;2016;02;16;3;3;4;7;0;1;1;1;0;0;0;0;528691,373000000020000;5279412,602000000000000;9,382176805000000;47,667469025999999
110399;110400;08;1;15;003;2016;02;12;3;3;6;7;0;1;0;1;1;0;0;0;501233,508900000020000;5392664,424700000300000;9,016759697000000;48,687020541999999
110404;110405;08;2;12;000;2016;02;10;6;3;4;2;0;0;1;1;0;0;0;0;459674,124000000010000;5426778,236999999700000;8,448747778000000;48,992588177000002
110405;110406;08;1;17;026;2016;02;13;1;2;6;4;0;0;0;1;1;0;0;0;547181,719200000050000;5394914,858000000000000;9,641294617000000;48,705482146999998
110408;110409;08;1;11;000;2016;02;09;4;3;1;5;0;0;1;1;0;0;0;0;508751,266599999970000;5396845,751000000200000;9,118992058000000;48,724575858999998
110409;110410;08;2;37;040;2016;02;17;5;3;6;4;0;0;0;1;1;0;0;0;477365,742000000030000;5365663,139000000400000;8,693939623000000;48,443703163999999
110411;110412;08;4;36;005;2016;02;17;3;3;6;7;0;0;0;1;1;0;0;0;540343,128499999990000;5308748,401600000400000;9,540103952000001;47,930784404999997
110413;110414;08;4;35;059;2016;02;10;3;3;6;7;0;0;0;1;1;0;0;0;512283,909700000020000;5290222,131799999600000;9,163931299000000;47,765248632000002
110422;110423;08;4;26;021;2016;02;21;7;3;6;4;2;1;0;1;1;0;0;0;557347,225300000050000;5327767,566900000000000;9,770276972000000;48,100591369000000
110426;110427;08;3;17;096;2016;02;13;4;3;6;2;0;0;0;1;1;0;0;0;422046,317300000000000;5369118,558500000300000;7,945351903000000;48,470364525999997
110429;110430;08;1;18;081;2016;02;17;2;3;5;3;0;0;1;1;0;0;0;0;518564,012700000020000;5412425,423999999600000;9,253120277000001;48,864513250999998
110431;110432;08;2;12;000;2016;02;12;4;3;5;7;0;0;1;1;0;0;0;0;455702,025599999990000;5428835,347199999700000;8,394228090000000;49,010819916000003
110433;110434;08;2;16;043;2016;02;13;3;3;6;4;0;1;0;0;1;0;0;1;441294,714600000010000;5412272,940700000200000;8,199612173000000;48,860641319999999
110434;110435;08;1;21;000;2016;02;16;2;3;5;3;0;0;1;1;0;0;0;0;514326,578800000020000;5444665,279500000200000;9,196481137999999;49,154640802999999
110435;110436;08;4;15;061;2016;02;07;3;3;4;6;0;0;1;1;0;0;0;0;515534,338200000000000;5373190,073200000500000;9,210335847000000;48,511633568000001
110436;110437;08;1;21;000;2016;02;12;2;3;8;7;0;1;0;1;1;0;0;0;516300,739300000020000;5441265,389600000300000;9,223417949000000;49,124008431000000
110437;110438;08;1;18;048;2016;02;17;5;3;6;7;1;0;0;1;1;0;0;0;513622,330399999980000;5415703,411799999900000;9,185850102000000;48,894129462000002
110442;110443;08;1;16;078;2016;02;19;3;2;0;7;2;1;1;0;0;0;0;0;509306,975199999990000;5394546,062800000400000;9,126496203000000;48,703879714999999
110445;110446;08;4;26;021;2016;02;16;4;3;1;1;0;1;1;1;0;0;0;0;559155,255200000010000;5327826,798499999600000;9,794567911000000;48,100958890000001
110455;110456;08;2;15;100;2016;02;18;3;2;5;2;2;1;1;0;0;0;0;1;473714,416000000030000;5450285,950199999800000;8,639142929000000;49,204804080000002
110456;110457;08;1;11;000;2016;02;07;3;3;6;7;1;0;1;0;1;0;0;0;515813,711000000010000;5405622,043399999800000;9,215357738000000;48,803387532999999
110458;110459;08;3;17;129;2016;02;13;5;3;0;7;0;0;1;0;0;0;0;0;430042,985300000000000;5350654,713200000100000;8,056598971000000;48,305216205999997
110459;110460;08;1;25;024;2016;02;20;6;2;6;2;2;1;0;1;1;0;0;0;523192,318800000010000;5444132,827399999800000;9,318037628000001;49,149580372999999
110465;110466;08;2;26;029;2016;02;14;3;3;9;7;0;2;1;0;0;0;0;0;485718,934000000010000;5481799,583100000400000;8,802813833000000;49,488667149999998
110466;110467;08;1;16;019;2016;02;07;2;3;5;3;1;1;1;1;0;0;0;0;523508,636000000000000;5398330,940999999600000;9,319732303000000;48,737554559000003
110473;110474;08;1;15;041;2016;02;11;2;3;0;3;0;0;1;1;0;0;0;0;495803,392600000020000;5402384,347600000000000;8,942881715000000;48,774448411000002
110475;110476;08;3;36;050;2016;02;00;7;3;6;2;2;1;0;1;1;0;0;0;399772,072099999990000;5273824,620400000400000;7,666388483000000;47,610073907000000
110476;110477;08;3;35;043;2016;02;16;4;3;5;3;0;0;1;1;0;0;0;0;513064,587200000010000;5279115,212399999600000;9,174016505000001;47,665297725999999
110477;110478;08;3;11;000;2016;02;00;3;3;5;3;2;0;1;1;0;0;0;0;413673,598300000010000;5316675,382299999700000;7,842786629000000;47,997546337999999
110479;110480;08;3;26;074;2016;02;12;7;3;6;4;0;0;1;0;1;0;0;0;459451,190000000000000;5323086,591000000000000;8,455787741000000;48,059769092000003
110480;110481;08;3;11;000;2016;02;09;3;3;3;2;0;0;1;1;0;0;0;0;414042,967000000000000;5315695,497999999700000;7,847933255000000;47,988781678999999
110482;110483;08;3;27;050;2016;02;10;6;1;6;7;0;0;0;1;1;0;0;0;486600,145900000000000;5314780,415099999900000;8,820414372000000;47,986185593999998
110484;110485;08;1;18;048;2016;02;13;6;3;1;5;0;1;1;1;0;0;0;0;515114,022000000000000;5415586,321800000000000;9,206196858000000;48,893041560000000
110485;110486;08;1;18;073;2016;02;07;4;3;0;7;0;1;1;0;0;0;0;0;496753,686200000000000;5422554,565600000300000;8,955655736000001;48,955901851999997
110491;110492;08;1;16;077;2016;02;19;5;2;0;1;1;0;1;0;0;0;0;0;516484,710000000020000;5391291,778500000000000;9,223922280000000;48,674455651999999
110495;110496;08;1;15;037;2016;02;08;4;3;6;4;0;1;0;1;1;0;0;0;492222,587999999990000;5385381,053000000300000;8,894465162000000;48,621451041000000
110499;110500;08;2;12;000;2016;02;15;3;3;6;4;0;0;0;1;1;0;0;0;455742,845700000010000;5428424,326399999700000;8,394831078999999;49,007125672000001
110500;110501;08;3;36;081;2016;02;18;1;2;6;4;2;1;0;1;1;0;0;0;411972,983499999970000;5277995,962299999800000;7,827854947000000;47,649371111999997
110501;110502;08;1;11;000;2016;02;11;5;2;6;4;0;0;0;1;1;0;0;0;512977,675600000020000;5402227,924399999900000;9,176628439000000;48,772920044000003
110502;110503;08;3;36;008;2016;02;07;5;3;6;7;0;0;0;1;1;0;0;0;395450,202400000010000;5275631,925699999600000;7,608468364000000;47,625648007000002
110504;110505;08;3;16;011;2016;02;08;7;3;5;3;1;1;1;1;0;0;0;0;413947,582999999980000;5330616,417000000400000;7,843653327000000;48,122986537000003
110505;110506;08;4;15;050;2016;02;14;3;3;5;2;0;1;1;1;0;0;0;0;521666,951699999980000;5376069,049900000000000;9,293520439000000;48,537351880999999
110507;110508;08;4;16;041;2016;02;15;2;3;6;7;0;0;0;1;1;0;0;0;502222,156900000000000;5374610,844899999900000;9,030095808000000;48,524603581999997
110508;110509;08;2;26;084;2016;02;12;3;3;5;3;0;0;1;1;0;0;0;0;469249,691300000010000;5470643,512000000100000;8,576284565000000;49,387710712999997
110511;110512;08;3;36;050;2016;02;09;3;3;5;3;0;1;1;1;0;0;0;0;399422,320000000010000;5273719,262500000200000;7,661760244000000;47,609071987000000
110512;110513;08;1;15;021;2016;02;13;3;3;5;3;0;1;1;1;0;0;0;0;489755,582999999980000;5382657,013000000300000;8,861056715000000;48,596909484999998
110513;110514;08;2;16;007;2016;02;16;3;3;6;6;0;0;0;1;1;0;0;0;435784,544300000010000;5394542,165000000000000;8,127264875000000;48,700608602999999
110516;110517;08;3;11;000;2016;02;10;5;2;6;2;0;0;0;1;1;0;0;0;417361,323399999990000;5315247,377399999600000;7,892486067000000;47,985188012999998
110518;110519;08;3;15;108;2016;02;22;7;3;0;1;2;1;1;0;0;0;0;0;404974,235999999980000;5304272,457000000400000;7,728937503000000;47,884747476999998
110527;110528;08;3;16;014;2016;02;13;6;2;0;1;0;0;1;0;0;0;0;0;425659,350700000010000;5330258,743400000000000;8,001068189000000;48,121244658000002
110528;110529;08;3;16;011;2016;03;08;6;3;5;3;0;1;1;1;0;0;0;0;414482,230199999990000;5329400,743999999900000;7,851080119000000;48,112123381000004
110530;110531;08;3;11;000;2016;03;20;5;3;1;7;2;1;1;1;0;0;0;0;413966,313100000030000;5315397,630800000400000;7,846965781000000;47,986091942000002
110531;110532;08;4;37;100;2016;03;16;4;3;6;6;0;1;1;0;1;0;0;0;537050,833199999990000;5317976,716699999800000;9,496825071000000;48,014009387000002
110532;110533;08;4;21;000;2016;03;16;5;3;3;2;0;1;1;1;0;0;0;0;571374,788700000030000;5360580,373900000000000;9,964200583000000;48,394342731999998
110534;110535;08;2;12;000;2016;03;07;6;3;5;3;0;0;1;1;0;0;0;0;455403,082899999980000;5427208,130500000000000;8,390319017000000;48,996161403999999
110535;110536;08;1;11;000;2016;02;09;2;3;6;4;0;0;0;0;1;1;0;0;516217,743499999980000;5398430,186999999900000;9,220576404999999;48,738679838000003
110537;110538;08;3;16;011;2016;02;06;6;3;6;4;2;0;0;1;1;0;0;0;415351,800800000030000;5329024,607800000300000;7,862834944000000;48,108856136000000
110542;110543;08;3;36;091;2016;02;06;6;2;5;3;2;0;1;1;0;0;0;0;396292,141500000030000;5271963,730100000300000;7,620539062000000;47,592787252000001
110543;110544;08;2;36;068;2016;02;14;7;2;6;4;0;0;0;1;1;0;0;0;486070,328299999990000;5412746,055300000100000;8,810057614000000;48,867518978000000
110544;110545;08;3;11;000;2016;03;12;6;3;0;2;0;1;1;0;0;0;0;1;413624,277500000030000;5318803,181800000400000;7,841697081000000;48,016679947999997
110546;110547;08;3;11;000;2016;03;15;5;3;3;2;0;1;1;1;0;0;0;0;413096,572600000010000;5317729,464800000200000;7,834839665000000;48,006949974000001
110547;110548;08;4;21;000;2016;03;15;4;2;6;7;0;1;0;0;1;0;1;0;573509,934000000010000;5361458,329699999700000;9,993193504000001;48,401994813999998
110551;110552;08;3;11;000;2016;02;23;6;3;6;7;2;0;0;1;1;0;0;0;413520,081300000020000;5316105,369800000500000;7,840844019000000;47,992398127999998
110555;110556;08;2;11;000;2016;03;17;4;2;6;4;0;1;0;1;1;0;0;0;439458,071899999980000;5398660,593000000300000;8,176580791999999;48,738021732999997
110556;110557;08;1;19;020;2016;03;16;3;3;0;1;0;0;1;0;0;0;0;0;519161,118100000020000;5409182,375799999600000;9,261109982000001;48,835321413000003
110559;110560;08;1;19;008;2016;03;12;7;2;6;4;0;0;0;1;1;0;0;0;532044,897200000010000;5420575,841400000300000;9,437567243000000;48,937280407000003
110560;110561;08;3;11;000;2016;02;14;6;3;6;4;0;0;0;0;1;0;0;1;411483,704800000010000;5314561,177299999600000;7,813873236000000;47,978229036000002
110570;110571;08;4;16;041;2016;03;07;6;3;3;2;0;0;1;0;0;0;0;0;504205,907499999970000;5373892,573499999900000;9,056955501999999;48,518131593000000
110572;110573;08;2;21;000;2016;02;09;7;3;5;5;0;0;1;1;0;0;0;0;476889,166099999970000;5475934,702999999700000;8,681240588000000;49,435641945000000
110575;110576;08;1;18;048;2016;03;09;4;3;0;7;0;1;1;0;0;0;0;0;513053,140900000000000;5415207,877999999600000;9,178068830999999;48,889684021000001
110577;110578;08;2;15;017;2016;02;17;1;3;6;6;0;0;1;0;1;0;0;0;459645,825499999980000;5419857,760099999600000;8,449047097999999;48,930334838999997
110578;110579;08;2;26;084;2016;02;14;6;3;3;5;0;0;1;1;0;0;0;0;468885,422499999990000;5470383,630400000100000;8,571285710000000;49,385354636999999
110579;110580;08;3;15;074;2016;03;07;6;3;5;3;0;0;1;1;0;0;0;0;396744,639399999990000;5294991,758899999800000;7,621104730000000;47,799998119999998
110582;110583;08;3;26;074;2016;03;16;4;3;5;3;0;1;1;1;0;0;0;0;459240,892999999980000;5323338,911000000300000;8,452941393000000;48,062025732000002
110584;110585;08;1;15;021;2016;03;15;3;3;5;3;0;0;1;1;0;0;0;0;490297,103400000020000;5382106,615600000100000;8,868414101999999;48,591966610999997
110586;110587;08;2;21;000;2016;02;07;6;3;5;3;0;0;1;1;0;0;0;0;476858,536900000010000;5475075,532100000400000;8,680868277000000;49,427912708000001
110588;110589;08;3;17;040;2016;03;17;4;3;5;3;0;1;1;1;0;0;0;0;432353,117099999970000;5347312,583499999700000;8,088283306999999;48,275403079000000
110590;110591;08;3;36;050;2016;03;12;5;3;5;3;0;1;1;1;0;0;0;0;399260,639599999990000;5273456,160500000200000;7,659670082000000;47,606680181999998
110594;110595;08;2;16;015;2016;02;16;7;3;5;2;0;0;1;0;0;0;0;0;449415,422700000000000;5406535,047000000300000;8,311029017999999;48,809743072000003
110596;110597;08;1;18;048;2016;02;14;7;3;5;3;0;0;1;1;0;0;0;0;515726,353899999990000;5414111,692400000100000;9,214493947999999;48,879760949999998
110597;110598;08;2;12;000;2016;03;15;6;3;5;3;0;1;1;0;0;0;0;1;459424,967200000010000;5429954,246100000100000;8,445024579000000;49,021140639000002
110600;110601;08;4;26;021;2016;03;19;5;3;6;1;2;1;0;1;1;0;0;0;558804,642600000020000;5327298,308799999800000;9,789786154000000;48,096236967000003
110606;110607;08;1;27;014;2016;02;16;1;3;8;1;0;0;1;0;0;0;0;0;576605,841200000020000;5442866,602400000200000;10,050175621999999;49,133852056000002
110607;110608;08;1;36;019;2016;02;01;7;3;0;1;2;0;1;0;0;0;0;0;582101,794800000030000;5424287,299100000400000;10,121738035000000;48,966043585000001
110609;110610;08;1;19;067;2016;02;19;7;3;6;4;2;0;0;1;1;0;0;0;538903,035599999940000;5406093,430499999800000;9,529832618000000;48,806611617999998
110612;110613;08;1;16;033;2016;02;14;1;2;0;7;0;0;1;0;0;0;0;0;533280,457000000050000;5388654,957700000100000;9,451851954000000;48,650065806000001
110620;110621;08;4;35;057;2016;02;13;2;3;6;4;0;1;0;0;1;1;0;0;544304,312500000000000;5279266,583300000100000;9,590121173000000;47,665274105000002
110621;110622;08;2;12;000;2016;03;08;3;3;4;6;0;0;1;0;0;0;0;0;455993,535800000010000;5428266,890200000300000;8,398275862000000;49,005727442999998
110623;110624;08;1;18;073;2016;03;11;5;3;5;3;0;1;1;1;0;0;0;0;497210,914999999980000;5419529,310999999800000;8,961922135000000;48,928689785000003
110626;110627;08;4;15;061;2016;03;08;6;3;5;2;0;0;1;1;0;0;0;0;516329,606499999990000;5373023,662899999900000;9,221097231000000;48,510116310000001
110627;110628;08;2;22;000;2016;03;17;5;3;5;3;0;1;1;1;0;0;0;0;462204,662000000010000;5481708,627000000300000;8,478158411000001;49,486840047000001
110628;110629;08;4;35;016;2016;02;07;2;3;1;5;0;1;1;1;0;0;0;0;534928,530799999950000;5278255,058600000100000;9,465162321999999;47,656747318000001
110630;110631;08;2;12;000;2016;03;08;3;2;5;2;0;0;1;0;0;0;1;0;456347,514000000020000;5427776,980999999700000;8,403168385000001;49,001345788999998
110638;110639;08;1;19;008;2016;02;18;6;2;6;4;2;0;0;1;1;0;0;0;532262,686499999950000;5422447,703599999700000;9,440689272000000;48,954107303000001
110643;110644;08;3;11;000;2016;03;05;4;3;0;1;2;0;1;0;0;0;0;0;413340,392200000000000;5318670,827800000100000;7,837917731000000;48,015450940000001
110645;110646;08;2;12;000;2016;02;19;2;3;1;5;2;1;1;1;0;0;0;0;453317,230700000010000;5431110,463299999900000;8,361356440000000;49,031108830999997
110648;110649;08;1;16;008;2016;02;13;7;3;6;4;0;0;0;1;1;0;0;0;520142,409999999970000;5379979,653900000300000;9,273057100000001;48,572583307000002
110649;110650;08;1;16;033;2016;02;09;6;3;5;2;0;0;1;0;0;0;0;1;533601,727700000050000;5388565,067099999600000;9,456206438000001;48,649239968000003
110651;110652;08;2;26;095;2016;03;07;6;3;0;1;0;2;1;0;0;0;0;0;475192,753399999990000;5460065,270100000300000;8,658832045000001;49,292831344000000
110653;110654;08;1;15;029;2016;02;14;7;2;6;4;0;0;1;0;1;0;0;0;497499,787699999990000;5398722,207000000400000;8,965992885000000;48,741512944000000
110654;110655;08;3;15;074;2016;03;15;6;3;6;1;0;1;0;1;1;0;0;0;396963,647899999980000;5295983,114900000400000;7,623792988000000;47,808950355000000
110655;110656;08;4;16;041;2016;02;14;2;3;6;7;0;1;0;0;1;0;0;1;503096,992800000010000;5374255,098100000100000;9,041941512999999;48,521399447999997
110657;110658;08;3;16;011;2016;03;21;4;2;0;1;2;1;1;0;0;0;0;0;417067,545900000030000;5331228,531600000300000;7,885450941000000;48,128906827999998
110659;110660;08;1;21;000;2016;03;19;6;3;5;3;2;1;1;1;0;0;0;0;513825,184899999990000;5442131,073300000300000;9,189517886999999;49,131856245000002
110660;110661;08;1;11;000;2016;02;16;7;3;5;3;0;0;1;0;0;0;0;0;511755,648999999980000;5400991,821000000500000;9,159961192000001;48,761824412999999
110663;110664;08;3;26;074;2016;02;10;2;2;6;2;0;1;0;1;1;0;0;0;464300,233499999970000;5322489,409199999600000;8,520914882000000;48,054686181999998
110665;110666;08;4;36;009;2016;03;10;3;3;6;7;0;2;0;0;1;0;0;1;556223,755200000010000;5307787,675099999600000;9,752568207000000;47,920944612000000
110666;110667;08;4;37;088;2016;02;01;7;3;1;1;2;0;1;1;0;0;0;0;519177,797900000010000;5307980,741899999800000;9,256718061999999;47,924860637000002
110667;110668;08;1;17;026;2016;03;11;5;3;6;4;0;0;0;1;1;0;0;0;547304,631199999950000;5395421,765599999600000;9,643023225000000;48,710032728000002
110668;110669;08;1;16;049;2016;03;17;6;2;5;3;1;1;1;1;0;0;0;0;524560,114999999990000;5385827,901499999700000;9,333289919000000;48,625037104000000
110679;110680;08;3;17;041;2016;03;15;6;3;0;1;0;1;1;0;0;0;0;0;438450,958999999970000;5348214,088999999700000;8,170326785000000;48,284135005000003
110683;110684;08;4;21;000;2016;03;12;6;3;6;4;0;0;0;0;1;0;0;1;573114,185700000030000;5360922,795400000200000;9,987754100000000;48,397223592000003
110687;110688;08;2;22;000;2016;03;14;3;3;5;3;0;0;1;1;0;0;0;0;462515,047199999970000;5484547,832999999600000;8,482174327999999;49,512396443999997
110693;110694;08;3;17;057;2016;02;11;2;3;8;1;0;0;1;0;0;0;0;0;415159,523899999970000;5379882,403699999700000;7,850008517000000;48,566289206999997
110695;110696;08;2;12;000;2016;03;17;4;2;6;4;0;0;0;0;1;0;0;1;455199,257400000000000;5431173,003399999800000;8,387095018000000;49,031810995000001
110699;110700;08;3;17;096;2016;02;15;2;3;5;3;0;0;1;1;0;0;0;0;422802,307700000000000;5368640,249099999700000;7,955666334000000;48,466155415000003
110702;110703;08;3;15;076;2016;03;16;5;3;6;6;0;0;0;1;1;0;0;0;392415,280700000000000;5296456,929600000400000;7,562944372000000;47,812467875000003
110704;110705;08;2;22;000;2016;03;07;6;3;5;3;0;1;1;1;0;0;0;0;466688,189599999980000;5481597,030299999800000;8,540069800000000;49,486098966000000
110706;110707;08;4;35;066;2016;02;15;6;2;4;6;0;0;1;1;0;0;0;0;519588,581000000010000;5287341,150999999600000;9,261283000000001;47,739146429000002
110708;110709;08;4;35;059;2016;02;13;6;3;6;4;0;0;0;1;1;0;0;0;512259,631999999980000;5290619,102699999700000;9,163618510999999;47,768820845999997
110709;110710;08;2;15;017;2016;03;13;6;3;0;3;0;0;1;0;0;0;0;1;455689,009399999980000;5420428,490799999800000;8,394965922000001;48,935197998000000
110710;110711;08;3;17;057;2016;02;15;2;3;5;3;0;0;1;1;0;0;0;0;412462,525399999980000;5380616,596500000000000;7,813304894000000;48,572521922000000
110711;110712;08;2;12;000;2016;03;12;5;3;5;1;0;1;1;0;0;0;0;0;455749,891999999990000;5428586,011800000400000;8,394909801000001;49,008580553999998
110712;110713;08;2;26;084;2016;03;13;4;3;6;2;0;0;0;1;1;0;0;0;469131,752099999980000;5469933,800099999600000;8,574714602000000;49,381321053999997
110714;110715;08;3;11;000;2016;02;07;5;3;5;1;0;1;1;1;0;0;0;0;411197,508199999980000;5315395,876199999800000;7,809866435000000;47,985697717999997
110718;110719;08;4;21;000;2016;02;13;6;3;6;4;0;0;0;1;1;0;0;0;570745,551600000010000;5362146,965800000400000;9,955965508000000;48,408505615000003