FID;OBJECTID;ULAND;UREGBEZ;UKREIS;UGEMEINDE;UJAHR;UMONAT;USTUNDE;UWOCHENTAG;UKATEGORIE;UART;UTYP1;ULICHTVERH;IstStrasse;IstRad;IstPKW;IstFuss;IstKrad;IstGkfz;IstSonstig;LINREFX;LINREFY;XGCSWGS84;YGCSWGS84
110719;110720;08;3;11;000;2016;02;11;5;3;1;5;0;1;1;1;0;0;0;0;412860,035500000000000;5316842,826799999900000;7,831849077000000;47,998942182999997
110720;110721;08;4;26;021;2016;02;19;6;2;6;4;2;0;0;1;1;0;0;0;559681,444499999980000;5328870,495099999900000;9,801780945999999;48,110299048000002
110722;110723;08;3;11;000;2016;02;10;2;3;5;2;0;0;1;1;0;0;0;0;415070,654800000020000;5317706,110600000200000;7,861306380000000;48,007005272999997
110724;110725;08;1;15;021;2016;03;15;6;3;5;3;0;1;1;1;0;0;0;0;490310,481000000030000;5383128,757000000200000;8,868571672000000;48,601162232999997
110726;110727;08;3;36;050;2016;02;07;5;3;5;3;1;1;1;1;0;0;0;0;399497,070000000010000;5273809,634999999800000;7,662733827000000;47,609896515999999
110728;110729;08;4;16;041;2016;03;21;3;2;4;2;2;1;1;1;0;0;0;0;503566,734699999970000;5374418,817400000100000;9,048304464999999;48,522869833000001
110731;110732;08;1;15;003;2016;03;11;5;3;6;7;0;0;0;1;1;0;0;0;500458,606499999990000;5390449,753100000300000;9,006228633999999;48,667098134000000
110733;110734;08;1;11;000;2016;03;18;5;3;6;4;2;1;0;1;1;0;0;0;513042,132500000010000;5403490,808400000400000;9,177545766000000;48,784279501000000
110734;110735;08;4;15;061;2016;03;21;6;3;6;4;2;1;0;1;1;0;0;0;513001,126200000000000;5371521,679399999800000;9,175984223000000;48,496681670000001
110735;110736;08;4;21;000;2016;02;06;6;3;6;2;1;0;0;1;1;0;0;0;572269,364500000030000;5356823,854899999700000;9,975637651000000;48,360449865000000
110737;110738;08;2;12;000;2016;03;10;3;3;5;2;0;0;1;1;0;0;0;0;456271,304899999990000;5425935,837200000000000;8,402324640000000;48,984779052999997
110740;110741;08;4;16;036;2016;02;07;6;3;6;2;0;0;0;1;1;0;0;0;495463,793899999990000;5369343,593100000200000;8,938621090000000;48,477204848000000
110741;110742;08;2;12;000;2016;02;16;5;3;6;2;0;0;0;1;1;0;0;0;454966,359100000000000;5427500,320700000000000;8,384316567000001;48,998757982999997
110743;110744;08;3;15;006;2016;03;16;6;3;0;3;0;1;1;1;0;0;0;0;403663,910800000010000;5306830,798399999700000;7,710843976000000;47,907564610000001
110747;110748;08;2;12;000;2016;02;18;5;3;6;2;2;0;0;1;1;0;0;0;455691,913999999990000;5427922,053999999500000;8,394189492000001;49,002604024000000
110750;110751;08;1;36;079;2016;03;19;5;2;6;4;2;1;0;0;1;0;0;1;560208,582199999950000;5401792,224999999600000;9,819343851999999;48,766223334000003
110753;110754;08;2;21;000;2016;03;12;4;3;5;3;0;1;1;1;0;0;0;0;477672,700000000010000;5475382,894899999700000;8,692078494000000;49,430707818000002
110755;110756;08;2;37;028;2016;03;20;3;2;6;2;2;1;0;1;1;0;0;0;455926,178599999980000;5368750,394200000000000;8,403721105000001;48,470339946000003
110757;110758;08;3;17;065;2016;02;10;7;3;5;2;0;0;0;1;1;0;0;0;416143,119799999990000;5354742,839999999900000;7,868374811000000;48,340298504000003
110758;110759;08;3;35;063;2016;02;16;6;3;5;3;0;0;1;1;0;0;0;0;498492,270000000020000;5287136,227000000000000;8,979889691000000;47,737598265999999
110764;110765;08;2;15;106;2016;03;07;4;3;5;3;0;1;1;1;0;0;0;0;467406,374599999980000;5454030,549599999600000;8,552242376000001;49,238183724000002
110766;110767;08;1;19;085;2016;02;19;2;3;6;4;2;1;0;1;1;0;0;0;529400,259700000050000;5413922,826799999900000;9,400977022999999;48,877564280000001
110767;110768;08;1;28;139;2016;03;15;6;3;5;3;0;1;1;1;0;0;0;0;550917,086299999970000;5491153,910899999600000;9,704220831000001;49,570832877000001
110769;110770;08;2;22;000;2016;02;17;5;3;6;7;0;0;1;0;1;0;0;0;462577,656599999990000;5481077,733000000000000;8,483367850000001;49,481188592000002
110771;110772;08;2;21;000;2016;02;17;2;3;5;2;0;0;1;1;0;0;0;0;476926,659500000010000;5473902,071000000500000;8,681875948000000;49,417360230000000
110772;110773;08;2;12;000;2016;03;00;3;3;4;6;2;0;1;0;0;0;0;0;456456,884100000020000;5428408,516300000300000;8,404595924000001;49,007034251999997
110773;110774;08;3;15;015;2016;02;08;7;3;5;3;0;0;1;1;0;0;0;0;395130,082600000020000;5320535,184399999700000;7,593335690000000;48,029490500000001
110774;110775;08;1;11;000;2016;03;12;5;3;5;3;0;0;1;1;0;0;0;0;513399,098000000000000;5404379,461100000000000;9,182434177999999;48,792266146000003
110775;110776;08;1;11;000;2016;03;16;6;3;5;3;0;1;1;1;0;0;0;0;512578,723100000000000;5401729,026899999900000;9,171183394000000;48,768440188000000
110776;110777;08;4;36;064;2016;03;07;6;3;0;6;0;2;1;1;0;0;0;0;546112,233800000050000;5293056,644899999700000;9,615661188000001;47,789218263999999
110777;110778;08;2;26;009;2016;02;12;5;3;5;3;0;0;1;1;0;0;0;0;466381,864599999970000;5471634,974700000100000;8,536685567999999;49,396477062000002
110782;110783;08;3;17;041;2016;02;12;6;2;6;4;0;0;0;1;1;0;0;0;437867,857499999980000;5348154,599100000200000;8,162476269000001;48,283542875999999
110783;110784;08;2;21;000;2016;02;13;2;3;1;5;0;0;1;1;0;0;0;0;477680,837999999990000;5472672,404000000100000;8,692343169000001;49,406327707999999
110786;110787;08;1;11;000;2016;03;18;5;3;2;6;2;1;1;0;0;1;0;0;511594,713899999970000;5406676,426199999600000;9,157931722000001;48,812965661000000
110787;110788;08;2;12;000;2016;02;18;7;3;5;3;2;0;1;0;0;0;0;0;455636,156499999980000;5426162,823800000400000;8,393619286000000;48,986775532000003
110788;110789;08;1;11;000;2016;03;06;5;3;5;2;1;1;1;1;0;0;0;0;511933,326999999990000;5400903,640200000300000;9,162376321000000;48,761027761999998
110793;110794;08;2;22;000;2016;03;09;2;3;5;3;0;0;1;1;0;0;0;0;463154,881899999980000;5481001,205799999600000;8,491343499999999;49,480535582000002
110794;110795;08;2;15;084;2016;03;12;5;3;6;7;0;0;0;1;1;0;0;0;472737,379000000020000;5447901,064299999700000;8,625891953000000;49,183309061000003
110795;110796;08;2;16;015;2016;03;19;2;2;6;5;2;0;0;1;1;0;0;0;450751,456000000010000;5404284,294999999900000;8,329494629999999;48,789604171999997
110796;110797;08;1;11;000;2016;03;13;3;2;6;4;0;0;0;0;1;0;0;1;512301,424400000020000;5402801,012799999700000;9,167441729000000;48,778089244999997
110797;110798;08;1;21;000;2016;03;21;6;3;6;7;2;0;0;1;1;0;0;0;508991,180400000010000;5447906,126500000200000;9,123381738000001;49,183894613000000
110798;110799;08;1;16;080;2016;03;15;3;3;6;3;0;1;0;1;1;0;0;0;521658,582400000010000;5395623,556499999900000;9,294428559000000;48,713266189000002
110800;110801;08;2;15;096;2016;03;14;3;3;1;5;0;1;1;0;0;0;0;1;463855,855800000020000;5418769,797700000000000;8,506620429000000;48,920808416000000
110801;110802;08;2;12;000;2016;03;18;5;3;1;5;1;0;1;1;0;0;0;0;455602,874799999990000;5428446,304700000200000;8,392914836999999;49,007313314999998
110802;110803;08;1;15;045;2016;03;16;3;2;6;4;0;0;0;1;1;0;0;0;500776,407599999980000;5397176,681900000200000;9,010557544999999;48,727613884000000
110803;110804;08;3;17;001;2016;03;16;5;2;5;2;0;0;1;0;0;0;0;1;431778,766200000010000;5387056,379400000000000;8,074065112000000;48,632849026000002
110804;110805;08;2;22;000;2016;03;16;4;3;5;3;0;0;1;1;0;0;0;0;461861,773200000000000;5481145,417200000000000;8,473478668000000;49,481752815999997
110805;110806;08;1;17;018;2016;03;07;2;3;3;7;0;1;1;1;0;0;0;0;539374,626500000010000;5396278,801099999800000;9,535315958000000;48,718293484999997
110808;110809;08;2;16;024;2016;03;07;5;3;5;3;0;0;1;1;0;0;0;0;445199,761100000000000;5409086,500599999900000;8,253274980000001;48,832336275999999
110814;110815;08;1;16;049;2016;03;13;3;3;5;3;0;1;1;1;0;0;0;0;524571,616000000040000;5384546,620099999900000;9,333370080000000;48,613510165999998
110815;110816;08;4;26;066;2016;03;11;7;2;6;7;0;0;0;1;1;0;0;0;584049,087999999990000;5324878,870000000100000;10,128302067000000;48,071643344000002
110821;110822;08;1;15;028;2016;03;16;6;3;6;7;0;0;0;1;1;0;0;0;501403,386899999980000;5407400,834900000100000;9,019118063000001;48,819588971999998
110824;110825;08;1;15;003;2016;03;07;6;3;6;4;1;0;0;1;1;0;0;0;501457,557399999990000;5392589,420099999800000;9,019803581000000;48,686345308999996
110827;110828;08;1;19;079;2016;03;20;2;3;6;2;2;0;0;1;1;0;0;0;523049,181400000000000;5408695,630599999800000;9,314064778000001;48,830810608000000
110828;110829;08;1;11;000;2016;03;18;6;3;5;3;2;0;1;1;0;0;0;0;512481,854799999970000;5401347,953300000200000;9,169853562000000;48,765014022000003
110831;110832;08;1;15;028;2016;03;14;5;3;6;7;0;0;0;1;1;0;0;0;501189,596800000000000;5405306,820600000200000;9,016199574000000;48,800751845999997
110833;110834;08;2;22;000;2016;03;13;2;2;5;7;0;0;1;1;0;0;0;0;460870,972000000010000;5482088,258000000400000;8,459707375000001;49,490170089000003
110834;110835;08;1;18;048;2016;03;18;2;3;0;7;2;0;1;1;0;0;0;0;513500,600299999990000;5415715,545900000300000;9,184189741999999;48,894241282000003
110836;110837;08;1;36;065;2016;03;10;5;3;6;4;0;0;0;1;1;0;0;0;558518,331699999980000;5404853,384999999800000;9,796780296000000;48,793919967999997
110837;110838;08;3;11;000;2016;03;16;3;3;0;7;0;1;1;0;0;0;0;0;414100,484000000000000;5316103,180499999800000;7,848622402000000;47,992456666999999
110838;110839;08;2;21;000;2016;03;09;2;3;0;7;0;0;1;0;0;0;0;0;479350,959299999990000;5472435,720700000400000;8,715376828000000;49,404257733999998
110840;110841;08;1;16;033;2016;03;11;2;3;4;5;0;0;1;1;0;0;0;0;533915,400200000030000;5388576,595700000400000;9,460465932000000;48,649326731999999
110841;110842;08;2;12;000;2016;03;20;4;3;6;4;2;0;0;1;1;0;0;0;454758,723799999980000;5426358,008299999900000;8,381605222999999;48,988467583999999
110842;110843;08;3;36;045;2016;03;18;7;2;6;7;0;0;0;1;1;0;0;0;399403,438100000030000;5285226,351700000500000;7,658860270000000;47,712578293999997
110843;110844;08;4;15;073;2016;03;16;1;3;1;5;0;0;1;1;0;0;0;0;517348,893700000020000;5351022,590900000200000;9,233988039000000;48,312157095000003
110845;110846;08;2;15;096;2016;03;16;2;3;6;7;0;0;0;1;1;0;0;0;463522,937299999990000;5418835,129099999600000;8,502070316999999;48,921376569000003
110850;110851;08;1;15;045;2016;03;13;3;3;0;1;0;1;1;0;0;0;0;0;497038,248399999980000;5396465,378499999600000;8,959731388000000;48,721208410999999
110851;110852;08;3;35;075;2016;03;13;7;3;0;1;0;0;1;0;0;0;0;0;488913,525700000000000;5288503,315499999600000;8,852092501000000;47,749805225999999
110852;110853;08;2;12;000;2016;03;20;3;2;0;7;2;0;1;0;0;0;0;0;455998,620000000000000;5428819,858599999900000;8,398285443000001;49,010701816000001
110856;110857;08;1;11;000;2016;03;20;6;3;5;3;2;0;1;1;0;0;0;0;517122,851199999980000;5408657,038200000300000;9,233312678000001;48,830655139999998
110857;110858;08;3;27;050;2016;03;08;7;1;6;4;0;0;0;1;1;0;0;0;486497,385200000020000;5314180,961199999800000;8,819056024000000;47,980790044999999
110859;110860;08;1;36;088;2016;03;13;3;3;6;3;0;1;0;1;1;0;0;0;580274,216999999950000;5410346,970400000000000;10,094032570000000;48,840902649000000
110862;110863;08;1;17;060;2016;03;16;4;3;5;3;0;0;1;0;0;0;0;1;542253,421500000050000;5387908,655000000300000;9,573596916000000;48,642809976000002
110865;110866;08;3;37;096;2016;03;15;2;3;5;3;0;0;1;1;0;0;0;0;420806,336699999990000;5267310,900799999900000;7,947386145000000;47,554386520000001
110867;110868;08;3;37;002;2016;03;17;2;2;6;4;0;0;0;1;1;0;0;0;434028,051400000000000;5270802,528300000400000;8,122576529000000;47,587278159999997
110868;110869;08;2;15;009;2016;03;07;3;3;6;4;0;0;0;1;1;0;0;0;470305,977200000020000;5441341,326999999600000;8,593011863999999;49,124190356000000
110869;110870;08;3;17;026;2016;03;17;7;3;5;3;0;0;1;1;0;0;0;0;412048,672100000030000;5346304,554399999800000;7,814891897000000;48,263841182999997
110870;110871;08;3;36;006;2016;03;07;2;3;6;7;0;0;0;1;1;0;0;0;390108,874100000020000;5285059,401800000100000;7,535028547000000;47,709561778000001
110874;110875;08;1;36;065;2016;03;07;4;3;1;5;0;0;1;1;0;0;0;0;560441,982800000000000;5405495,749400000100000;9,823064303000001;48,799514018000004
110877;110878;08;3;36;081;2016;03;11;2;3;6;7;0;1;0;0;1;0;0;1;411917,029299999990000;5278118,744599999900000;7,827085303000000;47,650468029000002
110879;110880;08;1;18;048;2016;03;15;5;3;5;2;0;0;1;1;0;0;0;0;515312,248100000030000;5415667,212700000000000;9,208904220999999;48,893764365000003
110880;110881;08;3;37;096;2016;03;07;3;3;5;2;0;0;1;0;0;0;0;0;421100,015000000010000;5267662,487999999900000;7,951225817000000;47,557585285999998
110882;110883;08;1;11;000;2016;03;14;2;3;1;5;0;0;1;1;0;0;0;0;508005,194299999970000;5407010,748700000300000;9,109045473000000;48,816029804999999
110883;110884;08;1;17;019;2016;03;07;4;3;6;4;0;0;0;1;1;0;0;0;551913,439200000020000;5393507,428399999600000;9,705426431999999;48,692445845999998
110886;110887;08;1;16;019;2016;03;10;4;3;5;3;0;0;1;0;0;0;0;1;523506,730500000010000;5398331,833499999700000;9,319706439000001;48,737562660000002
110888;110889;08;2;12;000;2016;03;17;1;3;4;6;0;0;1;0;0;0;0;0;457573,278600000020000;5428138,493999999900000;8,419888773000000;49,004683120999999
110890;110891;08;1;17;026;2016;03;11;2;2;4;1;0;0;1;1;0;0;0;0;548429,785700000010000;5395146,834200000400000;9,658284417999999;48,707473219999997
110894;110895;08;3;35;043;2016;03;18;2;2;5;3;1;0;1;1;0;0;0;0;510574,882700000020000;5281023,245299999600000;9,140900687000000;47,682511085999998
110895;110896;08;4;17;031;2016;03;09;2;2;6;7;0;0;0;1;1;0;0;0;497167,986600000000000;5356910,595200000300000;8,961764308999999;48,365361086999997
110896;110897;08;4;15;078;2016;03;12;5;3;0;7;0;0;1;0;0;0;0;0;529520,081299999960000;5371168,605000000400000;9,399557005000000;48,492946328999999
110897;110898;08;3;11;000;2016;03;22;7;3;4;6;2;0;1;0;0;0;0;0;413355,342100000010000;5317593,334200000400000;7,838335886000000;48,005760569000003
110900;110901;08;4;21;000;2016;03;18;6;3;4;2;2;0;1;1;0;0;0;0;571480,248999999950000;5362412,382000000200000;9,965937034000000;48,410810200000000
110907;110908;08;3;27;018;2016;03;18;2;3;5;3;0;0;1;1;0;0;0;0;473515,119400000030000;5307679,600499999700000;8,645487965999999;47,921890924000003
110909;110910;08;3;15;006;2016;03;07;2;3;0;2;0;0;1;1;0;0;0;0;402556,177399999990000;5308186,716799999600000;7,695717887000000;47,919593732000003
110910;110911;08;3;17;096;2016;03;16;5;3;5;3;0;0;1;0;0;0;0;1;422545,328199999990000;5374462,571499999600000;7,951110778000000;48,518495059000003
110911;110912;08;3;11;000;2016;03;05;7;3;0;1;2;0;1;0;0;0;0;0;413987,457999999980000;5316594,974000000400000;7,847009181000000;47,996865339000003
110914;110915;08;2;12;000;2016;03;10;3;3;6;4;0;0;1;0;1;0;0;0;455690,222599999980000;5428521,448099999700000;8,394100956999999;49,007995516000001
110925;110926;08;2;12;000;2016;03;15;7;2;6;2;0;0;0;1;1;0;0;0;457896,651900000000000;5428229,475599999500000;8,424300668000001;49,005523660000001
110928;110929;08;1;11;000;2016;03;07;4;3;1;5;0;0;1;1;0;0;0;0;510667,421800000010000;5406593,876299999700000;9,145298965000000;48,812239664000003
110931;110932;08;3;36;045;2016;03;16;5;3;6;7;0;0;0;1;1;0;0;0;399008,941200000000000;5280367,501600000100000;7,654727041000000;47,668810440000001
110933;110934;08;3;37;096;2016;03;07;6;2;5;3;1;0;1;1;0;0;0;0;420438,042900000000000;5267017,999699999600000;7,942544789000000;47,551706449999998
110934;110935;08;4;16;041;2016;03;09;4;3;5;3;0;0;1;1;0;0;0;0;504290,507199999990000;5373875,015999999800000;9,058100952000000;48,517973067000000
110935;110936;08;3;11;000;2016;03;15;3;3;5;2;0;0;1;1;0;0;0;0;414177,348799999980000;5315693,544200000400000;7,849734365000000;47,988782151999999
110937;110938;08;3;11;000;2016;03;11;2;3;3;2;0;0;1;0;0;0;1;0;414614,907599999980000;5317764,284799999600000;7,855185609000000;48,007467847000001
110940;110941;08;3;11;000;2016;03;13;5;2;6;4;0;0;0;1;1;0;0;0;414040,787000000010000;5317867,400999999600000;7,847468934000000;48,008318451999997
110946;110947;08;1;15;028;2016;03;13;2;2;6;4;0;0;0;1;1;0;0;0;501257,902999999990000;5405262,816999999800000;9,017129612000000;48,800355858000003
110950;110951;08;3;11;000;2016;03;18;2;3;0;1;0;0;1;0;0;0;0;0;414447,841000000010000;5316711,290300000500000;7,853156102000000;47,997973420999998
110951;110952;08;2;15;009;2016;03;05;1;3;6;4;2;1;0;1;1;0;0;0;468012,427900000010000;5441433,181300000300000;8,561569980000000;49,124901510000001
110952;110953;08;3;11;000;2016;03;16;2;3;6;5;0;0;0;1;1;0;0;0;409844,599200000000000;5315553,011199999600000;7,791705859000000;47,986921905999999
110953;110954;08;2;12;000;2016;03;00;1;3;5;2;2;0;1;1;0;0;0;0;456537,404800000020000;5428428,002999999600000;8,405694808000000;49,007215213000002
110955;110956;08;2;12;000;2016;03;11;7;3;5;2;0;0;1;1;0;0;0;0;459212,527200000010000;5431119,085099999800000;8,442001872000001;49,031604526999999
110958;110959;08;1;15;003;2016;03;18;2;3;6;4;1;0;0;1;1;0;0;0;501517,931800000020000;5391706,193099999800000;9,020620634000000;48,678399554999999
110961;110962;08;2;15;108;2016;03;10;2;3;0;1;0;0;1;0;0;0;0;0;449535,662799999990000;5424697,567699999500000;8,310423375999999;48,973127200999997
110962;110963;08;3;11;000;2016;03;14;5;3;3;6;0;0;1;1;0;0;0;0;413898,374000000010000;5317720,540000000000000;7,845589363000000;48,006978214999997
110963;110964;08;2;12;000;2016;03;14;2;3;5;3;0;0;1;1;0;0;0;0;452214,431700000020000;5427374,829400000200000;8,346710474000000;48,997422296000003
110967;110968;08;1;28;007;2016;03;07;3;3;6;7;2;1;0;0;1;0;0;1;556045,844999999970000;5482450,394999999600000;9,773911907000001;49,492100452999999
110970;110971;08;1;19;042;2016;03;13;1;3;5;3;0;0;1;1;0;0;0;0;529266,314499999980000;5415217,320399999600000;9,399242931000000;48,889215339000003
110971;110972;08;1;17;024;2016;03;13;3;3;0;7;0;1;1;0;0;0;0;0;561926,128499999990000;5385335,020899999900000;9,840247345000000;48,618020147999999
110973;110974;08;3;17;041;2016;03;13;4;3;6;6;0;0;1;0;1;0;0;0;438074,136100000000000;5348163,082800000000000;8,165255296000000;48,283639409000003
110974;110975;08;4;21;000;2016;03;15;3;2;6;4;0;0;0;0;1;0;0;1;573310,351700000000000;5360920,690800000000000;9,990403474000001;48,397181881000002
110976;110977;08;4;16;041;2016;03;09;3;3;2;6;0;0;1;1;0;0;0;0;504392,447800000020000;5374349,160699999900000;9,059486399000001;48,522237941000000
110977;110978;08;2;12;000;2016;03;17;2;3;5;3;0;0;1;1;0;0;0;0;455403,189799999990000;5427209,605100000300000;8,390320317000001;48,996174676000003
110978;110979;08;3;11;000;2016;03;18;5;2;6;4;1;0;0;1;1;0;0;0;411560,834600000000000;5315891,854700000000000;7,814632496000000;47,990209524999997
110979;110980;08;2;36;071;2016;03;14;2;3;0;7;0;0;1;0;0;0;0;1;468638,514299999980000;5421019,846900000200000;8,571730171000001;48,941309463000003
110981;110982;08;1;15;021;2016;03;16;3;3;0;7;0;0;0;0;1;0;0;1;489500,712400000020000;5381847,818400000200000;8,857620415000000;48,589625564000002
110983;110984;08;4;16;041;2016;03;21;3;3;0;3;2;0;1;1;0;0;0;0;503627,183000000020000;5374138,393000000200000;9,049120679000000;48,520346687000000
110987;110988;08;1;19;085;2016;03;16;1;2;6;1;0;0;1;0;1;0;0;0;529108,956000000010000;5413886,500000000000000;9,397001575999999;48,877251244999997
110988;110989;08;4;16;041;2016;03;07;3;3;5;3;0;0;1;1;0;0;0;0;503807,408700000030000;5372957,788200000300000;9,051550587000000;48,509724456999997
110989;110990;08;2;12;000;2016;03;08;2;3;6;2;0;0;0;1;1;0;0;0;460829,465600000000000;5427607,139499999600000;8,464460567000000;49,000118720000003
110990;110991;08;2;31;000;2016;03;12;5;2;0;7;0;0;1;0;0;0;0;0;475798,958300000000000;5413859,134899999900000;8,669935197999999;48,877216099999998
110991;110992;08;2;26;040;2016;03;19;2;2;1;5;2;0;1;1;0;0;0;0;474827,623900000010000;5495286,750300000400000;8,651572332000001;49,609624635999999
110994;110995;08;1;18;054;2016;03;11;1;3;1;5;0;0;1;1;0;0;0;0;518971,111700000010000;5423652,962200000000000;9,259192997000000;48,965500024000001
110995;110996;08;2;12;000;2016;03;08;6;3;6;4;0;0;0;1;1;0;0;0;453774,469500000010000;5428565,552000000100000;8,367901252999999;49,008251706000003
110997;110998;08;2;37;028;2016;03;14;6;3;6;4;0;0;0;1;1;0;0;0;456256,706200000020000;5368784,707000000400000;8,408189005000001;48,470671701999997
110999;111000;08;3;17;057;2016;03;07;4;3;5;3;0;0;1;1;0;0;0;0;413716,519600000000000;5379983,152300000200000;7,830432268000000;48,566998388999998
111000;111001;08;3;11;000;2016;03;08;3;2;6;4;0;0;1;0;1;0;0;0;413993,090600000000000;5316143,035299999600000;7,847175241000000;47,992800740000000
111002;111003;08;2;26;103;2016;03;09;2;3;5;7;0;0;1;0;0;0;0;1;472307,075000000010000;5457206,565399999700000;8,619344854000000;49,266993374999998
111003;111004;08;3;27;046;2016;03;07;3;3;6;2;1;0;0;1;1;0;0;0;480075,069800000000000;5325171,319400000400000;8,732482296000001;48,079502949000002
111004;111005;08;2;22;000;2016;03;17;7;3;5;3;0;0;1;1;0;0;0;0;461324,134700000000000;5482198,421299999600000;8,465953566000000;49,491190002000003
111011;111012;08;2;21;000;2016;03;18;2;3;6;2;2;1;0;1;1;0;0;0;476599,091200000020000;5469627,528500000000000;8,677611446000000;49,378898845999998
111014;111015;08;3;11;000;2016;03;18;4;3;5;3;1;0;0;1;1;0;0;0;415211,111199999980000;5317600,112800000200000;7,863210126000000;48,006070430000001
111016;111017;08;3;26;052;2016;03;11;7;3;6;4;0;1;0;1;1;0;0;0;450425,907000000010000;5330452,982800000300000;8,333810152000000;48,125402813999997
111017;111018;08;2;26;006;2016;03;12;2;2;4;6;0;0;1;1;0;0;1;0;484056,746400000000000;5466418,639499999600000;8,780481279000000;49,350275801999999
111019;111020;08;2;22;000;2016;03;14;2;3;5;3;0;0;1;1;0;0;0;0;464107,556400000000000;5483349,290099999900000;8,504281663000000;49,501712533999999
111020;111021;08;3;17;096;2016;03;13;7;3;0;7;0;0;1;0;0;0;0;0;422084,966000000010000;5370702,301599999900000;7,945579490000000;48,484614944999997
111022;111023;08;2;11;000;2016;03;10;7;3;6;2;0;0;0;1;1;0;0;0;444146,967799999980000;5401029,060200000200000;8,240026241000001;48,759764640999997
111026;111027;08;3;16;009;2016;03;07;3;3;5;3;0;1;1;1;0;0;0;0;416821,203199999990000;5324641,186800000300000;7,883424948000000;48,069619412999998
111028;111029;08;3;15;074;2016;03;10;3;3;6;7;0;0;0;1;1;0;0;0;397000,918699999980000;5295974,799300000100000;7,624292623000000;47,808881524000000
111029;111030;08;2;22;000;2016;03;20;2;3;1;5;2;1;1;1;0;0;0;0;462913,188800000000000;5482674,767000000000000;8,487849995000000;49,495573696999998
111031;111032;08;2;22;000;2016;03;16;2;3;6;4;0;0;0;1;1;0;0;0;462974,332999999980000;5478764,247000000400000;8,489060392000001;49,460404220000001
111034;111035;08;2;35;046;2016;03;15;4;3;6;7;0;0;0;1;1;0;0;0;479664,714299999990000;5377652,190200000100000;8,724442004000000;48,551638750000002
111035;111036;08;1;19;085;2016;03;11;3;3;0;7;0;0;1;1;0;0;0;0;529636,988999999940000;5413456,727000000000000;9,404171806000001;48,873360165999998
111038;111039;08;3;11;000;2016;03;16;3;3;0;7;0;1;1;0;0;0;0;0;413186,299200000010000;5316783,419900000100000;7,836233874000000;47,998452188000002
111040;111041;08;1;15;034;2016;03;15;1;2;6;4;0;0;1;0;1;0;0;0;483340,978400000020000;5375611,673999999600000;8,774339241000000;48,533390173999997
111042;111043;08;3;35;043;2016;03;15;3;3;6;4;0;1;0;1;1;0;0;0;513457,417499999980000;5279841,156299999900000;9,179271229999999;47,671821471999998
111043;111044;08;1;15;024;2016;03;12;2;3;1;1;0;0;1;1;0;0;0;0;500704,506100000000000;5387376,468999999600000;9,009563127000000;48,639450148999998
111047;111048;08;2;15;017;2016;03;17;2;3;6;4;0;0;0;1;1;0;0;0;456506,248700000000000;5421765,087700000000000;8,405981423000000;48,947278978000000
111050;111051;08;2;26;041;2016;03;17;5;3;1;5;0;0;1;1;0;0;0;0;476113,145000000020000;5464482,794300000200000;8,671225397000001;49,332603556999999
111051;111052;08;1;11;000;2016;03;10;1;3;5;2;0;0;1;1;0;0;0;0;511837,258600000000000;5403385,003600000400000;9,161140545000000;48,783351787999997
111052;111053;08;1;25;005;2016;03;19;6;3;0;1;2;0;1;0;0;0;0;0;515435,205800000000000;5452402,405100000100000;9,211982379000000;49,224211375000003
111054;111055;08;2;22;000;2016;03;20;4;3;5;3;2;0;1;1;0;0;0;0;460815,737800000000000;5488272,702300000000000;8,458330697999999;49,545791913999999
111055;111056;08;2;12;000;2016;03;13;3;2;6;4;0;1;1;0;1;0;0;0;456795,323600000000000;5428777,285799999700000;8,409184205000001;49,010375166000003
111056;111057;08;1;11;000;2016;03;07;2;3;0;7;0;0;1;0;0;0;0;0;511536,564100000020000;5406795,585400000200000;9,157143016999999;48,814038685000000
111059;111060;08;2;15;021;2016;03;11;2;3;0;7;0;0;1;0;0;0;0;0;469429,346299999980000;5444551,318300000400000;8,580753566000000;49,153021758000001
111061;111062;08;2;11;000;2016;03;20;6;3;4;7;2;0;1;1;0;0;0;0;441071,284099999990000;5404718,199199999700000;8,197651912000000;48,792665204999999
111062;111063;08;1;21;000;2016;03;18;7;3;6;3;1;0;0;1;1;0;0;0;515606,511500000020000;5444181,685499999700000;9,214015847000001;49,150259521000002
111063;111064;08;4;15;061;2016;03;17;1;2;0;1;0;0;1;0;0;0;0;0;516380,161299999980000;5370860,303200000000000;9,221696835000000;48,490652689000001
111064;111065;08;1;18;046;2016;03;20;4;2;6;2;2;0;0;1;1;0;0;0;513697,385899999990000;5411477,049599999600000;9,186732525000000;48,856108448999997
111067;111068;08;2;36;040;2016;03;14;5;3;2;2;0;0;1;0;0;1;0;0;485819,624599999980000;5420515,073400000100000;8,806369290999999;48,937401192000003
111068;111069;08;3;16;017;2016;03;13;7;2;0;7;0;0;1;0;0;0;0;0;409394,702500000010000;5341458,247800000000000;7,780176051000000;48,219875729999998
111069;111070;08;1;36;065;2016;03;11;4;2;6;7;0;0;0;1;1;0;0;0;565246,424099999950000;5404345,589800000200000;9,888297840000000;48,788682803999997
111070;111071;08;1;11;000;2016;03;06;6;3;5;3;2;0;1;1;0;0;0;0;516261,838700000020000;5406400,790099999900000;9,221491331999999;48,810381460000002