FID;OBJECTID;ULAND;UREGBEZ;UKREIS;UGEMEINDE;UJAHR;UMONAT;USTUNDE;UWOCHENTAG;UKATEGORIE;UART;UTYP1;ULICHTVERH;IstStrasse;IstRad;IstPKW;IstFuss;IstKrad;IstGkfz;IstSonstig;LINREFX;LINREFY;XGCSWGS84;YGCSWGS84
111073;111074;08;1;17;026;2016;03;12;5;2;6;4;0;0;0;0;1;0;0;1;549845,409699999960000;5394880,742399999900000;9,677492846000000;48,704968067000003
111074;111075;08;4;36;055;2016;03;07;6;1;0;7;0;0;1;0;0;0;0;0;576226,795999999970000;5298499,469899999900000;10,018636202000000;47,835321835000002
111076;111077;08;1;36;088;2016;03;13;4;2;2;6;0;0;1;1;0;0;0;0;578581,606999999960000;5410077,653900000300000;10,070917120000001;48,838696912000003
111078;111079;08;1;16;049;2016;03;07;6;3;5;7;0;0;1;1;0;0;0;0;525732,762200000000000;5387544,945799999900000;9,349309489000000;48,640436530000002
111080;111081;08;4;15;050;2016;03;15;5;3;5;2;0;0;1;1;0;0;0;0;520601,393600000010000;5377180,224299999900000;9,279140554000000;48,547384156000000
111082;111083;08;1;15;021;2016;03;12;5;3;6;4;0;0;0;1;1;0;0;0;493218,978799999980000;5380892,266800000300000;8,908058888999999;48,581080481000001
111084;111085;08;3;11;000;2016;03;11;2;3;9;1;0;0;1;0;0;0;0;0;413852,121300000000000;5316104,227699999700000;7,845293894000000;47,992432675000003
111086;111087;08;2;12;000;2016;03;07;5;3;5;3;0;0;1;0;0;0;0;0;460183,853400000020000;5427220,314600000200000;8,455672091000000;48,996597842000000
111087;111088;08;3;16;056;2016;03;07;4;3;5;3;0;0;1;1;0;0;0;0;422877,137500000010000;5327199,887799999700000;7,964242268000000;48,093397582999998
111094;111095;08;2;26;085;2016;03;19;2;2;6;2;2;0;0;1;1;0;0;0;488502,914500000010000;5457734,059999999600000;8,841949290000001;49,272257230999998
111097;111098;08;1;19;067;2016;03;08;7;3;5;3;0;0;1;1;0;0;0;0;539100,787999999940000;5406204,356999999800000;9,532536315000000;48,807597049999998
111099;111100;08;2;26;098;2016;03;17;4;3;3;6;0;0;1;1;0;0;0;0;476122,733200000020000;5459253,358000000000000;8,671670106000001;49,285565234000003
111101;111102;08;2;21;000;2016;03;07;7;3;0;1;0;0;1;0;0;0;0;0;476025,206400000020000;5469661,001400000400000;8,669703295000000;49,379177614000000
111102;111103;08;3;11;000;2016;03;13;5;3;9;7;0;0;1;0;1;0;0;0;413705,072800000020000;5316127,244800000500000;7,843318678000000;47,992619894000001
111103;111104;08;1;18;019;2016;03;09;2;3;5;3;0;0;1;1;0;0;0;0;505431,021699999980000;5405741,558400000400000;9,073963749000001;48,804640124000002
111104;111105;08;1;35;019;2016;03;15;5;3;5;3;0;0;1;1;0;0;0;0;584826,010800000050000;5392626,061499999800000;10,152402308999999;48,680912581999998
111105;111106;08;1;28;039;2016;03;22;6;3;6;1;2;0;0;1;1;0;0;0;523533,125999999990000;5511836,941999999800000;9,326734194000000;49,758549754999997
111109;111110;08;1;36;088;2016;03;16;6;3;5;3;0;0;1;1;0;0;0;0;581277,082900000040000;5413015,558299999700000;10,108227351000000;48,864773868000000
111112;111113;08;1;35;019;2016;03;16;4;3;2;4;0;0;0;1;1;1;0;0;584163,511700000030000;5391477,359400000400000;10,143170003000000;48,670670446999999
111113;111114;08;1;25;086;2016;03;15;3;3;6;4;0;0;0;1;1;0;0;0;504177,422100000030000;5443184,406200000100000;9,057275848000000;49,141472731000000
111117;111118;08;1;19;020;2016;03;06;5;3;5;3;0;0;1;1;0;0;0;0;520861,497900000020000;5406833,275100000200000;9,284161399000000;48,814134611999997
111121;111122;08;2;22;000;2016;03;16;4;3;5;3;0;0;1;1;0;0;0;0;463425,961499999980000;5477799,642500000100000;8,495381518000000;49,451755396000003
111122;111123;08;3;16;011;2016;03;09;3;2;5;3;0;0;1;1;0;0;0;0;415706,212899999980000;5329131,812500000000000;7,867573966000000;48,109867479000002
111123;111124;08;1;18;046;2016;03;14;5;1;2;6;0;0;1;1;0;0;0;0;513472,962000000000000;5414037,378999999700000;9,183757350000001;48,879145516999998
111125;111126;08;3;11;000;2016;03;19;1;3;4;1;2;0;1;0;0;0;0;1;410653,096499999990000;5316671,958399999900000;7,802306245000000;47,997100555000003
111128;111129;08;1;15;024;2016;03;17;6;3;6;4;0;0;0;1;1;0;0;0;500451,222799999990000;5387887,834599999700000;9,006125558999999;48,644050718999999
111130;111131;08;4;37;101;2016;03;15;3;3;5;3;0;0;1;1;0;0;0;0;522378,597000000010000;5323119,566999999800000;9,300353445000001;48,060962013000001
111132;111133;08;2;21;000;2016;03;12;3;2;3;6;0;0;1;0;0;0;0;0;476790,361700000010000;5474618,336500000200000;8,679954874000000;49,423797723000000
111133;111134;08;3;11;000;2016;03;15;7;2;0;1;0;0;1;0;0;0;0;0;413184,155700000000000;5316749,782100000400000;7,836211951000000;47,998149312999999
111134;111135;08;1;19;008;2016;03;13;4;3;6;4;0;1;0;1;1;0;0;0;530863,170000000040000;5421847,735000000300000;9,421527786000000;48,948781760999999
111138;111139;08;4;36;064;2016;03;13;2;3;5;3;0;0;1;1;0;0;0;0;544920,042299999970000;5291139,757500000300000;9,599546390000000;47,772056220000003
111139;111140;08;3;16;056;2016;03;16;2;2;3;3;0;0;1;1;0;0;0;0;422120,508399999990000;5327192,580400000300000;7,954083842000000;48,093239818999997
111141;111142;08;4;15;050;2016;03;11;3;3;5;3;0;0;1;0;0;0;0;0;521475,092500000030000;5376871,830900000400000;9,290962760999999;48,544580473000003
111142;111143;08;3;36;069;2016;03;17;6;3;4;3;0;0;1;1;0;0;0;0;409687,067500000000000;5271395,206100000100000;7,798784172000000;47,589677016000003
111143;111144;08;3;16;020;2016;03;07;5;3;6;4;0;0;0;1;1;0;0;0;408474,138099999980000;5338550,640999999800000;7,768412686000000;48,193590301000000
111145;111146;08;1;15;044;2016;03;18;5;2;0;1;0;0;1;0;0;0;0;0;504372,106199999980000;5389828,443500000100000;9,059373847000000;48,661493610999997
111148;111149;08;2;26;084;2016;03;00;2;3;4;2;2;1;1;1;0;0;0;0;468867,507500000010000;5470703,235799999900000;8,571013846000000;49,388228495000000
111149;111150;08;2;12;000;2016;03;11;6;3;0;1;0;0;1;0;0;0;0;0;455740,253000000030000;5428499,309399999700000;8,394787453999999;49,007799966000000
111152;111153;08;1;11;000;2016;03;17;2;2;6;2;0;0;0;1;1;0;0;0;511938,468200000000000;5402242,623999999800000;9,162485133000001;48,773073089000000
111154;111155;08;2;16;049;2016;03;11;4;2;6;4;0;0;0;1;1;0;0;0;439417,997800000010000;5402690,252200000000000;8,175442776000001;48,774264891999998
111165;111166;08;4;21;000;2016;03;16;1;3;0;3;0;0;1;1;0;0;0;0;573823,594099999990000;5362000,951299999800000;9,997526153000001;48,406839140000002
111166;111167;08;1;19;075;2016;03;21;4;3;5;3;2;0;1;1;0;0;0;0;537418,125000000000000;5427787,949300000400000;9,511598179000000;49,001853863999997
111168;111169;08;2;26;031;2016;03;15;5;3;5;3;0;0;1;1;0;0;0;0;474413,065699999980000;5493304,716000000000000;8,645963368000000;49,591779807000002
111170;111171;08;2;21;000;2016;03;02;4;3;5;5;2;0;1;1;0;0;0;0;474851,440899999990000;5472636,215300000300000;8,653344556000000;49,405891850000003
111176;111177;08;1;19;008;2016;03;11;4;3;0;2;0;0;0;1;1;0;0;0;531712,322799999970000;5421650,759999999800000;9,433109799000000;48,946966920999998
111177;111178;08;1;25;065;2016;03;17;3;2;5;3;0;0;1;1;0;0;0;0;517069,571000000000000;5450013,678000000300000;9,234326476000000;49,202680909999998
111178;111179;08;1;16;078;2016;03;17;6;3;5;3;0;0;1;1;0;0;0;0;510304,003199999980000;5394302,322499999800000;9,140041233000000;48,701671339000001
111181;111182;08;2;36;072;2016;03;07;3;3;6;7;0;0;0;1;1;0;0;0;465409,700599999980000;5410360,865600000100000;8,528541709000001;48,845254695000001
111183;111184;08;3;36;050;2016;03;20;2;3;0;1;2;0;1;0;0;0;0;0;402245,757800000020000;5276429,848899999600000;7,698712426000000;47,633887014999999
111186;111187;08;3;17;040;2016;03;06;3;3;5;2;0;0;1;0;0;0;0;0;432930,570300000020000;5347754,602599999900000;8,095994819000000;48,279440753999999
111188;111189;08;4;15;061;2016;03;00;3;3;0;1;2;0;1;0;0;0;0;0;514060,571500000020000;5371835,849800000000000;9,190335455000000;48,499485241000002
111190;111191;08;3;35;043;2016;03;18;5;2;6;4;0;0;0;1;1;0;0;0;511134,430799999970000;5281633,407599999600000;9,148371698000000;47,687991717999999
111192;111193;08;4;21;000;2016;03;06;4;2;6;7;0;0;0;1;1;0;0;0;574345,514100000030000;5362095,102099999800000;10,004594046999999;48,407624691000002
111194;111195;08;2;26;068;2016;03;15;2;2;0;7;0;0;1;0;0;0;0;0;467642,943900000010000;5460538,459400000100000;8,554965963000001;49,296734444000002
111197;111198;08;1;36;065;2016;03;17;7;3;6;7;0;0;0;1;1;0;0;0;558236,655200000040000;5405611,285199999800000;9,793052863000000;48,800763781000001
111198;111199;08;1;11;000;2016;03;20;2;3;5;3;2;0;1;1;0;0;0;0;507827,117900000010000;5396535,281399999700000;9,106420424000000;48,721795155000002
111204;111205;08;1;18;067;2016;03;12;2;3;6;4;0;0;0;1;1;0;0;0;505514,656900000000000;5413732,839999999900000;9,075210311999999;48,876527828000000
111209;111210;08;3;35;043;2016;03;12;4;2;3;6;0;0;1;0;0;0;0;0;513334,908000000000000;5279089,270600000400000;9,177616290000000;47,665058793000000
111210;111211;08;3;17;001;2016;03;09;6;1;6;2;0;0;0;0;1;0;1;0;431295,083900000030000;5386579,039099999700000;8,067580341999999;48,628502390000001
111215;111216;08;1;18;070;2016;03;14;6;3;5;3;0;0;1;1;0;0;0;0;520111,135000000010000;5423334,286999999500000;9,274752645000000;48,962597313000003
111216;111217;08;2;21;000;2016;03;19;5;3;5;2;2;0;1;1;0;0;0;0;477611,989100000010000;5473880,986999999700000;8,691325984000001;49,417196191999999
111218;111219;08;1;35;019;2016;03;17;4;2;0;1;0;0;1;0;0;0;0;0;584000,767699999970000;5392604,494199999600000;10,141188933000000;48,680830192000002
111220;111221;08;3;37;038;2016;03;16;7;2;6;4;0;0;0;1;1;0;0;0;430381,493000000020000;5276650,004900000100000;8,073154681000000;47,639504469999999
111221;111222;08;1;19;020;2016;03;07;2;3;5;3;0;0;1;0;0;0;0;0;519976,204199999980000;5406524,434200000000000;9,272087630000000;48,811385432999998
111222;111223;08;3;17;065;2016;03;19;3;3;0;3;1;0;1;1;0;0;0;0;420221,730099999990000;5353457,759800000100000;7,923647518000000;48,329267367999996
111224;111225;08;4;36;049;2016;03;06;6;3;5;3;1;0;1;1;0;0;0;0;578398,549299999960000;5282807,457399999700000;10,044821890000000;47,693894460000003
111225;111226;08;3;15;132;2016;03;14;1;3;5;3;0;0;1;1;0;0;0;0;409274,119499999970000;5323085,906899999800000;7,782467168000000;48,054600561000001
111226;111227;08;1;16;019;2016;03;09;4;3;6;7;0;0;0;0;1;0;0;1;522799,679500000030000;5398910,309399999700000;9,310122258000000;48,742792844000000
111227;111228;08;1;19;087;2016;03;14;3;3;5;3;0;0;1;1;0;0;0;0;528858,478200000010000;5425182,905799999800000;9,394385003000000;48,978879958999997
111228;111229;08;1;15;004;2016;03;17;6;3;6;7;0;0;0;1;1;0;0;0;487351,877600000010000;5374342,416899999600000;8,828708536000001;48,522065206999997
111233;111234;08;1;11;000;2016;03;14;6;3;6;4;0;0;0;1;1;0;0;0;509855,988699999990000;5410160,656800000000000;9,134332359000000;48,844339327000000
111234;111235;08;2;12;000;2016;03;19;3;3;5;2;2;0;1;0;0;0;0;1;460643,875200000010000;5427311,270300000000000;8,461951960000000;48,997445505999998
111235;111236;08;3;16;009;2016;03;17;4;3;5;3;0;0;1;1;0;0;0;0;417218,215900000010000;5324589,306599999800000;7,888763372000000;48,069204391000000
111238;111239;08;3;11;000;2016;03;12;4;3;6;4;0;0;0;1;1;0;0;0;411326,495000000000000;5315470,704099999700000;7,811579281000000;47,986388710999996
111240;111241;08;4;15;061;2016;03;19;6;3;0;1;2;0;1;0;0;0;0;0;516466,944800000000000;5372540,476599999700000;9,222937662000000;48,505765824000001
111242;111243;08;2;12;000;2016;03;13;3;3;2;2;0;0;1;0;0;0;0;1;455576,110200000000000;5425471,845599999700000;8,392874108999999;48,980555772000002
111243;111244;08;3;11;000;2016;03;18;4;3;3;6;0;0;1;1;0;0;0;0;415558,805999999980000;5315902,941999999800000;7,868204827000000;47,990849677999996
111245;111246;08;2;22;000;2016;03;19;2;3;5;3;1;0;1;1;0;0;0;0;461927,016100000010000;5484986,861300000000000;8,474009145000000;49,516308613000000
111246;111247;08;3;26;074;2016;03;14;2;3;3;2;0;0;1;1;0;0;0;0;463551,544799999970000;5323204,909199999600000;8,510806998000000;48,061081037999998
111247;111248;08;2;26;096;2016;03;22;2;3;0;7;2;0;1;0;0;0;1;0;474703,505200000010000;5488545,960300000400000;8,650287908999999;49,548989132999999
111248;111249;08;2;26;096;2016;03;07;4;3;5;3;1;0;1;1;0;0;0;0;475850,467899999990000;5485219,489199999700000;8,666347573000000;49,519115593999999
111249;111250;08;3;15;028;2016;03;14;6;2;6;4;0;0;0;1;1;0;0;0;408866,758600000000000;5312153,793100000400000;7,779324473000000;47,956206717999997
111252;111253;08;1;16;019;2016;03;15;2;2;6;6;0;0;1;0;1;0;0;0;522670,544400000010000;5399331,812599999800000;9,308388982000000;48,746589352999997
111255;111256;08;4;26;011;2016;03;17;7;3;0;1;0;0;1;0;0;0;0;0;551232,135899999990000;5336329,868300000200000;9,689177036000000;48,178141717999999
111257;111258;08;3;11;000;2016;03;09;4;3;5;3;0;0;1;1;0;0;0;0;413888,345099999980000;5316744,928399999600000;7,845650768000000;47,998200891000003
111258;111259;08;1;18;019;2016;03;20;7;3;6;4;2;0;0;0;1;0;0;1;504664,445200000020000;5404963,279900000400000;9,063515099000000;48,797645017000001
111260;111261;08;1;11;000;2016;03;16;4;3;6;7;0;0;0;1;1;0;0;0;517434,760599999980000;5402570,212500000400000;9,237304184999999;48,775890304000001
111261;111262;08;3;11;000;2016;03;13;4;2;0;7;0;0;0;0;1;0;0;1;414187,858899999990000;5316354,333300000100000;7,849743096000000;47,994727613999999
111262;111263;08;2;16;015;2016;03;19;6;3;5;3;2;0;1;0;0;1;0;0;450315,312900000020000;5405885,182900000400000;8,323363437999999;48,803969957000000
111263;111264;08;1;27;014;2016;03;13;7;3;5;3;0;0;1;1;0;0;0;0;578071,395000000020000;5443168,061099999600000;10,070321372000000;49,136378852999997
111267;111268;08;1;19;067;2016;03;08;6;3;6;4;0;0;0;1;1;0;0;0;536840,715699999940000;5405066,642199999700000;9,501654267999999;48,797500734000003
111268;111269;08;2;12;000;2016;03;17;5;3;0;7;0;0;1;0;0;0;0;0;456736,117199999980000;5427714,364699999800000;8,408487873000000;49,000809906000001
111273;111274;08;4;25;020;2016;03;13;3;1;6;4;0;1;0;0;1;0;1;0;558003,357800000000000;5362482,303299999800000;9,783848657000000;48,412823842000002
111276;111277;08;4;26;021;2016;03;06;3;3;2;3;0;0;1;1;0;0;0;0;558973,782000000010000;5327415,662999999700000;9,792073802000001;48,097277071999997
111277;111278;08;1;25;110;2016;03;07;3;3;5;3;0;0;1;1;0;0;0;0;528366,550000000050000;5442658,614099999900000;9,388886827000000;49,136102326000000
111278;111279;08;1;16;019;2016;03;15;6;3;6;4;0;0;0;1;1;0;0;0;523189,081000000010000;5398411,060800000100000;9,315390731999999;48,738287284999998
111279;111280;08;3;11;000;2016;03;12;7;2;5;3;0;0;1;1;0;0;0;0;415030,896000000010000;5320679,837000000300000;7,860183841000000;48,033749768000000
111280;111281;08;1;17;012;2016;03;07;4;3;6;7;0;0;0;0;1;0;0;1;544987,806199999990000;5387821,883200000000000;9,610705066000000;48,641838581000002
111281;111282;08;4;15;053;2016;03;17;5;3;6;3;0;0;0;1;1;0;0;0;537498,496999999970000;5362093,543800000100000;9,506728659000000;48,410880460000001
111282;111283;08;2;31;000;2016;03;16;3;3;5;3;0;0;1;1;0;0;0;0;477177,865899999980000;5415733,150500000500000;8,688636425000000;48,894126407999998
111287;111288;08;3;27;050;2016;03;16;3;3;6;3;0;0;0;1;1;0;0;0;487195,378000000030000;5313459,773000000000000;8,828431044000000;47,974315736000001
111290;111291;08;3;16;011;2016;03;15;5;3;6;4;0;0;0;1;1;0;0;0;413942,747600000000000;5330719,295400000200000;7,843567589000000;48,123911290999999
111292;111293;08;1;35;019;2016;03;18;3;1;6;4;1;0;0;1;1;0;0;0;585338,219999999970000;5395414,487999999900000;10,159935486000000;48,705922581999999
111293;111294;08;2;15;099;2016;03;13;4;3;5;3;0;0;1;1;0;0;0;0;463359,308100000020000;5446742,957700000100000;8,497312543000000;49,172403353999997
111294;111295;08;4;25;033;2016;03;15;6;3;5;3;0;0;1;1;0;0;0;0;552127,614399999960000;5348704,234500000300000;9,702744900000001;48,289390445000002
111295;111296;08;3;35;043;2016;03;16;5;3;5;3;0;0;1;1;0;0;0;0;514478,239799999980000;5279617,438400000300000;9,192862487999999;47,669786483000003
111297;111298;08;2;12;000;2016;03;17;4;3;5;3;0;0;1;0;0;1;0;0;454573,272500000020000;5428237,462600000200000;8,378860304000000;49,005359835000000
111298;111299;08;2;26;059;2016;03;15;2;3;6;7;0;0;0;1;1;0;0;0;465398,943900000010000;5460648,460400000200000;8,524093883000001;49,297600908000000
111302;111303;08;4;17;010;2016;03;07;3;3;0;1;0;0;1;0;0;0;0;0;506988,985600000010000;5343553,150899999800000;9,094138661000001;48,245155892000000
111308;111309;08;1;11;000;2016;03;05;3;3;6;4;2;1;0;0;1;1;0;0;511540,418899999990000;5409110,174399999900000;9,157260658000000;48,834860327000001
111311;111312;08;3;11;000;2016;04;14;1;3;5;3;0;0;1;1;0;0;0;0;414306,502199999990000;5319401,276700000300000;7,850724251000000;48,022151887000000
111313;111314;08;4;25;039;2016;03;10;4;2;7;1;0;0;1;0;0;0;0;0;566170,074900000010000;5352984,876899999600000;9,892704733000000;48,326584949000001
111317;111318;08;2;12;000;2016;03;15;3;3;0;4;0;0;0;0;1;0;0;1;452619,244100000010000;5427111,601700000500000;8,352275104000000;48,995085752999998
111319;111320;08;3;25;049;2016;03;01;1;3;0;7;2;0;1;0;0;0;0;0;472476,125699999980000;5334672,257299999700000;8,629845042000000;48,164698250999997
111320;111321;08;1;25;026;2016;03;15;2;3;5;3;0;0;1;1;0;0;0;0;493123,917699999990000;5442197,676500000100000;8,905740204000001;49,132572430000003
111321;111322;08;1;15;015;2016;04;14;7;3;5;3;0;0;1;1;0;0;0;0;493182,058900000000000;5388160,614400000300000;8,907438860999999;48,646467667000003
111325;111326;08;1;16;047;2016;03;00;6;3;0;1;2;0;1;0;0;0;0;0;520723,184499999970000;5392035,648799999600000;9,281532806000000;48,681021225000002
111332;111333;08;2;15;007;2016;03;15;1;3;6;4;0;0;0;1;1;0;0;0;478127,522000000000000;5431762,240700000000000;8,700730826999999;49,038351093999999
111333;111334;08;3;35;063;2016;04;16;6;3;5;3;0;0;1;1;0;0;0;0;498392,153100000000000;5287221,007100000000000;8,978554004999999;47,738360841000002
111335;111336;08;4;36;081;2016;03;16;5;3;5;3;0;0;1;1;0;0;0;0;561991,388900000020000;5281212,538800000200000;9,825962715999999;47,681327963999998
111337;111338;08;1;16;019;2016;04;21;7;2;0;1;2;0;1;0;0;0;0;0;524530,714000000040000;5399940,224299999900000;9,333728810000000;48,751992045000001
111340;111341;08;4;36;055;2016;03;06;1;2;6;6;2;0;0;0;1;0;0;1;571026,354100000000000;5296213,435899999900000;9,948776835000000;47,815351698000001
111343;111344;08;3;11;000;2016;04;14;6;3;5;3;0;0;1;1;0;0;0;0;410413,412399999970000;5315671,585699999700000;7,799302811000000;47,988068441000003
111344;111345;08;4;16;015;2016;03;12;5;3;0;7;0;0;1;0;0;0;0;0;508008,831100000010000;5367313,635099999600000;9,108327676000000;48,458907815000003
111345;111346;08;4;36;064;2016;03;13;5;3;6;7;0;0;0;1;1;0;0;0;545788,162200000020000;5293452,242399999900000;9,611376390000000;47,792800581000002
111347;111348;08;2;15;106;2016;03;15;7;3;0;7;0;0;1;0;0;0;0;0;463945,489699999980000;5455685,434500000400000;8,504551045000000;49,252875187000001
111348;111349;08;4;21;000;2016;03;12;5;2;6;7;0;0;0;0;1;0;0;1;573782,307999999960000;5361316,207700000100000;9,996847991999999;48,400684577000000
111351;111352;08;2;12;000;2016;03;09;4;3;1;5;0;1;1;1;0;0;0;0;454976,089900000020000;5429050,037999999700000;8,384277747000001;49,012698534999998
111352;111353;08;1;18;048;2016;03;20;1;3;0;1;1;0;1;0;0;0;0;0;514394,360999999980000;5415272,635099999600000;9,196367712000001;48,890236854999998
111355;111356;08;2;31;000;2016;04;11;6;2;6;4;0;1;0;0;1;0;0;1;481463,918300000020000;5418385,633100000200000;8,746990168000000;48,918130333999997
111357;111358;08;4;25;033;2016;03;11;5;3;6;7;0;0;0;0;1;0;0;1;554812,043599999980000;5345958,597799999600000;9,738575175999999;48,264463870000000
111359;111360;08;4;15;059;2016;03;17;2;2;5;3;0;0;1;1;0;0;0;0;516839,436500000010000;5369066,911600000200000;9,227840562000001;48,474506556999998
111360;111361;08;1;17;049;2016;03;14;7;3;5;3;0;0;1;1;0;0;0;0;555545,273500000010000;5392428,981700000400000;9,754628368000001;48,682432136999999
111362;111363;08;2;37;074;2016;04;10;1;3;6;6;0;0;0;1;1;0;0;0;467857,286900000010000;5370954,201700000100000;8,564962955000000;48,490888834000003
111365;111366;08;1;16;019;2016;03;17;4;3;6;3;0;0;0;1;1;0;0;0;522096,245799999980000;5398103,627600000200000;9,300511000000000;48,735561365999999
111367;111368;08;3;35;075;2016;04;12;7;3;0;7;0;0;0;0;1;0;0;1;489158,944699999990000;5291716,037100000300000;8,855286536000000;47,778715957000003
111371;111372;08;3;35;097;2016;03;16;5;3;1;5;0;0;1;1;0;0;0;0;485355,353100000010000;5295576,008999999600000;8,804383674000000;47,813370642999999
111373;111374;08;4;35;016;2016;03;20;4;2;5;3;2;0;1;1;0;0;0;0;536681,944099999960000;5279764,763500000400000;9,488639377000000;47,670233676000002
111380;111381;08;4;37;105;2016;03;22;7;2;6;7;2;0;0;1;1;0;0;0;519872,194399999980000;5323657,340699999600000;9,266739260000000;48,065883366000001
111381;111382;08;2;21;000;2016;04;12;7;2;6;7;0;0;0;1;1;0;0;0;475652,382800000020000;5469425,857200000400000;8,664581453000000;49,377047734000001
111382;111383;08;1;19;020;2016;03;19;3;3;0;7;0;0;1;0;0;0;0;0;520407,540299999990000;5406936,573200000500000;9,277983106000001;48,815078937999999
111383;111384;08;4;35;057;2016;03;14;1;3;8;7;0;0;1;0;0;0;0;0;544829,391999999990000;5276309,940999999600000;9,596811529000000;47,638636282000000
111387;111388;08;3;36;050;2016;03;00;1;3;6;4;2;0;0;1;1;0;0;0;398793,919500000020000;5272499,609199999800000;7,653682991000000;47,598002977000000
111389;111390;08;1;11;000;2016;04;14;7;2;5;3;0;0;1;1;0;0;0;0;512015,795999999970000;5402426,142699999700000;9,163542938999999;48,774722521999998
111390;111391;08;1;11;000;2016;04;11;6;3;6;7;0;0;0;0;1;0;1;0;517178,898500000010000;5402764,439199999900000;9,233829797000000;48,777644664000000
111391;111392;08;3;26;074;2016;03;11;5;2;5;2;0;0;1;1;0;0;0;0;464936,527500000030000;5323115,457299999900000;8,529402218000000;48,060353892999998
111395;111396;08;1;11;000;2016;03;11;1;3;5;3;0;0;1;1;0;0;0;0;512079,811200000000000;5403347,519299999800000;9,164441297000000;48,783009917999998
111398;111399;08;3;35;043;2016;03;16;5;3;5;3;0;0;1;1;0;0;0;0;513330,073099999980000;5278770,265499999700000;9,177542158000000;47,662188589000003
111399;111400;08;3;17;057;2016;03;11;5;3;0;7;0;0;1;0;0;0;0;0;412875,919700000030000;5379574,693500000100000;7,819126037000000;48,563208263999996
111401;111402;08;1;15;045;2016;04;18;7;2;0;7;0;0;1;1;0;0;0;0;495527,063299999980000;5393611,383700000100000;8,939215930000000;48,695524665000001
111402;111403;08;1;27;076;2016;03;17;7;2;3;3;0;0;1;1;0;0;0;0;553651,758400000050000;5438619,226499999900000;9,734970554000000;49,098081491999999
111403;111404;08;2;15;106;2016;03;05;5;3;0;7;2;1;1;0;0;0;0;0;466299,018700000020000;5454057,724399999700000;8,537028211000001;49,238368199000000
111405;111406;08;2;21;000;2016;04;13;6;3;5;3;0;0;1;1;0;0;0;0;476131,397000000000000;5472681,284000000000000;8,670984839999999;49,406348782999999
111406;111407;08;2;22;000;2016;03;15;4;3;2;7;0;1;0;1;1;0;0;0;463596,057500000000000;5483446,414400000100000;8,497208574000000;49,502555632000004
111411;111412;08;3;35;022;2016;03;23;2;3;1;5;2;0;1;1;0;0;0;0;483043,811300000000000;5300270,614699999800000;8,773323530000001;47,855553016999998
111414;111415;08;2;26;082;2016;04;15;1;3;6;6;0;0;0;1;1;0;0;0;475317,847400000030000;5480661,235700000100000;8,659273743000000;49,478094122999998
111416;111417;08;1;16;079;2016;03;17;7;3;3;6;0;0;1;0;0;0;0;1;536359,421399999990000;5375093,448800000400000;9,492466901000000;48,527895884000003
111417;111418;08;3;36;050;2016;03;12;5;2;3;6;0;0;1;1;0;0;0;0;401068,492800000010000;5275986,983300000400000;7,683145221000000;47,629724459000002
111419;111420;08;4;35;036;2016;03;19;4;3;0;1;0;0;1;0;0;0;0;0;521085,426900000020000;5282064,130099999700000;9,280993112999999;47,691619099000000
111422;111423;08;2;12;000;2016;03;20;3;3;1;2;2;0;1;1;0;0;0;0;455550,179699999980000;5425994,222799999600000;8,392462631000001;48,985252762000002
111425;111426;08;2;12;000;2016;03;15;2;2;1;5;0;0;1;1;0;0;0;0;460333,336699999990000;5430867,055700000400000;8,457359172000000;49,029410603000002
111433;111434;08;3;17;001;2016;04;14;7;3;0;7;0;0;1;0;0;0;0;0;431321,235200000000000;5386757,171199999700000;8,067905690000000;48,630107561999999
111438;111439;08;3;15;047;2016;03;12;5;2;0;1;0;0;1;0;0;0;0;0;415706,895900000000000;5321751,910899999600000;7,869039118000000;48,043483070999997
111439;111440;08;4;16;041;2016;04;15;7;3;0;7;0;0;1;0;0;0;0;0;502074,436999999980000;5370755,496000000300000;9,028075997000000;48,489919870999998
111440;111441;08;1;16;080;2016;04;19;7;3;0;1;0;0;1;0;0;0;0;0;518013,936800000020000;5397190,794900000100000;9,244951915000000;48,727480974000002
111441;111442;08;1;16;035;2016;03;12;7;2;5;3;0;0;1;1;0;0;0;0;526599,903000000050000;5391440,934399999700000;9,361330654000000;48,675448443999997
111443;111444;08;2;26;063;2016;03;17;5;2;1;5;0;1;1;1;0;0;0;0;470444,831699999980000;5470568,440999999600000;8,592757809000000;49,387094644000001
111445;111446;08;3;17;065;2016;04;15;6;2;5;3;0;0;1;1;0;0;0;0;414049,069200000030000;5355304,245099999900000;7,840007542000000;48,345066791000001
111446;111447;08;1;16;077;2016;03;10;5;2;8;1;0;0;1;0;0;0;0;1;515236,660299999990000;5389263,859400000400000;9,206894660000000;48,656244029000000
111448;111449;08;1;17;024;2016;03;21;3;3;6;7;2;0;1;0;1;0;0;0;560681,700900000050000;5385548,728299999600000;9,823395378000001;48,620064450999998
111449;111450;08;1;11;000;2016;03;17;7;3;6;7;0;0;0;1;1;0;0;0;512855,729300000010000;5402274,530299999800000;9,174970194000000;48,773341838999997