FID;OBJECTID;ULAND;UREGBEZ;UKREIS;UGEMEINDE;UJAHR;UMONAT;USTUNDE;UWOCHENTAG;UKATEGORIE;UART;UTYP1;ULICHTVERH;IstStrasse;IstRad;IstPKW;IstFuss;IstKrad;IstGkfz;IstSonstig;LINREFX;LINREFY;XGCSWGS84;YGCSWGS84
111450;111451;08;2;12;000;2016;03;19;5;3;5;2;2;0;1;1;0;0;0;0;457792,018800000020000;5429095,446100000300000;8,422780006000000;49,013306043000000
111451;111452;08;2;12;000;2016;03;13;5;2;0;7;0;0;1;0;0;0;0;0;455815,030600000000000;5428740,043399999800000;8,395783709000000;49,009970750999997
111455;111456;08;2;12;000;2016;03;11;5;2;6;4;0;0;0;0;1;0;0;1;459365,805200000000000;5431367,364400000300000;8,444073823000000;49,033847954999999
111458;111459;08;2;35;046;2016;04;18;6;3;8;1;2;0;1;0;0;0;0;0;479876,535199999980000;5377878,099399999700000;8,727301377000000;48,553677911000001
111459;111460;08;2;35;079;2016;03;14;4;2;0;7;0;1;1;0;0;0;0;0;466730,229799999970000;5400287,752899999700000;8,547355729000000;48,754712705999999
111460;111461;08;2;12;000;2016;03;11;5;2;5;3;0;0;1;1;0;0;0;0;460576,370200000000000;5432340,541699999900000;8,460540410000000;49,042680431999997
111463;111464;08;4;15;061;2016;03;20;6;2;6;4;2;1;0;1;1;0;0;0;517052,957500000020000;5373305,903599999800000;9,230902608999999;48,512636207000000
111464;111465;08;2;26;098;2016;03;12;5;3;5;3;0;0;1;1;0;0;0;0;477727,776100000020000;5460186,618300000200000;8,693688271999999;49,294020543999999
111466;111467;08;4;21;000;2016;03;14;5;2;4;6;0;0;1;1;0;0;0;0;573883,512400000010000;5366762,956399999600000;9,999175095000000;48,449667046000002
111467;111468;08;4;15;061;2016;03;14;4;3;4;6;0;0;1;0;0;0;0;1;515120,131700000030000;5370054,212799999900000;9,204613943000000;48,483432387999997
111468;111469;08;1;17;026;2016;03;13;4;3;9;1;0;0;1;0;0;0;0;0;546752,014899999950000;5392567,236899999900000;9,635188716000000;48,684396384000003
111469;111470;08;3;15;102;2016;03;17;7;3;7;7;0;0;1;0;0;0;0;1;438817,825900000000000;5296884,096900000200000;8,182613016000000;47,822396802000000
111470;111471;08;3;35;043;2016;04;10;7;2;0;1;0;0;1;0;0;0;0;0;513234,736399999990000;5278489,318400000200000;9,176263874000000;47,659662675000000
111471;111472;08;2;22;000;2016;03;09;3;3;6;7;0;0;0;1;1;0;0;0;461392,619699999980000;5482108,158499999900000;8,466907999000000;49,490382498999999
111473;111474;08;3;17;041;2016;03;17;1;3;5;2;0;0;1;1;0;0;0;0;438166,975400000000000;5348423,064199999900000;8,166468553000000;48,285987222000003
111478;111479;08;2;21;000;2016;04;11;6;3;5;3;0;1;1;1;0;0;0;0;476220,693600000000000;5469785,737700000400000;8,672388985000000;49,380307264000002
111479;111480;08;2;16;039;2016;03;14;5;3;8;7;0;0;1;0;0;0;0;0;444510,554300000020000;5415380,583800000100000;8,243031168000000;48,888890660000001
111480;111481;08;2;22;000;2016;04;14;1;3;5;3;0;0;1;1;0;0;0;0;463880,626300000000000;5485843,482400000100000;8,500919398000001;49,524133006000000
111488;111489;08;4;21;000;2016;03;12;5;3;5;3;0;0;1;1;0;0;0;0;570227,939299999970000;5362199,914900000200000;9,948981017000000;48,409039802999999
111492;111493;08;2;15;064;2016;03;11;5;3;5;3;0;0;1;1;0;0;0;0;481938,342599999970000;5447286,504099999600000;8,752177122000001;49,178120909999997
111493;111494;08;1;11;000;2016;04;19;1;2;5;2;0;0;1;1;0;0;0;0;515215,650399999980000;5402872,316200000200000;9,207111320999999;48,778666231000003
111494;111495;08;3;11;000;2016;03;10;7;3;0;7;0;0;1;0;0;0;0;1;414093,705200000030000;5318046,201600000300000;7,848142488000000;48,009933942000004
111498;111499;08;3;11;000;2016;04;12;6;3;6;2;0;0;0;1;1;0;0;0;414771,577999999980000;5319053,838999999700000;7,857029407000000;48,019088781999997
111499;111500;08;4;15;050;2016;03;17;5;3;8;6;0;1;1;1;0;0;0;0;521032,782400000030000;5375454,180800000200000;9,284898474000000;48,531841956000001
111500;111501;08;1;26;011;2016;03;19;5;3;6;1;1;0;0;1;1;0;0;0;531848,417200000030000;5447472,610899999700000;9,437000367000000;49,179234111000000
111502;111503;08;3;11;000;2016;03;19;6;2;4;6;2;0;1;0;0;0;0;0;415558,748299999980000;5315829,526499999700000;7,868218496000000;47,990189264999998
111503;111504;08;1;16;080;2016;04;15;7;3;6;4;0;0;0;1;1;0;0;0;518588,483599999980000;5398717,747499999600000;9,252833343000001;48,741200483999997
111508;111509;08;2;26;041;2016;04;19;6;2;5;3;0;0;1;1;0;0;0;0;476036,933800000000000;5464934,250199999700000;8,670149323000000;49,336661389000000
111509;111510;08;2;22;000;2016;03;07;4;3;5;3;0;0;1;1;0;0;0;0;462147,204700000000000;5481613,390100000400000;8,477374249000000;49,485979858999997
111515;111516;08;2;35;085;2016;04;16;1;2;0;3;0;0;1;1;0;0;0;0;482451,974300000000000;5395561,624800000300000;8,761452758000001;48,712838290000001
111516;111517;08;3;36;057;2016;03;19;4;3;5;3;0;0;1;1;0;0;0;0;408866,179699999980000;5277659,239900000400000;7,786565127000000;47,645911984999998
111518;111519;08;2;12;000;2016;03;15;7;3;4;2;0;0;1;1;0;0;0;0;460703,473600000030000;5427781,102099999800000;8,462721252000000;49,001675544000001
111519;111520;08;1;18;027;2016;03;17;5;3;0;2;0;0;1;1;0;0;0;0;502842,230500000010000;5412443,505099999700000;9,038754126000001;48,864947219000001
111522;111523;08;2;12;000;2016;03;11;4;3;6;4;0;1;0;1;1;0;0;0;460127,937400000000000;5424867,803999999500000;8,455138465999999;48,975432857000001
111523;111524;08;2;12;000;2016;03;14;7;3;6;4;0;0;0;0;1;0;0;1;453223,723899999980000;5428886,780199999900000;8,360333702000000;49,011099666000000
111524;111525;08;1;18;070;2016;03;19;5;3;0;1;0;0;1;0;0;0;0;0;520191,673000000010000;5423494,042999999600000;9,275860846000001;48,964031783999999
111526;111527;08;3;25;049;2016;03;15;4;2;6;4;0;0;0;1;1;0;0;0;472481,136000000000000;5334558,676300000400000;8,629919772999999;48,163676608999999
111527;111528;08;2;31;000;2016;03;15;2;3;0;7;0;0;1;0;0;0;0;0;475857,005500000030000;5414735,801099999800000;8,670675086999999;48,885104548999998
111528;111529;08;2;15;017;2016;04;13;6;3;5;3;0;0;1;1;0;0;0;0;456770,277000000000000;5421059,963999999700000;8,409662024999999;48,940954744000003
111529;111530;08;1;18;011;2016;03;17;5;3;5;2;1;0;1;1;0;0;0;0;505323,875799999980000;5407797,974600000300000;9,072531238000000;48,823140367999997
111531;111532;08;2;31;000;2016;03;16;7;2;6;4;0;0;0;1;1;0;0;0;478748,152300000020000;5415116,587500000400000;8,710091696999999;48,888635862000001
111533;111534;08;1;18;048;2016;03;11;3;3;6;4;0;0;0;1;1;0;0;0;513804,803499999980000;5415852,036399999600000;9,188344599000001;48,895462410999997
111534;111535;08;3;17;096;2016;04;14;7;3;6;4;0;0;0;1;1;0;0;0;422139,150900000010000;5368654,609000000200000;7,946694019000000;48,466202834000001
111540;111541;08;1;18;011;2016;03;15;5;2;0;4;0;0;1;0;1;0;0;0;503283,092999999990000;5409453,690000000400000;9,044741362000000;48,838049124000001
111546;111547;08;1;25;065;2016;03;06;5;3;4;2;2;1;1;1;0;0;0;0;516439,584600000000000;5448936,234100000000000;9,225634173000000;49,193006267999998
111547;111548;08;2;12;000;2016;04;08;6;3;5;3;0;1;1;1;0;0;0;0;456903,771599999980000;5427302,638199999900000;8,410823634000000;48,997118096000001
111550;111551;08;1;17;026;2016;03;18;5;3;6;4;1;0;1;0;1;0;0;0;548536,564699999990000;5394925,270700000200000;9,659709664999999;48,705471848999998
111553;111554;08;4;16;022;2016;03;13;5;3;2;6;0;0;1;1;0;0;0;0;510418,377500000000000;5375462,499900000200000;9,141122491000001;48,532182814999999
111554;111555;08;1;16;071;2016;03;09;5;3;5;3;0;0;1;1;0;0;0;0;528366,582300000010000;5391405,824000000000000;9,385326106999999;48,675054824000000
111556;111557;08;2;12;000;2016;03;18;5;3;0;7;0;1;1;0;0;0;0;0;455815,344600000010000;5428740,019799999900000;8,395788006000000;49,009970561999999
111557;111558;08;1;16;072;2016;03;21;5;3;0;1;2;0;1;0;0;0;0;0;530455,733000000010000;5393520,753999999700000;9,413859835000000;48,693982059000000
111558;111559;08;2;26;095;2016;03;15;4;3;1;7;0;1;1;0;0;0;0;1;475193,961499999980000;5460067,232300000300000;8,658848538000001;49,292849042999997
111560;111561;08;1;15;045;2016;03;14;5;3;6;7;0;0;0;1;1;0;0;0;501379,208500000010000;5394641,790900000400000;9,018745922000001;48,704808806999999
111563;111564;08;3;17;096;2016;03;21;2;3;6;7;2;1;0;1;1;0;0;0;422233,694299999970000;5368756,994699999700000;7,947953746000000;48,467135484000003
111564;111565;08;2;37;028;2016;04;17;4;3;6;4;0;0;0;1;1;0;0;0;456839,186300000000000;5367653,617200000200000;8,416185774000001;48,460536681999997
111567;111568;08;3;35;100;2016;04;16;4;2;5;3;0;0;1;0;0;0;0;1;488540,754000000020000;5286552,987400000000000;8,847170643000000;47,732250509000004
111569;111570;08;2;26;085;2016;04;16;6;3;0;2;0;0;1;1;0;0;0;0;490771,907000000010000;5455444,522500000000000;8,873193874000000;49,251700876000001
111570;111571;08;1;21;000;2016;04;18;5;2;5;3;0;0;1;1;0;0;0;0;515627,090000000030000;5442599,643000000200000;9,214236688000000;49,136028004000003
111572;111573;08;1;16;080;2016;04;09;6;3;0;7;0;0;1;1;0;0;0;0;522402,725099999980000;5395716,456000000200000;9,304549393000000;48,714075614000002
111580;111581;08;3;35;043;2016;04;17;4;3;5;2;0;0;1;1;0;0;0;0;513330,172700000000000;5278770,612300000200000;9,177543495000000;47,662191708000002
111581;111582;08;1;15;024;2016;04;13;3;3;5;2;0;0;1;1;0;0;0;0;500452,093300000010000;5387892,437300000300000;9,006137381000000;48,644092125000000
111582;111583;08;3;35;043;2016;04;18;4;2;0;1;0;0;1;0;0;0;0;0;512964,200699999990000;5285951,535400000400000;9,172882596000001;47,726810417000003
111584;111585;08;2;15;017;2016;04;14;6;3;0;7;0;0;1;0;1;0;0;0;454985,936999999980000;5422797,803999999500000;8,385104750000000;48,956459649999999
111585;111586;08;1;25;039;2016;04;16;5;3;5;3;0;0;1;1;0;0;0;0;511620,253000000030000;5458958,815100000200000;9,159779474000001;49,283271755000001
111587;111588;08;4;25;033;2016;04;16;5;2;5;3;0;0;1;1;0;0;0;0;555184,622199999980000;5344851,172299999700000;9,743450645999999;48,254469094999997
111588;111589;08;3;16;043;2016;04;13;5;3;5;3;0;0;1;1;0;0;0;0;411548,685899999980000;5331112,316900000000000;7,811321829000000;48,127118357999997
111589;111590;08;4;21;000;2016;04;14;1;3;6;4;0;0;1;0;1;0;0;0;571890,877300000050000;5360409,341599999900000;9,971142094999999;48,392745617000003
111591;111592;08;3;11;000;2016;04;08;3;3;3;6;0;0;1;0;0;0;0;0;413859,790700000010000;5315948,922500000300000;7,845427839000000;47,991036680000001
111592;111593;08;1;11;000;2016;04;17;3;3;0;1;1;1;1;1;0;0;0;0;517086,628600000000000;5410009,209499999900000;9,232875496000000;48,842819998000003
111595;111596;08;4;15;061;2016;04;06;5;3;5;3;0;1;1;1;0;0;0;0;516870,683100000020000;5373134,783699999600000;9,228427655000001;48,511101683000000
111596;111597;08;3;15;013;2016;04;18;5;3;6;4;0;0;0;1;1;0;0;0;404577,097599999980000;5324871,286899999700000;7,719051068000000;48,069974612000003
111597;111598;08;3;35;075;2016;04;13;1;2;6;2;0;0;0;1;1;0;0;0;488849,416000000030000;5287876,850300000000000;8,851253260000000;47,744167464999997
111598;111599;08;2;12;000;2016;04;10;7;2;3;6;0;0;1;1;0;0;0;0;454085,018900000020000;5429381,214300000100000;8,372055240000000;49,015611819000000
111602;111603;08;1;11;000;2016;04;21;4;3;0;1;2;0;1;0;0;0;0;0;512089,177900000010000;5408823,269700000100000;9,164730072999999;48,832268935000002
111604;111605;08;1;25;065;2016;04;18;7;3;6;6;0;1;0;1;1;0;0;0;516545,216299999970000;5448938,417299999900000;9,227084051000000;49,193023064999998
111606;111607;08;3;36;050;2016;04;08;5;3;0;7;0;0;0;1;1;0;0;0;399489,773099999990000;5273677,883399999700000;7,662666981000000;47,608710232999996
111607;111608;08;2;12;000;2016;04;15;7;3;6;4;0;0;1;0;1;0;0;0;453049,723000000000000;5429010,022099999700000;8,357940138000000;49,012195017000003
111611;111612;08;4;26;013;2016;04;18;2;3;5;2;0;0;1;1;0;0;0;0;545016,407000000010000;5323334,923000000400000;9,604195473000001;48,061703606000002
111613;111614;08;2;12;000;2016;04;10;6;3;0;7;0;0;1;0;0;0;0;0;459354,793999999990000;5428238,843999999600000;8,444236609000001;49,005705681999999
111614;111615;08;2;25;117;2016;04;08;4;3;6;7;0;0;0;1;1;0;0;0;514593,091799999990000;5470751,908800000300000;9,201087721000000;49,389287289999999
111617;111618;08;3;17;093;2016;04;13;4;3;0;7;0;0;1;0;0;0;0;0;441987,865200000000000;5351554,682400000300000;8,217539936000000;48,314520629999997
111619;111620;08;2;26;084;2016;04;12;6;3;6;7;0;0;0;1;1;0;0;0;469117,527200000010000;5470280,820799999900000;8,574491673000001;49,384441703000000
111621;111622;08;1;19;020;2016;04;23;3;3;5;3;2;1;1;1;0;0;0;0;521252,186300000000000;5406960,901499999700000;9,289489635000001;48,815269471999997
111625;111626;08;1;36;042;2016;04;07;3;3;5;3;0;0;1;1;0;0;0;0;550573,848200000010000;5405169,644600000200000;9,688656673000001;48,797461777000002
111626;111627;08;4;21;000;2016;04;10;2;3;0;7;0;0;1;0;0;0;0;0;572697,174299999960000;5359848,096400000200000;9,981935205999999;48,387604631999999
111628;111629;08;4;36;064;2016;04;12;1;3;2;6;0;0;1;1;0;0;0;0;546332,592900000050000;5292681,664800000400000;9,618563074000001;47,785828752000000
111632;111633;08;3;17;001;2016;04;21;4;3;6;4;2;0;0;0;1;1;0;0;431501,129900000000000;5386134,750500000100000;8,070449688000000;48,624528609000002
111633;111634;08;4;16;036;2016;04;11;6;3;0;7;0;0;0;0;1;0;1;0;496560,182399999990000;5369930,914200000500000;8,953451363999999;48,482495596000000
111634;111635;08;2;12;000;2016;04;10;6;3;5;3;0;0;1;1;0;0;0;0;455040,107000000020000;5429893,392300000400000;8,385059715000001;49,020289236000004
111636;111637;08;1;18;011;2016;04;09;3;3;0;7;0;0;1;1;0;0;0;0;504731,809200000020000;5407376,215400000100000;9,064460200999999;48,819351060999999
111638;111639;08;3;35;075;2016;04;17;5;3;0;1;0;0;1;0;0;0;0;0;487898,928900000000000;5289854,014800000000000;8,838518961000000;47,761939949000002
111639;111640;08;3;36;050;2016;04;07;5;2;5;3;0;0;1;1;0;0;0;0;400954,929100000010000;5273034,045500000000000;7,682301660000000;47,603144221000001
111645;111646;08;1;16;033;2016;04;00;1;3;5;3;2;0;1;1;0;0;0;0;533357,078100000040000;5386945,674399999900000;9,452754564999999;48,634685185000002
111646;111647;08;3;36;019;2016;04;16;3;2;3;2;0;1;1;1;0;0;0;0;394177,464700000010000;5276862,626899999600000;7,591236264000000;47,636511521999999
111648;111649;08;3;16;011;2016;04;18;4;2;6;4;0;0;1;0;1;0;0;0;414565,096399999980000;5329748,537399999800000;7,852123498000000;48,115262975999997
111652;111653;08;2;12;000;2016;04;16;7;2;6;4;0;0;0;1;1;0;0;0;453208,663899999990000;5428891,773600000000000;8,360127194000000;49,011143439999998
111655;111656;08;2;12;000;2016;04;06;3;2;5;3;2;1;1;1;0;0;0;0;454943,497299999990000;5429283,659900000300000;8,383806119000001;49,014797602999998
111656;111657;08;3;37;065;2016;04;17;2;3;5;3;0;0;1;1;0;0;0;0;447929,386899999980000;5275185,871399999600000;8,306926957000000;47,627980946000001
111661;111662;08;1;18;048;2016;04;08;5;2;6;6;0;1;1;0;1;0;0;0;514757,743699999990000;5414466,906700000200000;9,201295848999999;48,882980185000001
111662;111663;08;2;15;109;2016;04;11;3;2;5;3;0;1;1;1;0;0;0;0;464568,191799999970000;5440204,807199999700000;8,514471942000000;49,113663242000001
111664;111665;08;1;36;088;2016;04;18;6;3;5;3;0;0;1;1;0;0;0;0;579472,186800000020000;5409069,685899999900000;10,082856340999999;48,829517610000003
111665;111666;08;4;35;030;2016;04;01;1;3;0;7;2;0;1;0;0;0;0;0;540026,938899999950000;5272633,334599999700000;9,532543657000000;47,605871178999998
111666;111667;08;2;21;000;2016;04;07;4;3;5;3;0;0;1;0;0;0;0;1;477313,327400000010000;5470907,713399999800000;8,687378097000000;49,390440976000001
111667;111668;08;1;11;000;2016;04;07;4;3;5;2;0;1;1;1;0;0;0;0;507454,342400000020000;5397835,554999999700000;9,101375547000000;48,733497024000002
111670;111671;08;2;16;009;2016;04;09;4;2;0;7;0;0;1;0;0;0;0;0;447224,593999999980000;5421381,210400000200000;8,279275958000000;48,943103592999996
111672;111673;08;3;17;096;2016;04;11;2;3;6;2;0;1;0;1;1;0;0;0;423731,925999999980000;5370550,230000000400000;7,967891673000000;48,483449069999999
111673;111674;08;1;15;044;2016;04;04;7;2;0;7;2;0;1;0;0;0;0;0;504765,228400000020000;5390862,994800000500000;9,064724418000001;48,670797698999998
111675;111676;08;1;16;078;2016;04;19;5;2;5;3;1;0;1;1;0;0;0;0;509509,292499999980000;5394761,330000000100000;9,129250960000000;48,705813218999999
111676;111677;08;1;28;007;2016;04;16;3;3;6;7;0;0;0;1;1;0;0;0;556132,706200000020000;5482456,043300000000000;9,775112021000000;49,492143224000003
111677;111678;08;1;16;078;2016;04;16;6;3;0;7;0;0;1;1;0;0;0;0;512369,338099999990000;5391142,924300000100000;9,168016411000000;48,673211641000002
111680;111681;08;1;36;050;2016;04;16;4;3;6;6;0;0;0;1;1;0;0;0;580441,038199999950000;5403314,159799999600000;10,094927418999999;48,777626064000003
111681;111682;08;2;12;000;2016;04;09;1;3;6;4;0;0;1;0;1;0;0;0;455221,739200000010000;5431180,783699999600000;8,387401707000000;49,031882611999997
111682;111683;08;3;11;000;2016;04;17;3;3;5;3;1;1;1;0;0;0;1;0;410261,558200000030000;5315738,060300000000000;7,797254133000000;47,988645105000003
111683;111684;08;3;16;011;2016;04;12;2;3;5;2;0;0;1;1;0;0;0;0;414638,583099999990000;5329442,475800000100000;7,853171909000000;48,112519745999997
111686;111687;08;4;25;033;2016;04;13;6;3;1;5;0;0;1;0;0;0;1;0;551496,697300000000000;5348232,055400000000000;9,694182437000000;48,285194343000001
111687;111688;08;2;22;000;2016;04;12;6;3;6;7;0;0;0;0;1;0;0;1;462030,070300000020000;5489785,898299999500000;8,474970577000001;49,559479521000000
111690;111691;08;4;26;021;2016;04;16;5;2;6;4;0;0;0;1;1;0;0;0;558966,684899999990000;5326794,596199999600000;9,791892689999999;48,091690501000002
111691;111692;08;2;26;009;2016;04;15;5;3;4;7;0;0;1;1;0;0;0;0;466508,397999999990000;5471484,759999999800000;8,538442012999999;49,395132900000000
111693;111694;08;1;11;000;2016;04;18;1;2;6;4;0;0;0;1;1;0;0;0;516192,603000000000000;5410329,147199999500000;9,220703468000000;48,845722059000003
111694;111695;08;3;11;000;2016;04;08;3;3;5;2;0;0;1;1;0;0;0;0;412980,897799999980000;5316369,911500000400000;7,833564843000000;47,994704618999997
111696;111697;08;3;11;000;2016;04;08;4;3;5;3;0;1;1;1;0;0;0;0;414957,050600000020000;5318032,544200000400000;7,859718805000000;48,009926563999997
111697;111698;08;4;37;031;2016;04;15;3;3;0;1;0;0;1;0;0;0;0;0;515488,559200000020000;5345771,571999999700000;9,208704937000000;48,264963698999999
111698;111699;08;2;22;000;2016;04;05;5;3;6;4;2;0;0;1;1;0;0;0;461678,370899999980000;5482381,672799999800000;8,470826963000000;49,492860727999997
111701;111702;08;2;12;000;2016;04;08;3;3;0;3;0;1;1;1;0;0;0;0;457338,212899999980000;5428590,762199999800000;8,416627310999999;49,008735133000002
111702;111703;08;3;11;000;2016;04;15;2;3;0;7;0;0;1;1;0;0;0;0;414051,526399999970000;5316755,839300000100000;7,847835611000000;47,998320997999997
111703;111704;08;1;28;115;2016;04;13;4;3;6;4;0;0;0;1;1;0;0;0;548444,878099999970000;5497300,594999999700000;9,670788815000000;49,626319535999997
111704;111705;08;4;26;021;2016;04;15;3;3;1;5;0;0;1;1;0;0;0;0;559830,529400000000000;5328354,282900000000000;9,803711186999999;48,105641145000000
111706;111707;08;1;28;115;2016;04;12;7;3;0;1;0;0;1;0;0;0;0;0;548257,395000000020000;5497220,907999999800000;9,668183226000000;49,625617839999997
111707;111708;08;3;11;000;2016;04;13;6;3;5;3;0;0;1;1;0;0;0;0;411224,609300000010000;5318309,091000000000000;7,809626818000000;48,011906562999997
111710;111711;08;2;15;017;2016;04;17;2;3;0;7;0;0;1;0;0;0;0;0;452965,594999999970000;5418961,553799999900000;8,357951277000000;48,921801615000000
111712;111713;08;2;22;000;2016;04;20;7;2;6;4;1;0;0;1;1;0;0;0;461345,171700000010000;5477629,758999999600000;8,466690344000000;49,450098558000001
111713;111714;08;2;35;085;2016;04;18;1;3;6;2;0;0;0;1;1;0;0;0;480784,732900000000000;5395739,960500000000000;8,738780266999999;48,714393442000002
111716;111717;08;2;25;014;2016;04;16;2;2;0;7;0;0;1;0;0;0;0;1;523395,621300000000000;5485044,661600000200000;9,323226131000000;49,517572647000001
111719;111720;08;4;21;000;2016;04;16;3;3;4;2;0;0;1;1;0;0;0;0;570748,902000000000000;5362206,455000000100000;9,956020805000000;48,409040361999999
111720;111721;08;2;21;000;2016;04;08;2;3;5;5;0;0;1;1;0;0;0;0;475552,064000000010000;5474063,639000000400000;8,662914072000000;49,418759811999998
111723;111724;08;2;26;020;2016;04;08;6;3;5;3;0;0;1;1;0;0;0;0;490827,288799999980000;5463001,673999999600000;8,873781494999999;49,319679399999998
111724;111725;08;4;37;104;2016;04;03;4;3;6;1;2;1;0;1;1;0;0;0;515471,844900000030000;5326465,134700000300000;9,207776674000000;48,091267033000001
111727;111728;08;3;26;074;2016;04;15;1;3;4;6;0;0;1;0;0;0;0;1;459858,104700000030000;5325040,598100000100000;8,461065247000001;48,077374407000001
111729;111730;08;1;25;065;2016;04;21;4;2;6;4;2;0;0;1;1;0;0;0;516248,141400000020000;5448840,571800000000000;9,223002758000000;49,192150865999999
111733;111734;08;2;16;043;2016;04;03;1;3;6;4;2;0;0;0;1;0;0;1;442085,376500000010000;5411545,054100000300000;8,210493957000001;48,854168313999999
111734;111735;08;2;21;000;2016;04;09;2;3;2;6;0;0;1;0;0;0;0;0;476548,300500000010000;5473217,695200000000000;8,676699837999999;49,411189921000002
111735;111736;08;3;11;000;2016;04;08;4;2;0;1;0;1;1;0;0;0;0;0;414117,419300000010000;5316216,647900000200000;7,848826648000000;47,993479624000003
111737;111738;08;2;12;000;2016;04;16;6;3;1;5;0;0;1;1;0;0;0;0;453350,593799999970000;5428906,509800000100000;8,362066270000000;49,011286740000003
111739;111740;08;1;18;048;2016;04;18;3;3;0;1;1;1;1;0;0;0;0;0;513587,707999999980000;5414857,952700000300000;9,185349635000000;48,886524690999998
111743;111744;08;1;11;000;2016;04;00;1;3;2;4;2;0;0;1;1;0;0;0;511709,801900000020000;5401088,279600000000000;9,159340090000001;48,762693014000000
111744;111745;08;3;11;000;2016;04;12;3;3;0;7;0;0;1;1;0;0;0;0;416841,845099999980000;5315253,364600000000000;7,885524280000000;47,985174540999999
111746;111747;08;1;11;000;2016;04;16;2;3;3;6;0;0;1;1;0;0;0;0;512524,730199999990000;5400012,079500000000000;9,170396357000000;48,752995700000000
111748;111749;08;3;36;050;2016;04;18;3;2;0;7;0;1;1;0;0;0;0;0;399326,467100000010000;5272987,885900000100000;7,660653212000000;47,602478116999997
111749;111750;08;2;22;000;2016;04;12;2;3;5;3;0;0;1;1;0;0;0;0;462192,958600000010000;5481704,891599999700000;8,477997186000000;49,486805720000000
111750;111751;08;3;11;000;2016;04;17;4;3;6;1;0;0;1;0;1;0;0;0;413667,572099999990000;5316667,388100000100000;7,842707473000000;47,997473614000000
111754;111755;08;2;12;000;2016;04;11;7;2;6;4;0;0;0;0;1;0;0;1;455573,795600000010000;5428758,918899999900000;8,392483021000000;49,010123217999997
111756;111757;08;2;22;000;2016;04;17;2;3;5;5;0;1;1;1;0;0;0;0;463885,535399999990000;5483222,117100000400000;8,501227031999999;49,500555499000001
111760;111761;08;2;15;109;2016;04;16;5;2;6;4;0;0;0;0;1;0;0;1;461336,935000000000000;5434620,145399999800000;8,470729612000000;49,063233984999997
111763;111764;08;3;17;096;2016;04;00;6;3;8;7;2;0;1;1;0;0;0;0;422540,015699999990000;5369150,503600000400000;7,952024145000000;48,470712876999997
111764;111765;08;2;16;007;2016;04;16;3;3;0;1;0;1;1;0;0;0;0;0;436277,186899999970000;5394511,742200000200000;8,133964142000000;48,700385468000000
111766;111767;08;1;11;000;2016;04;10;2;3;6;7;0;0;0;1;1;0;0;0;514482,742700000000000;5401654,519200000000000;9,197092357000001;48,767728523000002
111768;111769;08;1;15;048;2016;04;16;4;2;6;4;0;0;0;1;1;0;0;0;509793,882600000010000;5387139,245799999700000;9,132938612000000;48,637239725999997
111772;111773;08;4;35;034;2016;04;07;6;3;0;1;0;0;1;0;0;0;0;0;528512,706200000020000;5283933,527999999900000;9,380092385999999;47,708153873999997
111773;111774;08;2;22;000;2016;04;09;6;3;6;2;0;0;0;1;1;0;0;0;462824,540700000010000;5486091,943900000300000;8,486304097000000;49,526303915000000
111774;111775;08;4;36;064;2016;04;18;4;3;6;4;0;0;0;1;1;0;0;0;545480,162900000000000;5291721,736399999800000;9,607082816000000;47,777253012999999
111775;111776;08;1;18;049;2016;04;07;3;3;6;7;0;0;0;1;1;0;0;0;518662,249100000020000;5419598,973799999800000;9,254787465000000;48,929041329000000
111776;111777;08;2;12;000;2016;04;08;2;3;5;3;0;0;1;0;0;0;0;0;454294,270599999990000;5429119,719800000100000;8,374946290000001;49,013275198000002
111778;111779;08;2;12;000;2016;04;10;6;3;6;7;0;0;0;0;1;0;0;1;453152,699100000030000;5428829,112099999600000;8,359369156000000;49,010575551999999
111780;111781;08;1;28;115;2016;04;17;3;3;6;1;0;1;1;0;1;0;0;0;547970,333300000060000;5496925,349800000000000;9,664172646000001;49,622982450999999
111781;111782;08;2;16;015;2016;04;17;2;2;5;3;0;0;1;1;0;0;0;0;450399,044700000030000;5405857,128800000100000;8,324507055000000;48,803724289000002
111782;111783;08;1;18;048;2016;04;16;6;2;5;3;0;0;1;1;0;0;0;0;514037,381899999980000;5416397,671600000000000;9,191536495999999;48,900365569999998
111785;111786;08;2;15;106;2016;04;13;1;2;5;3;0;0;1;1;0;0;0;0;467204,416700000000000;5454708,045400000200000;8,549412611999999;49,244266986000000
111791;111792;08;4;15;061;2016;04;07;5;3;5;3;0;0;1;1;0;0;0;0;515553,215700000000000;5371532,793999999800000;9,210529690000000;48,496723664000001
111792;111793;08;1;11;000;2016;04;16;6;3;0;1;0;0;1;0;0;0;0;0;511724,400800000000000;5400712,895499999600000;9,159528048000000;48,759315801000000
111797;111798;08;3;36;050;2016;04;13;3;2;5;3;0;0;1;1;0;0;0;0;400432,937600000000000;5274990,996799999800000;7,674914299000000;47,620667787999999
111812;111813;08;3;17;096;2016;04;19;3;3;5;3;1;1;1;1;0;0;0;0;421721,881300000010000;5369307,831600000200000;7,940927903000000;48,472026718999999