FID;OBJECTID;ULAND;UREGBEZ;UKREIS;UGEMEINDE;UJAHR;UMONAT;USTUNDE;UWOCHENTAG;UKATEGORIE;UART;UTYP1;ULICHTVERH;IstStrasse;IstRad;IstPKW;IstFuss;IstKrad;IstGkfz;IstSonstig;LINREFX;LINREFY;XGCSWGS84;YGCSWGS84
112161;112162;08;3;11;000;2016;04;19;5;2;0;1;0;0;1;0;0;0;0;0;411316,636400000020000;5315690,690200000100000;7,811401744000000;47,988366178000000
112166;112167;08;1;11;000;2016;04;20;2;3;0;1;2;0;1;0;0;0;0;0;508276,710299999980000;5397374,616000000400000;9,112550087000001;48,729340026000003
112167;112168;08;2;21;000;2016;04;14;7;3;5;3;0;0;1;1;0;0;0;0;473924,179599999970000;5472719,992900000000000;8,640557660000001;49,406606388000000
112168;112169;08;4;15;059;2016;04;10;3;3;5;3;0;0;1;1;0;0;0;0;516971,139599999990000;5369779,701899999800000;9,229651454000001;48,480915537000001
112170;112171;08;3;26;074;2016;04;07;3;3;2;6;0;0;1;1;0;0;0;0;460531,081100000010000;5328289,096400000200000;8,469799697999999;48,106642051000001
112174;112175;08;3;36;050;2016;04;10;6;3;6;7;0;0;0;1;1;0;0;0;399444,412799999990000;5273947,897199999500000;7,662001654000000;47,611132062999999
112175;112176;08;2;36;062;2016;04;12;1;3;6;6;0;0;0;1;1;0;0;0;485004,534099999990000;5408260,189299999700000;8,795688974000001;48,827140174999997
112176;112177;08;1;11;000;2016;04;18;6;3;6;7;0;0;0;0;1;0;0;1;515619,608400000030000;5404237,119800000500000;9,212661718000000;48,790933844999998
112177;112178;08;3;17;145;2016;04;18;3;3;5;3;0;0;1;1;0;0;0;0;442386,134199999970000;5349759,432599999900000;8,223156363999999;48,298407201000003
112179;112180;08;1;36;019;2016;04;14;5;3;5;3;0;0;1;1;0;0;0;0;591969,844300000000000;5423623,503800000100000;10,256380833000000;48,958684122000001
112180;112181;08;3;11;000;2016;04;10;6;3;3;2;0;0;1;0;0;0;1;0;413937,246099999990000;5316178,748300000100000;7,846419705000000;47,993114478000003
112182;112183;08;1;16;078;2016;04;19;5;3;0;1;0;0;1;0;0;0;0;0;510180,927499999990000;5393987,408599999700000;9,138360757999999;48,698840376000000
112184;112185;08;3;17;031;2016;04;18;2;3;8;7;0;0;1;0;0;0;0;0;415510,374499999980000;5359467,394500000400000;7,858888937000000;48,382710776000003
112186;112187;08;3;35;035;2016;04;13;4;2;6;7;0;0;0;0;1;0;0;1;479360,373900000010000;5293066,416899999600000;8,724425815000000;47,790626469000003
112187;112188;08;1;16;014;2016;04;09;5;3;6;4;0;0;0;1;1;0;0;0;528885,206899999990000;5395271,275999999600000;9,392641123000001;48,709804216999999
112189;112190;08;1;11;000;2016;04;18;6;3;0;7;0;0;1;0;0;0;0;0;515452,507099999990000;5403599,795400000200000;9,210362675000001;48,785204720999999
112190;112191;08;3;17;001;2016;04;13;3;3;0;7;0;0;1;0;0;0;0;0;432318,099800000030000;5387345,671600000000000;8,081337003000000;48,635509829999997
112193;112194;08;2;16;043;2016;04;11;6;3;3;2;0;0;1;1;0;0;0;0;441629,593400000010000;5412455,182799999600000;8,204151458000000;48,862312183000000
112196;112197;08;2;12;000;2016;04;20;4;3;0;7;0;0;1;0;0;0;0;0;459158,458800000020000;5429907,681099999700000;8,441384211000001;49,020704191000000
112197;112198;08;3;16;011;2016;04;13;3;3;5;3;0;0;1;1;0;0;0;0;412671,736199999980000;5331065,036100000100000;7,826420646000000;48,126848152000001
112198;112199;08;3;16;020;2016;04;12;2;3;0;7;0;1;1;1;0;0;0;0;408275,523200000000000;5338061,434799999900000;7,765846415000000;48,189161331000001
112199;112200;08;3;11;000;2016;04;19;5;3;6;1;0;0;0;1;1;0;0;0;413583,337999999990000;5316539,303999999500000;7,841604342000000;47,996310072000000
112200;112201;08;1;26;011;2016;04;17;4;2;5;3;0;0;1;1;0;0;0;0;529657,141700000040000;5447867,542200000000000;9,406963263000000;49,182896415999998
112201;112202;08;3;11;000;2016;04;12;3;2;6;4;0;0;0;0;1;0;0;1;413500,792499999980000;5316568,670900000300000;7,840492153000000;47,996563074999997
112202;112203;08;2;21;000;2016;04;16;4;3;4;6;0;0;1;1;0;0;0;0;478630,031299999970000;5473341,198599999800000;8,705391070999999;49,412377491999997
112203;112204;08;4;36;082;2016;04;15;5;2;6;4;0;0;0;1;1;0;0;0;547401,947599999960000;5295507,574500000100000;9,633147429999999;47,811175515000002
112204;112205;08;3;15;084;2016;04;16;3;3;6;7;0;0;0;1;1;0;0;0;417207,534199999990000;5304813,333900000000000;7,892432127000000;47,891307660999999
112205;112206;08;1;35;019;2016;04;16;5;3;6;4;0;0;0;1;1;0;0;0;583945,114300000020000;5390345,600100000400000;10,139974544999999;48,660520394999999
112206;112207;08;1;36;019;2016;04;13;6;3;5;3;0;0;1;1;0;0;0;0;582664,292200000030000;5423487,872100000300000;10,129259387999999;48,958778619999997
112209;112210;08;3;35;043;2016;04;13;7;3;0;7;0;1;1;0;0;0;0;0;512882,669600000020000;5280118,629999999900000;9,171623023000000;47,674329792999998
112210;112211;08;2;26;095;2016;04;17;4;3;5;3;0;0;1;1;0;0;0;0;474023,298100000010000;5460702,361300000000000;8,642707716000000;49,298513364000002
112212;112213;08;2;15;109;2016;04;15;2;3;5;3;0;0;1;0;0;0;0;1;463922,128700000000000;5440141,889399999800000;8,505624795999999;49,113059718999999
112213;112214;08;3;11;000;2016;04;09;5;3;0;7;0;0;1;0;0;0;1;0;414516,002400000000000;5316155,699400000300000;7,854180301000000;47,992984780000000
112214;112215;08;1;16;004;2016;04;14;4;3;6;4;0;0;0;1;1;0;0;0;528403,757100000050000;5396522,829500000000000;9,386183022999999;48,721085131000002
112215;112216;08;1;15;045;2016;04;06;5;2;2;2;0;0;1;1;0;0;0;0;500775,735300000000000;5395079,746399999600000;9,010544460000000;48,708749730999997
112217;112218;08;4;36;055;2016;04;08;6;3;4;6;0;0;1;0;0;0;0;0;576653,251500000010000;5297469,060300000000000;10,024151675000001;47,826001552999998
112218;112219;08;4;35;016;2016;04;14;1;3;0;7;0;0;1;0;0;0;0;0;538948,003299999980000;5279781,308699999900000;9,518825737000000;47,670250017999997
112219;112220;08;1;16;033;2016;04;11;7;3;5;3;0;0;1;1;0;0;0;0;533347,302400000040000;5386778,477900000300000;9,452608431000000;48,633181622000002
112222;112223;08;2;12;000;2016;04;19;3;2;3;6;0;0;1;0;0;0;0;0;456367,647799999980000;5428623,666500000300000;8,403352662000000;49,008963250000001
112224;112225;08;1;16;050;2016;04;05;4;3;5;3;1;0;1;1;0;0;0;0;526998,643300000000000;5389229,554899999900000;9,366602672999999;48,655537854000002
112226;112227;08;1;15;015;2016;04;18;5;3;5;3;0;0;1;1;0;0;0;0;492928,464700000010000;5388230,858599999900000;8,903994843000000;48,647096777000002
112228;112229;08;2;12;000;2016;04;12;2;3;5;2;0;0;1;1;0;0;0;0;455770,168200000010000;5428834,912200000100000;8,395159928000000;49,010820891999998
112229;112230;08;4;35;024;2016;04;20;5;2;0;7;1;0;1;0;0;0;0;0;526940,675200000060000;5278814,750199999700000;9,358820660999999;47,662165135999999
112231;112232;08;2;37;028;2016;04;12;2;3;6;4;0;0;0;1;1;0;0;0;455888,611500000000000;5369485,735500000400000;8,403135299000001;48,476952408000002
112232;112233;08;1;28;139;2016;04;15;5;2;0;1;0;0;1;0;0;0;0;0;551667,504300000030000;5490282,630900000200000;9,714484444000000;49,562932945000000
112235;112236;08;1;21;000;2016;04;15;5;3;0;4;0;0;0;0;1;0;0;1;515936,175700000020000;5443269,971300000300000;9,218500514000001;49,142049890999999
112236;112237;08;3;17;096;2016;04;16;4;3;4;6;0;0;1;0;0;0;0;0;422323,320000000010000;5369933,730000000400000;7,948947408000000;48,477731210999998
112239;112240;08;3;11;000;2016;04;13;5;3;2;2;0;0;1;1;0;0;0;0;413168,288300000010000;5315614,852900000300000;7,836228895000000;47,987938085000003
112240;112241;08;4;36;081;2016;04;16;5;3;0;1;0;0;1;0;0;0;0;0;561643,584799999950000;5281882,638899999700000;9,821423772999999;47,687389955000000
112243;112244;08;2;31;000;2016;04;23;6;3;6;4;2;0;0;1;1;0;0;0;478170,310999999990000;5415270,223299999700000;8,702200943999999;48,889997831999999
112244;112245;08;1;21;000;2016;04;10;6;2;5;3;0;0;1;1;0;0;0;0;516266,966000000010000;5443623,469999999700000;9,223050207000000;49,145221053999997
112245;112246;08;3;17;057;2016;04;23;4;3;0;7;2;0;1;0;0;0;0;0;413983,896799999990000;5378426,389499999600000;7,834377563000000;48,553032928999997
112246;112247;08;2;36;004;2016;04;21;6;3;6;7;2;0;0;1;1;0;0;0;473200,115100000000000;5413209,760499999900000;8,634534264999999;48,871267668000002
112247;112248;08;2;16;007;2016;04;17;4;2;5;3;0;0;1;1;0;0;0;0;435198,290199999990000;5393352,589800000200000;8,119484863000000;48,689847712000002
112248;112249;08;1;11;000;2016;04;08;5;2;6;4;0;0;0;0;1;0;0;1;513530,447600000010000;5404518,921000000100000;9,184227140000001;48,793517868000002
112249;112250;08;2;36;070;2016;04;10;1;3;5;3;0;0;1;1;0;0;0;0;468763,746500000010000;5416865,179300000000000;8,573758448000000;48,903942536000002
112250;112251;08;3;11;000;2016;04;15;4;3;0;7;0;0;1;0;0;0;0;0;413341,305700000030000;5315347,814899999600000;7,838601183000000;47,985559449999997
112252;112253;08;2;15;017;2016;04;11;5;3;6;7;0;0;1;0;1;0;0;0;456608,672000000020000;5421089,302000000100000;8,407452171999999;48,941207331000001
112254;112255;08;4;36;064;2016;04;17;5;3;0;7;0;0;1;0;0;0;0;0;546342,261399999960000;5291390,688600000000000;9,618554352000000;47,774213133000003
112256;112257;08;1;25;038;2016;04;12;5;3;6;7;0;0;0;1;1;0;0;0;499756,937900000020000;5434491,427100000000000;8,996672652000001;49,063289576000003
112257;112258;08;1;19;085;2016;04;10;6;3;6;7;0;0;0;0;1;0;0;1;529168,821200000010000;5413816,033599999700000;9,397812998999999;48,876614543999999
112259;112260;08;2;12;000;2016;04;18;2;3;5;2;0;1;1;1;0;0;0;0;458414,553200000020000;5427267,180999999900000;8,431480348999999;48,996902769000002
112261;112262;08;2;26;085;2016;04;12;3;3;3;6;0;0;1;1;0;0;0;0;491200,649600000000000;5455685,514000000400000;8,879080052000001;49,253874959000001
112263;112264;08;1;16;019;2016;04;16;4;3;6;4;0;0;0;1;1;0;0;0;522910,027000000000000;5399386,486200000200000;9,311649672000000;48,747072426000003
112265;112266;08;2;12;000;2016;04;16;4;2;6;4;0;0;0;1;1;0;0;0;454132,179599999970000;5430502,371100000100000;8,372573422000000;49,025700182000001
112269;112270;08;1;21;000;2016;04;12;4;3;6;4;0;0;0;1;1;0;0;0;516905,615600000020000;5444543,247999999700000;9,231845804000001;49,153477494000001
112271;112272;08;1;18;018;2016;04;17;6;2;6;4;0;0;0;1;1;0;0;0;511414,937299999990000;5430496,989600000000000;9,156149541000000;49,027251833999998
112273;112274;08;1;15;045;2016;04;16;2;3;6;6;0;0;0;1;1;0;0;0;499982,631300000010000;5395367,284300000400000;8,999763897999999;48,711336924000001
112275;112276;08;2;22;000;2016;04;10;3;3;5;3;0;0;1;1;0;0;0;0;462645,510100000010000;5482847,294900000100000;8,484137335000000;49,497109070999997
112276;112277;08;2;22;000;2016;04;16;2;3;6;4;0;0;0;1;1;0;0;0;461409,387400000010000;5482337,375799999600000;8,467117137000001;49,492445250999999
112277;112278;08;3;16;056;2016;04;18;4;3;5;3;0;0;1;1;0;0;0;0;422500,525299999980000;5326918,030000000300000;7,959236410000000;48,090816420000003
112279;112280;08;1;11;000;2016;04;18;5;3;5;3;0;0;1;1;0;0;0;0;517003,864799999980000;5410397,438000000100000;9,231763623999999;48,846314692000000
112283;112284;08;2;15;007;2016;04;14;3;3;5;3;0;0;1;1;0;0;0;0;476717,050200000000000;5435285,028300000400000;8,681229862000000;49,069988291999998
112284;112285;08;2;22;000;2016;04;13;2;2;6;4;0;0;0;0;1;0;0;1;461636,710299999980000;5483626,309500000400000;8,470130852000001;49,504052919000003
112285;112286;08;1;11;000;2016;04;20;4;2;6;4;1;0;0;0;1;0;0;1;509134,534400000000000;5406843,905399999600000;9,124425413000001;48,814513324000004
112287;112288;08;3;15;076;2016;04;11;4;3;5;3;0;0;1;0;0;0;1;0;391869,536199999970000;5296608,970400000000000;7,555619084000000;47,813743948999999
112288;112289;08;4;36;082;2016;04;15;4;1;6;4;0;0;1;0;1;0;0;0;547878,310599999970000;5294195,281800000000000;9,639364890000000;47,799333636999997
112289;112290;08;3;11;000;2016;04;11;4;3;1;5;0;0;1;1;0;0;0;0;410712,254699999990000;5314630,525000000400000;7,803523640000000;47,978745633000003
112290;112291;08;2;21;000;2016;04;15;2;3;5;3;0;0;1;1;0;0;0;0;475842,282499999970000;5469550,260400000000000;8,667189954000000;49,378174285999997
112291;112292;08;2;35;007;2016;04;09;5;2;0;3;0;0;0;1;1;0;0;1;484389,447900000030000;5397040,507899999600000;8,787734535000000;48,726193832000000
112294;112295;08;2;12;000;2016;04;18;3;3;0;7;0;0;0;1;1;0;0;0;459352,054400000020000;5431432,464499999800000;8,443879177000000;49,034432633000002
112295;112296;08;2;21;000;2016;04;18;2;3;4;2;0;0;1;1;0;0;0;0;476209,960299999980000;5471875,826000000400000;8,672116015000000;49,399106895000003
112296;112297;08;4;17;031;2016;04;18;5;3;6;4;0;0;0;1;1;0;0;0;496154,394499999990000;5354688,358099999800000;8,948099873000000;48,345363091999999
112297;112298;08;2;15;046;2016;04;07;3;3;5;3;0;0;1;1;0;0;0;0;450823,307900000010000;5414152,549200000200000;8,329288853000000;48,878377378000003
112299;112300;08;1;19;085;2016;04;18;5;2;0;7;0;0;1;0;0;0;0;0;530792,117899999950000;5415020,548000000400000;9,420042120000000;48,887371324000000
112300;112301;08;2;26;106;2016;04;19;6;2;0;7;0;0;1;0;0;0;0;0;501705,463200000000000;5461643,816599999600000;9,023461772999999;49,307531840999999
112302;112303;08;2;22;000;2016;04;17;1;3;6;3;0;0;0;1;1;0;0;0;462639,648700000020000;5483030,083300000100000;8,484039107999999;49,498752795999998
112303;112304;08;2;12;000;2016;04;22;4;3;5;3;2;0;1;1;0;0;0;0;455335,473100000000000;5428008,012900000400000;8,389306822000000;49,003351543000001
112305;112306;08;1;36;088;2016;04;15;2;3;3;6;0;0;1;1;0;0;0;0;578258,875400000020000;5409272,537100000300000;10,066365980000000;48,831496205999997
112306;112307;08;2;26;096;2016;04;15;5;3;4;2;0;0;1;1;0;0;0;0;475332,329299999980000;5486359,644500000400000;8,659117758000001;49,529350012000002
112307;112308;08;4;21;000;2016;04;15;4;2;5;3;0;0;1;1;0;0;0;0;573091,186699999960000;5361326,076399999700000;9,987513652000001;48,400853861000002
112309;112310;08;2;16;049;2016;04;16;3;3;2;6;0;0;1;1;0;0;0;0;438601,591699999990000;5401312,655199999900000;8,164537831000001;48,761793347999998
112314;112315;08;1;16;076;2016;04;10;6;2;0;1;0;0;1;0;0;0;0;0;528896,588200000000000;5403029,612099999600000;9,393340105000000;48,779596167999998
112316;112317;08;2;16;043;2016;04;07;2;3;6;3;0;0;0;1;1;0;0;0;441630,273899999970000;5412456,705900000400000;8,204160518000000;48,862325947999999
112317;112318;08;3;36;091;2016;04;05;4;2;5;3;2;0;1;1;0;0;0;0;396986,630599999970000;5272125,345200000300000;7,629736057000000;47,594351725999999
112319;112320;08;2;36;040;2016;04;20;4;3;6;4;0;0;0;1;1;0;0;0;488708,539400000010000;5421579,225900000000000;8,845787291000001;48,947033435999998
112320;112321;08;1;17;033;2016;04;12;3;3;6;7;0;0;0;0;1;0;0;1;558872,258000000030000;5387552,735999999600000;9,799130025000000;48,638264053000000
112322;112323;08;2;22;000;2016;04;22;5;3;3;6;2;0;1;1;0;0;0;0;464981,550200000000000;5483981,023400000300000;8,516296110000001;49,507445754000003
112324;112325;08;4;36;081;2016;04;18;4;3;5;2;0;0;1;1;0;0;0;0;560072,338600000020000;5282987,859000000200000;9,800640659999999;47,697481357000001
112325;112326;08;1;16;019;2016;04;07;6;2;6;4;0;0;0;1;1;0;0;0;526825,713499999950000;5397165,542700000100000;9,364769911000000;48,726936803000001
112328;112329;08;2;16;043;2016;04;10;7;3;5;3;0;1;1;1;0;0;0;0;441254,421500000000000;5411801,651100000400000;8,199130510000000;48,856398274999997
112332;112333;08;1;19;008;2016;04;05;3;3;5;3;2;0;1;1;0;0;0;0;531896,692300000000000;5421589,093299999800000;9,435622914000000;48,946402720000002
112333;112334;08;1;16;068;2016;04;06;2;3;5;3;1;0;1;1;0;0;0;0;526513,931100000050000;5389370,802699999900000;9,360030165000000;48,656829274000003
112334;112335;08;1;16;056;2016;04;15;4;2;0;1;0;0;1;0;0;0;0;0;531433,657499999970000;5394792,855700000200000;9,427245210000001;48,705377177000003
112335;112336;08;4;36;069;2016;04;19;4;3;6;7;0;0;0;1;1;0;0;0;552973,650099999970000;5293831,473700000000000;9,707358303000000;47,795661383000002
112336;112337;08;3;35;043;2016;04;09;6;3;3;6;0;0;1;0;0;0;1;0;513393,969300000000000;5280978,063400000300000;9,178460895000001;47,682052284000001
112337;112338;08;4;16;041;2016;04;09;5;3;3;6;0;0;1;0;0;0;0;0;504543,577099999990000;5374912,305800000200000;9,061539261000000;48,527303119000003
112338;112339;08;1;18;046;2016;04;07;3;3;5;3;0;0;1;1;0;0;0;0;514337,705299999970000;5412113,771700000400000;9,195484067000001;48,861821796000001
112339;112340;08;1;16;033;2016;04;15;2;2;0;1;0;1;1;0;0;0;0;0;533695,752300000050000;5389751,513899999700000;9,457579534000001;48,659908027000000
112346;112347;08;2;16;043;2016;05;07;2;3;5;2;0;0;1;1;0;0;0;0;441839,281299999970000;5410900,716900000300000;8,207230977000000;48,848349489000000
112347;112348;08;2;22;000;2016;04;16;3;2;6;4;0;0;0;1;1;0;0;0;461553,340099999970000;5482009,481900000000000;8,469136729000001;49,489505160999997
112349;112350;08;4;26;087;2016;05;14;2;3;5;3;0;0;1;1;0;0;0;0;570932,140099999960000;5324685,504499999800000;9,952211371000001;48,071497913000002
112353;112354;08;2;15;066;2016;04;18;3;3;5;3;0;0;1;1;0;0;0;0;461466,501700000020000;5454773,538900000000000;8,470574817999999;49,244521726000002
112354;112355;08;3;17;096;2016;04;08;4;3;5;3;0;0;1;1;0;0;0;0;420280,483699999980000;5368637,612800000200000;7,921557686000000;48,465817113999996
112357;112358;08;4;25;072;2016;04;19;6;3;0;7;0;1;1;0;0;0;0;1;583779,993999999950000;5372933,341000000000000;10,134222685999999;48,503927971000003
112359;112360;08;3;35;043;2016;05;22;1;3;5;3;2;0;1;1;0;0;0;0;513224,825000000010000;5279895,216000000000000;9,176174432000000;47,672312681999998
112363;112364;08;3;11;000;2016;04;17;6;3;5;7;0;0;1;0;0;1;0;0;411722,385100000010000;5316843,879900000100000;7,816601485000000;47,998795573999999
112366;112367;08;1;19;091;2016;04;06;6;2;6;2;0;0;0;1;1;0;0;0;527209,609100000000000;5406720,729299999800000;9,370621999000001;48,812876605000000
112369;112370;08;3;17;001;2016;05;20;1;2;0;7;0;1;1;0;0;0;0;0;431542,115700000020000;5386366,275399999700000;8,070967574000001;48,626615667000003
112371;112372;08;2;12;000;2016;04;16;5;3;5;3;0;0;1;0;0;0;0;1;458756,357699999990000;5429347,048499999600000;8,435941683999999;49,015634460999998
112375;112376;08;1;16;019;2016;04;13;5;3;1;7;0;1;1;1;0;0;0;0;523011,535800000010000;5399573,499099999700000;9,313040944999999;48,748751028999997
112377;112378;08;3;11;000;2016;04;10;4;2;0;1;0;1;1;0;0;0;0;0;414658,656299999970000;5315435,129900000100000;7,856235275000000;47,986522018999999
112379;112380;08;1;21;000;2016;05;07;3;1;5;2;0;0;1;0;0;0;1;0;515268,624200000020000;5446298,860899999700000;9,209462649000001;49,169312656999999
112383;112384;08;3;11;000;2016;04;14;4;3;5;3;0;0;1;0;0;0;0;0;411969,883600000000000;5317728,441599999600000;7,819737057000000;48,006786575000000
112384;112385;08;3;11;000;2016;05;16;2;3;5;3;0;0;1;0;0;0;0;0;414726,035700000010000;5318063,392699999700000;7,856615792000000;48,010173272999999
112385;112386;08;1;16;019;2016;04;14;5;3;9;1;0;1;1;0;0;0;0;0;525230,976099999970000;5396636,081000000200000;9,343053060000001;48,722240429000003
112386;112387;08;1;35;019;2016;04;15;3;2;6;4;0;0;0;1;1;0;0;0;584766,207599999970000;5392463,931699999600000;10,151556780000000;48,679462461999996
112389;112390;08;1;16;080;2016;05;12;3;3;6;4;0;0;0;1;1;0;0;0;521994,467400000020000;5395344,831000000200000;9,298979685999999;48,710747032000000
112390;112391;08;3;11;000;2016;04;12;6;3;5;2;0;0;1;1;0;0;0;0;404281,695499999970000;5319758,676599999900000;7,716230157000000;48,023943178000003
112392;112393;08;1;11;000;2016;04;23;7;2;6;2;2;1;0;1;1;0;0;0;513294,826599999970000;5401914,035899999600000;9,180934752000001;48,770089630000001
112393;112394;08;3;37;126;2016;04;08;7;3;5;2;0;0;1;1;0;0;0;0;441292,146899999990000;5274766,504800000200000;8,218647839999999;47,623640236999996
112395;112396;08;3;16;014;2016;05;18;1;3;6;7;0;0;1;0;1;0;0;0;424761,984600000030000;5329675,414699999600000;7,989114974000000;48,115891836000003
112396;112397;08;1;27;014;2016;05;18;2;2;5;3;0;0;1;1;0;0;0;0;575716,372100000040000;5443603,265300000100000;10,038122534999999;49,140587799999999
112397;112398;08;1;21;000;2016;04;15;3;2;5;3;0;0;1;1;0;0;0;0;515818,983799999990000;5442745,460799999500000;9,216873122999999;49,137334774000003
112398;112399;08;3;11;000;2016;04;16;6;3;3;2;0;0;1;1;0;0;0;0;414097,547299999980000;5316106,666400000500000;7,848582350000000;47,992487629999999
112399;112400;08;4;26;021;2016;05;09;2;3;6;7;0;0;0;1;1;0;0;0;558780,664899999970000;5327652,680700000400000;9,789512960000000;48,099427173000002
112401;112402;08;1;19;079;2016;04;07;3;3;6;4;0;1;0;1;1;0;0;0;522729,972000000010000;5408073,468500000400000;9,309680854000000;48,825225558000000
112403;112404;08;1;11;000;2016;05;10;3;3;0;4;0;0;0;0;1;0;0;1;513631,092799999980000;5408644,583599999500000;9,185734530000000;48,830629569000003
112406;112407;08;1;19;091;2016;04;15;5;3;5;3;0;0;1;1;0;0;0;0;527160,014100000030000;5406298,004099999600000;9,369918504999999;48,809076054999998
112407;112408;08;1;11;000;2016;04;11;7;3;0;7;0;0;0;1;1;0;0;0;507912,001899999970000;5396008,138899999700000;9,107564425000000;48,717051888000000
112411;112412;08;1;18;048;2016;04;11;6;3;2;7;0;0;1;1;0;0;0;0;514369,861299999990000;5415608,523500000100000;9,196045303000000;48,893258985999999
112413;112414;08;1;19;079;2016;04;08;3;2;6;4;0;1;0;1;1;0;0;0;522572,238399999970000;5408160,020100000300000;9,307536634000000;48,826009908000003
112416;112417;08;3;11;000;2016;05;11;2;3;1;6;0;0;1;1;0;0;0;0;413510,637899999970000;5316967,429999999700000;7,840543724000000;48,000151383000002
112417;112418;08;1;15;003;2016;04;14;5;3;1;5;0;0;1;1;0;0;0;0;500821,040299999990000;5391538,993400000000000;9,011153246999999;48,676896710999998
112418;112419;08;3;11;000;2016;05;19;2;3;8;1;0;0;1;0;0;0;0;0;413524,088600000020000;5316103,205099999900000;7,840898156000000;47,992379198000002
112419;112420;08;1;15;003;2016;04;16;5;3;1;3;0;0;1;1;0;0;0;0;500723,331799999990000;5393006,810300000000000;9,009828516000001;48,690101478999999
112420;112421;08;4;36;064;2016;04;08;6;2;0;1;0;0;1;0;0;0;0;0;544495,681899999970000;5289331,256500000100000;9,593697602000001;47,755814446000002
112421;112422;08;1;18;079;2016;04;13;6;3;5;3;0;0;1;1;0;0;0;0;509116,676600000010000;5422842,313099999900000;9,124539037000000;48,958431634999997
112422;112423;08;1;18;048;2016;04;14;3;3;0;7;0;0;0;1;1;0;0;0;519826,580000000020000;5417500,302100000000000;9,270581386000000;48,910126220000002
112423;112424;08;2;16;007;2016;04;13;4;3;5;3;0;0;1;1;0;0;0;0;436089,929599999970000;5395009,972000000100000;8,131342371000001;48,704847911999998
112424;112425;08;2;12;000;2016;05;20;1;3;6;4;1;0;1;0;1;0;0;0;454973,491299999990000;5428819,443199999600000;8,384267791999999;49,010624128000003
112427;112428;08;2;12;000;2016;05;18;2;3;5;2;0;0;1;1;0;0;0;0;454363,055899999980000;5428326,814500000300000;8,375976055000001;49,006148052999997
112430;112431;08;2;12;000;2016;04;09;4;3;3;6;0;0;1;1;0;0;0;0;455047,261999999990000;5429955,531299999900000;8,385150685999999;49,020848702000002
112431;112432;08;1;19;020;2016;05;14;3;2;0;7;0;1;0;0;1;0;0;1;520336,139399999990000;5406274,841099999800000;9,276977732000001;48,809128465999997
112433;112434;08;1;26;011;2016;04;11;4;3;8;1;0;0;1;0;0;0;0;0;531494,937999999970000;5446502,661999999500000;9,432074387000000;49,170527587000002
112435;112436;08;2;15;108;2016;04;08;5;3;4;6;0;1;1;0;0;0;0;0;449431,552399999990000;5424539,326100000200000;8,309020524999999;48,971695306000001
112436;112437;08;3;37;116;2016;04;16;7;3;6;4;0;0;0;1;1;0;0;0;417400,024099999980000;5276315,301900000300000;7,900423185000000;47,634967222000000
112438;112439;08;1;18;048;2016;05;17;2;3;5;3;0;0;1;1;0;0;0;0;512474,850600000010000;5415561,760999999900000;9,170190730000000;48,892879375000000
112443;112444;08;4;16;041;2016;05;17;2;3;5;3;0;0;1;1;0;0;0;0;504134,243900000000000;5377370,369400000200000;9,056019554000001;48,549419516999997
112446;112447;08;3;35;079;2016;04;18;7;2;0;1;0;0;1;0;0;0;0;0;501027,372800000010000;5299987,456199999900000;9,013733673999999;47,853228262999998
112452;112453;08;3;26;074;2016;04;15;7;3;0;7;0;0;1;0;0;0;0;0;459836,277300000020000;5323064,572399999900000;8,460957891000000;48,059595360000003
112453;112454;08;1;17;026;2016;04;14;4;3;1;3;0;0;1;0;0;0;0;1;546989,071499999960000;5394843,574199999700000;9,638668202000000;48,704855455999997
112463;112464;08;1;16;019;2016;04;07;4;3;6;4;0;0;0;1;1;0;0;0;523479,954700000000000;5396148,640300000100000;9,319217943000000;48,717923874000000
112467;112468;08;1;11;000;2016;04;08;6;3;6;4;0;0;0;0;1;0;0;1;509000,254000000020000;5397175,029299999600000;9,122384750000000;48,727534509000002
112470;112471;08;2;26;095;2016;04;09;6;2;5;3;0;0;1;1;0;0;0;0;473477,383700000010000;5461740,676400000200000;8,635130232000000;49,307829507000001
112471;112472;08;2;35;085;2016;05;16;2;3;5;2;0;0;1;1;0;0;0;0;482780,156200000030000;5393382,905500000300000;8,766004885999999;48,693247665999998
112474;112475;08;4;17;025;2016;04;19;2;3;0;1;1;0;1;0;0;0;0;0;487399,205100000020000;5353752,660299999600000;8,829968565000000;48,336830988000003
112475;112476;08;4;36;064;2016;04;18;3;2;0;7;0;1;1;0;0;0;0;0;545301,986999999960000;5290818,220300000200000;9,604610370000000;47,769136594999999
112476;112477;08;2;22;000;2016;05;16;1;3;6;7;0;0;1;0;1;0;0;0;462193,259000000020000;5481579,510099999600000;8,478013324000001;49,485677997000003
112478;112479;08;3;15;047;2016;04;10;5;3;5;3;0;0;1;1;0;0;0;0;415347,625000000000000;5321042,537999999700000;7,864360028000000;48,037054464999997
112483;112484;08;4;17;002;2016;04;13;2;2;1;5;0;1;1;1;0;0;0;0;491560,827800000030000;5346895,276899999900000;8,886261298999999;48,275206547000003