FID;OBJECTID;ULAND;UREGBEZ;UKREIS;UGEMEINDE;UJAHR;UMONAT;USTUNDE;UWOCHENTAG;UKATEGORIE;UART;UTYP1;ULICHTVERH;IstStrasse;IstRad;IstPKW;IstFuss;IstKrad;IstGkfz;IstSonstig;LINREFX;LINREFY;XGCSWGS84;YGCSWGS84
112813;112814;08;1;27;102;2016;05;19;4;2;0;7;0;0;0;1;1;0;0;0;589663,628099999970000;5434067,990000000200000;10,227190137999999;49,052955869999998
112815;112816;08;3;35;043;2016;05;19;5;2;6;4;0;0;1;0;1;0;0;0;513333,799600000030000;5278934,430400000000000;9,177596801000000;47,663665614999999
112820;112821;08;3;15;076;2016;05;13;7;2;0;1;0;0;1;0;0;0;0;0;392737,030399999990000;5297536,826899999800000;7,566973423000000;47,822234895000001
112824;112825;08;3;15;004;2016;05;20;5;2;5;3;1;0;1;1;0;0;0;0;394404,148400000010000;5294155,746100000100000;7,590062447000000;47,792098711999998
112825;112826;08;1;11;000;2016;05;15;4;3;6;7;0;0;0;1;1;0;0;0;513209,045500000010000;5403247,284000000000000;9,179810157000000;48,782085254000002
112827;112828;08;1;21;000;2016;05;13;4;3;6;4;0;0;0;1;1;0;0;0;515887,010300000020000;5444595,933400000400000;9,217878706000001;49,153978617000000
112831;112832;08;1;18;060;2016;05;12;4;3;5;3;0;0;1;0;0;0;0;1;523412,216000000010000;5429718,443000000000000;9,320218230000000;49,019909699999999
112832;112833;08;3;26;074;2016;05;07;4;2;6;4;0;0;0;1;1;0;0;0;465223,575900000000000;5322930,617600000500000;8,533269682000000;48,058706641999997
112833;112834;08;2;36;030;2016;05;06;3;2;6;4;0;0;0;1;1;0;0;0;475959,294500000020000;5418073,711100000000000;8,671873853999999;48,915135112999998
112835;112836;08;2;31;000;2016;05;17;6;3;0;1;0;0;1;0;0;0;0;0;478394,248800000000000;5415904,267599999900000;8,705222315000000;48,895709330999999
112837;112838;08;3;11;000;2016;05;02;5;2;6;4;2;0;0;1;1;0;0;0;410501,651900000000000;5317614,332000000400000;7,800080001000000;48,005556220999999
112840;112841;08;2;22;000;2016;05;19;1;3;0;7;0;0;1;0;0;0;0;0;465615,372700000010000;5474427,965800000400000;8,525880524000000;49,421556279000001
112844;112845;08;1;18;079;2016;05;17;4;3;6;7;0;0;0;1;1;0;0;0;509532,184200000020000;5423109,241399999700000;9,130221345000001;48,960826562999998
112848;112849;08;1;15;003;2016;05;19;1;3;5;3;0;0;1;1;0;0;0;0;501087,303699999990000;5392458,281700000200000;9,014772663000001;48,685166328999998
112849;112850;08;2;22;000;2016;05;16;6;3;6;2;0;0;0;1;1;0;0;0;461323,627900000020000;5481919,333300000100000;8,465973877000000;49,488679724999997
112851;112852;08;3;11;000;2016;05;00;5;3;6;4;2;0;0;1;1;0;0;0;409702,416399999990000;5316686,677299999600000;7,789562226000000;47,997099390000002
112852;112853;08;1;18;047;2016;05;19;4;3;5;2;0;0;1;1;0;0;0;0;508493,311600000020000;5427099,911899999700000;9,116112456000000;48,996740311000003
112853;112854;08;3;17;096;2016;05;21;4;3;0;7;2;0;1;1;0;0;0;0;422098,055899999980000;5369012,882000000200000;7,946071446000000;48,469420384999999
112854;112855;08;2;22;000;2016;05;00;1;2;6;4;2;0;0;0;1;0;0;1;460799,274600000000000;5482471,591699999800000;8,458679404000000;49,493613334999999
112855;112856;08;3;11;000;2016;05;12;5;3;5;2;0;0;1;0;0;0;0;0;410810,493200000030000;5317972,505800000400000;7,804145268000000;48,008821243000000
112856;112857;08;4;36;064;2016;05;12;3;2;6;6;0;0;1;0;1;0;0;0;543053,729500000020000;5292238,242700000300000;9,574747005000001;47,782066792999998
112860;112861;08;1;18;048;2016;05;14;4;3;5;3;0;0;1;1;0;0;0;0;512905,342200000010000;5415818,513299999800000;9,176071883000001;48,895180234999998
112861;112862;08;3;17;057;2016;05;12;4;3;6;7;0;0;0;1;1;0;0;0;413064,467100000010000;5379433,950400000400000;7,821710439000000;48,561968542999999
112862;112863;08;1;17;049;2016;05;16;4;3;4;2;0;0;1;1;0;0;0;0;556031,903000000050000;5392476,092400000400000;9,761245411999999;48,682812419000001
112863;112864;08;3;16;056;2016;05;12;4;3;5;3;0;0;1;1;0;0;0;0;422153,844400000000000;5326967,469300000000000;7,954572515000000;48,091218896000001
112864;112865;08;2;31;000;2016;05;18;5;3;6;4;0;0;0;1;1;0;0;0;475780,603500000030000;5415288,901100000400000;8,669600157000000;48,890077058000003
112870;112871;08;2;22;000;2016;05;19;3;3;6;4;1;0;0;1;1;0;0;0;461475,602100000020000;5481060,461400000400000;8,468155859000000;49,480964295000000
112871;112872;08;1;11;000;2016;05;08;4;3;3;6;0;0;1;1;0;0;0;0;512449,218400000010000;5401911,127799999900000;9,169426488999999;48,770080960999998
112872;112873;08;2;26;059;2016;05;18;4;3;5;3;0;0;1;1;0;0;0;0;465220,410900000020000;5460481,713800000000000;8,521652929000000;49,296090911000000
112874;112875;08;4;15;061;2016;05;16;5;3;6;6;2;1;1;0;1;0;0;0;512415,473000000000000;5371682,115299999700000;9,168061584000000;48,498136856999999
112875;112876;08;2;21;000;2016;05;15;3;3;3;2;0;1;1;1;0;0;0;0;477692,218300000010000;5472980,727599999900000;8,692482716000001;49,409101450000001
112877;112878;08;4;37;031;2016;05;16;3;2;5;3;0;0;1;1;1;0;0;0;516604,151000000010000;5343797,533900000200000;9,223659702999999;48,247175574000003
112879;112880;08;3;16;014;2016;05;15;2;2;7;7;0;0;1;0;0;0;0;0;423462,522500000020000;5334464,854600000200000;7,970797704000000;48,158820446999997
112881;112882;08;3;27;050;2016;05;07;2;3;1;5;0;0;1;1;0;0;0;0;487023,541600000000000;5315970,214900000000000;8,826052747000000;47,996899143000000
112883;112884;08;2;22;000;2016;05;15;5;3;1;5;0;0;1;1;0;0;0;0;461549,108499999970000;5480156,731599999600000;8,469258446000000;49,472840372999997
112887;112888;08;2;35;085;2016;05;11;6;3;6;7;0;1;0;1;1;0;0;0;480818,712999999990000;5395693,914400000100000;8,739244340999999;48,713980259000003
112890;112891;08;2;16;043;2016;05;14;3;3;5;3;0;0;1;1;0;0;0;0;441579,234000000000000;5411441,159500000100000;8,203609619000000;48,853186334000000
112891;112892;08;2;31;000;2016;05;18;6;2;1;7;0;1;1;1;0;0;0;0;478722,151300000030000;5415973,562699999700000;8,709692377000000;48,896344034999998
112893;112894;08;4;36;055;2016;05;17;3;2;6;4;0;0;0;0;1;0;0;1;575976,216900000000000;5297725,317400000100000;10,015152355000000;47,828387190000001
112894;112895;08;1;16;080;2016;05;16;7;2;3;2;0;0;1;1;0;0;0;0;519492,584199999980000;5394073,413999999900000;9,264910944000000;48,699392615000001
112895;112896;08;3;11;000;2016;05;23;2;3;0;1;2;1;1;0;0;0;0;0;413538,213500000010000;5316402,306900000200000;7,841027188000000;47,995071633999999
112897;112898;08;3;17;047;2016;05;22;7;3;6;2;2;0;0;1;1;0;0;0;421461,157599999980000;5361224,742700000300000;7,938916299000000;48,399287184999999
112898;112899;08;2;21;000;2016;05;08;4;2;4;6;0;0;1;0;0;0;0;0;474904,147000000000000;5472738,276999999800000;8,654064609000001;49,406812051999999
112900;112901;08;3;11;000;2016;05;20;2;3;5;3;1;0;1;1;0;0;0;0;414203,525900000010000;5318155,617399999900000;7,849592797000000;48,010932928999999
112901;112902;08;2;15;017;2016;05;00;3;3;5;3;2;1;1;1;0;0;0;0;456614,330000000020000;5421622,799999999800000;8,407472621000000;48,946006660999998
112904;112905;08;4;35;030;2016;05;15;3;3;2;6;0;0;1;1;0;0;0;0;541458,748299999980000;5272191,565800000000000;9,551550675000000;47,601806396999997
112907;112908;08;4;35;016;2016;05;15;3;3;0;7;0;0;1;0;0;0;0;0;536247,796500000050000;5278759,679899999900000;9,482772926000001;47,661215026000001
112908;112909;08;3;35;063;2016;05;19;7;3;1;5;0;1;1;1;0;0;0;0;496925,555100000000000;5287995,833300000100000;8,958986564000000;47,745327088000003
112910;112911;08;2;22;000;2016;05;15;4;3;5;3;0;0;1;1;0;0;0;0;461881,793200000010000;5484693,647199999500000;8,473412719000001;49,513668477000003
112911;112912;08;2;12;000;2016;05;09;2;3;0;1;0;0;1;1;0;0;0;0;461544,428900000000000;5427494,213999999700000;8,474245800000000;48,999147882999999
112912;112913;08;2;12;000;2016;05;19;3;3;4;6;0;0;1;0;0;0;0;0;452468,840299999980000;5428285,894999999600000;8,350081700000001;49,005637002999997
112913;112914;08;4;36;064;2016;05;15;4;3;0;7;0;1;1;0;0;0;0;0;546120,793999999990000;5292270,229000000300000;9,615691908000001;47,782142264000001
112914;112915;08;4;21;000;2016;05;16;3;3;5;3;0;0;1;1;0;0;0;0;573120,577000000050000;5361003,854100000100000;9,987854549000000;48,397951992000003
112916;112917;08;2;15;009;2016;05;14;5;3;3;6;0;0;0;1;1;0;0;0;465666,478300000020000;5439211,715900000200000;8,529605865000001;49,104792557000003
112917;112918;08;3;36;014;2016;05;09;5;3;1;5;0;1;1;0;0;0;0;1;392221,337500000020000;5278853,036899999700000;7,564713184000000;47,654092421000001
112919;112920;08;3;37;022;2016;05;15;3;3;5;3;0;0;1;1;0;0;0;0;449869,552399999990000;5295906,794400000000000;8,330364344000000;47,814560458000003
112921;112922;08;2;26;038;2016;05;07;4;2;5;5;0;0;1;1;0;0;0;0;471923,328400000000000;5480024,122800000000000;8,612460179999999;49,472215988999999
112923;112924;08;2;11;000;2016;05;22;3;3;0;7;2;0;1;0;0;0;0;0;440592,577899999970000;5404267,214499999800000;8,191199937000000;48,788563023999998
112924;112925;08;4;35;059;2016;05;15;4;3;8;2;0;1;1;0;0;0;0;1;512480,907899999990000;5290130,044300000200000;9,166557623999999;47,764416287000003
112925;112926;08;3;35;063;2016;05;17;3;3;0;1;0;0;1;0;0;0;0;0;495409,359000000000000;5288927,911999999500000;8,938750510000000;47,753704528000000
112931;112932;08;2;26;059;2016;05;17;6;3;5;3;0;1;1;1;0;0;0;0;464773,012200000000000;5459559,997299999900000;8,515581029000000;49,287774585999998
112933;112934;08;1;15;028;2016;05;10;7;3;6;4;0;0;0;1;1;0;0;0;498898,793699999980000;5401093,671799999700000;8,985015389000001;48,762850698000001
112936;112937;08;3;25;049;2016;05;08;2;3;6;4;0;0;0;1;1;0;0;0;472521,285299999990000;5334460,416299999700000;8,630466048000001;48,162794325999997
112937;112938;08;1;15;021;2016;05;10;7;3;0;7;0;0;1;0;0;0;0;0;491274,729899999980000;5382649,271900000100000;8,881660759000001;48,596862860000002
112939;112940;08;1;18;073;2016;05;12;3;2;5;3;0;1;1;0;0;0;0;0;496287,726100000030000;5422411,677100000000000;8,949292082000000;48,954613850000001
112942;112943;08;3;17;040;2016;05;18;2;3;5;3;0;0;1;1;0;0;0;0;431267,344900000030000;5349081,833900000000000;8,073363841999999;48,291201546000003
112944;112945;08;2;12;000;2016;05;18;5;2;4;2;0;0;1;1;0;0;0;0;455882,619899999990000;5427619,944799999700000;8,396829621000000;48,999900177999997
112945;112946;08;4;37;044;2016;05;15;4;2;5;3;0;0;1;1;0;0;0;0;532598,758999999960000;5323059,406000000400000;9,437514859000000;48,059980328000002
112946;112947;08;1;36;019;2016;05;12;3;3;0;1;0;1;1;0;0;0;0;0;581113,915000000040000;5423807,417000000400000;10,108147874000000;48,961857973000001
112948;112949;08;4;26;021;2016;05;15;4;2;5;3;0;0;1;1;0;0;0;0;559703,226299999980000;5329260,715400000100000;9,802128175000000;48,113807477999998
112949;112950;08;3;27;050;2016;05;16;3;3;6;6;0;0;0;1;1;0;0;0;485998,625000000000000;5313901,207999999600000;8,812381463000000;47,978262334999997
112951;112952;08;2;26;041;2016;05;07;2;3;0;7;0;1;1;0;0;0;0;1;476124,836000000010000;5463879,712100000100000;8,671422412000000;49,327179319000003
112952;112953;08;1;15;003;2016;05;09;6;3;1;5;0;1;1;1;0;0;0;0;501720,055500000020000;5391975,085500000000000;9,023367541000001;48,680818017999997
112953;112954;08;4;17;002;2016;05;22;7;2;6;4;2;1;0;1;1;0;0;0;489460,923300000020000;5346676,661500000400000;8,857965429000000;48,273208251000000
112954;112955;08;2;26;098;2016;05;19;7;3;5;3;0;0;1;1;0;0;0;0;477169,082700000030000;5459915,807900000400000;8,686020106999999;49,291563975999999
112955;112956;08;2;15;066;2016;05;19;4;3;0;7;0;0;1;0;0;0;0;0;460313,943499999990000;5453916,205900000400000;8,454825055000001;49,236736509000004
112956;112957;08;2;26;096;2016;05;10;7;3;5;3;0;0;1;1;0;0;0;0;476395,137099999990000;5489095,007100000000000;8,673640605999999;49,553995901999997
112958;112959;08;2;16;043;2016;05;06;5;3;5;3;0;1;1;1;0;0;0;0;440068,294500000020000;5413373,235500000400000;8,182731766000000;48,870421096999998
112959;112960;08;4;16;041;2016;05;16;4;3;0;1;0;0;1;0;0;0;0;0;504341,309000000010000;5373711,487999999900000;9,058787194000001;48,516501560000002
112962;112963;08;2;26;085;2016;05;08;6;3;2;6;0;0;1;1;0;0;0;0;492742,799600000030000;5453116,343399999700000;8,900318640000000;49,230784931999999
112963;112964;08;4;16;041;2016;05;19;4;3;5;3;0;1;1;1;0;0;0;0;504532,948299999990000;5376548,600599999500000;9,061413103000000;48,542023862999997
112964;112965;08;3;26;074;2016;05;11;3;3;5;3;0;0;1;1;0;0;0;0;458967,662200000020000;5322647,275500000500000;8,449340693000000;48,055785792000002
112965;112966;08;3;36;050;2016;05;15;5;3;3;6;0;1;1;1;0;0;0;0;399445,802099999970000;5273713,964200000300000;7,662073813000000;47,609027971000003
112966;112967;08;2;26;084;2016;05;09;7;3;1;7;0;0;1;1;0;0;0;0;468863,807900000010000;5470706,872700000200000;8,570962584000000;49,388261018999998
112969;112970;08;2;22;000;2016;05;16;2;3;5;3;0;1;1;1;0;0;0;0;461927,180700000030000;5484986,446999999700000;8,474011458000000;49,516304896999998
112971;112972;08;3;17;005;2016;05;19;3;3;4;1;0;0;1;1;0;0;0;0;424264,396200000020000;5376950,410299999600000;7,973934371000000;48,541082684999999
112974;112975;08;4;15;061;2016;05;06;4;2;5;7;0;0;1;1;0;0;0;0;514789,868299999970000;5372160,351700000500000;9,200219252000000;48,502387825000000
112975;112976;08;2;12;000;2016;05;08;4;3;6;7;0;0;1;0;1;0;0;0;455757,951300000020000;5428744,376500000200000;8,395002740000001;49,010005638000003
112977;112978;08;2;12;000;2016;05;10;4;3;0;7;0;0;1;0;0;0;0;0;457635,639099999970000;5428769,539400000100000;8,420675548000000;49,010363750000003
112980;112981;08;1;28;007;2016;05;13;3;3;0;3;0;0;1;0;0;0;1;0;555206,465100000030000;5483078,492499999700000;9,762410124000001;49,497826545000002
112982;112983;08;1;11;000;2016;05;20;6;3;6;7;1;1;0;1;1;0;0;0;513188,984200000010000;5403695,268699999900000;9,179551446000000;48,786115709999997
112983;112984;08;3;17;065;2016;05;01;2;3;0;7;2;0;1;0;0;0;0;0;412967,752700000010000;5355562,979799999900000;7,825363795000000;48,347245973000000
112987;112988;08;4;15;061;2016;05;02;4;3;0;1;2;0;1;0;0;0;0;0;515947,520699999990000;5370363,422199999900000;9,215822348000000;48,486193700000001
112988;112989;08;1;28;126;2016;05;15;3;2;3;2;0;0;1;1;0;0;0;0;565355,488699999990000;5482098,405799999800000;9,902390807000000;49,488003396000003
112990;112991;08;1;36;088;2016;05;16;4;3;0;6;0;0;1;0;0;0;0;1;578883,194800000060000;5408551,276200000200000;10,074732724000000;48,824929972000000
112991;112992;08;1;27;076;2016;05;08;5;2;0;1;0;0;1;0;0;0;0;0;554406,432099999980000;5440576,348600000100000;9,745571567000001;49,115618912000002
112994;112995;08;3;16;056;2016;05;15;3;3;7;1;0;0;1;0;0;0;0;0;422801,983499999970000;5327201,389299999900000;7,963232852000000;48,093401989000000
112996;112997;08;2;22;000;2016;05;17;2;3;5;3;0;0;1;1;0;0;0;0;464329,787200000020000;5485137,576399999700000;8,507189263000001;49,517810359999999
112998;112999;08;1;11;000;2016;05;11;6;3;5;3;0;1;1;1;0;0;0;0;516674,078400000000000;5406962,660699999900000;9,227128950999999;48,815425032999997
112999;113000;08;3;17;057;2016;05;12;2;2;5;3;0;0;1;0;0;0;1;0;412689,764499999990000;5381013,934000000400000;7,816301324000000;48,576127423000003
113001;113002;08;1;19;085;2016;05;17;5;3;2;6;0;0;1;0;0;0;0;1;528264,549299999960000;5412712,940100000200000;9,385404342999999;48,866733427000000
113002;113003;08;4;15;014;2016;05;18;4;3;0;1;0;0;1;0;0;0;0;0;527571,433500000040000;5374316,857499999900000;9,373390487000000;48,521357162999998
113003;113004;08;2;22;000;2016;05;13;2;3;5;5;0;0;1;1;0;0;0;0;464147,927900000010000;5484729,821999999700000;8,504713877000000;49,514132095999997
113006;113007;08;3;35;063;2016;05;20;4;3;4;6;0;0;1;0;0;0;0;0;498778,784099999990000;5287954,432900000400000;8,983708958999999;47,744960757000001
113008;113009;08;2;22;000;2016;05;09;2;3;5;5;0;0;1;1;0;0;0;0;467709,819399999980000;5484401,979000000300000;8,553945549000000;49,511383475000002
113009;113010;08;3;35;043;2016;05;21;4;3;0;1;1;0;1;0;0;0;0;0;514411,376400000010000;5279421,476499999900000;9,191965350000000;47,668024778000003
113010;113011;08;3;11;000;2016;05;21;3;3;0;1;2;0;1;0;0;0;0;0;416731,769199999980000;5315446,874599999700000;7,884011817000000;47,986900939000002
113011;113012;08;4;26;021;2016;05;19;6;3;5;3;0;1;1;1;0;0;0;0;559656,011799999980000;5326678,514200000100000;9,801132847000000;48,090582046000002
113012;113013;08;2;26;018;2016;05;09;2;3;5;3;0;0;1;1;0;0;0;0;473234,499499999980000;5472128,220300000200000;8,631090844999999;49,401253570000002
113016;113017;08;3;35;063;2016;05;08;4;2;4;6;0;0;1;0;0;0;0;0;497799,815400000020000;5287668,349700000100000;8,970650946999999;47,742384100999999
113018;113019;08;1;18;003;2016;05;18;3;3;5;3;0;1;1;1;0;0;0;0;510073,546900000020000;5416694,235799999900000;9,137458489000000;48,903110529999999
113022;113023;08;1;35;019;2016;05;14;4;2;6;4;0;0;0;1;1;0;0;0;585038,330700000050000;5392147,619599999900000;10,155187754000000;48,676580450000003
113024;113025;08;2;26;012;2016;05;10;7;3;5;3;0;0;1;1;0;0;0;0;475992,044600000020000;5476782,468899999700000;8,668815779999999;49,443232643999998
113026;113027;08;1;27;014;2016;05;07;4;2;3;6;0;1;1;1;0;0;0;0;578295,095300000040000;5442906,023900000400000;10,073336741000000;49,133993668999999
113028;113029;08;1;18;011;2016;05;09;3;3;6;7;0;1;0;0;1;0;0;1;504560,452200000000000;5408927,516099999700000;9,062143104000000;48,833307662999999
113029;113030;08;3;25;072;2016;05;12;4;3;5;3;0;0;1;1;0;0;0;0;470951,579700000000000;5328977,525100000200000;8,609731171000000;48,113396266000002
113032;113033;08;1;19;085;2016;05;14;5;3;5;3;0;0;1;1;0;0;0;0;528824,601600000050000;5413649,266699999600000;9,393106791999999;48,875130476000002
113033;113034;08;3;17;065;2016;05;16;5;3;1;7;0;1;1;0;0;0;0;1;414929,843999999980000;5354583,922500000300000;7,852037483000000;48,338706846000001
113035;113036;08;3;11;000;2016;05;13;3;3;6;4;0;0;0;1;1;0;0;0;414115,509499999990000;5316092,437599999800000;7,848825908000000;47,992362049000000
113037;113038;08;2;15;017;2016;05;12;2;3;0;6;0;0;1;1;0;0;0;0;455730,229100000000000;5421756,791600000100000;8,395384400999999;48,947149289999999
113038;113039;08;1;11;000;2016;05;20;3;3;5;3;0;0;1;1;0;0;0;0;512740,583500000010000;5408878,290799999600000;9,173607952999999;48,832750871999998
113039;113040;08;3;11;000;2016;05;11;3;3;5;2;0;0;1;1;0;0;0;0;413143,799999999990000;5315623,972000000100000;7,835898914000000;47,988016789000000
113040;113041;08;1;11;000;2016;05;14;6;3;0;1;0;1;1;0;0;0;0;0;512456,716100000020000;5401499,950899999600000;9,169516077000001;48,766381887999998
113042;113043;08;1;11;000;2016;05;02;3;2;0;1;2;0;1;0;0;0;0;0;511846,994699999980000;5401465,263199999900000;9,161217775000001;48,766081743999997
113043;113044;08;2;12;000;2016;05;11;3;3;6;4;0;0;0;1;1;0;0;0;458953,403999999980000;5428894,764000000400000;8,438682145000000;49,011579230000002
113047;113048;08;3;16;011;2016;05;17;5;2;5;3;0;1;1;1;0;0;0;0;415793,183100000020000;5328548,729500000400000;7,868857221000000;48,104633999999997
113048;113049;08;1;11;000;2016;05;16;3;1;6;4;0;1;0;0;1;0;0;1;512526,776599999980000;5402895,755699999600000;9,170511999000000;48,778937048000003
113049;113050;08;2;12;000;2016;05;20;6;3;5;3;0;0;1;0;0;0;0;0;457085,983799999990000;5428637,348700000000000;8,413173502999999;49,009136695999999
113051;113052;08;4;25;033;2016;05;05;6;3;5;3;1;1;1;1;0;0;0;0;552526,576000000000000;5348507,666699999900000;9,708098525000001;48,287589122000000
113053;113054;08;4;36;064;2016;05;18;5;3;2;1;0;1;1;1;0;0;0;0;543806,597199999960000;5291912,779000000100000;9,584764058999999;47,779087812000000
113054;113055;08;2;16;052;2016;05;22;7;2;0;1;2;0;1;0;0;0;0;0;441069,858300000020000;5416078,977400000200000;8,195998284000000;48,894855003000004
113055;113056;08;1;19;020;2016;05;13;5;3;5;3;0;0;1;1;0;0;0;0;519096,684300000020000;5406934,238800000400000;9,260127256000001;48,815099613000001
113057;113058;08;1;18;079;2016;05;13;5;3;6;6;0;1;0;1;1;0;0;0;509830,154400000000000;5421941,307599999900000;9,134263773000001;48,950315559000003
113058;113059;08;3;15;015;2016;05;14;5;3;6;7;0;1;0;1;1;0;0;0;395071,416399999990000;5320644,617100000400000;7,592522215000000;48,030465147999998
113059;113060;08;3;17;096;2016;05;16;4;3;6;4;0;1;0;1;1;0;0;0;421417,582999999980000;5369850,489000000100000;7,936709604000000;48,476869907999998
113060;113061;08;1;11;000;2016;05;19;3;3;2;6;0;0;1;1;0;0;0;0;513375,225700000010000;5402003,126199999800000;9,182031826999999;48,770889357000001
113062;113063;08;3;17;096;2016;05;17;4;3;6;6;0;1;1;0;1;0;0;0;422714,134900000000000;5368930,162499999600000;7,954420162000000;48,468752342999998
113063;113064;08;2;12;000;2016;05;13;3;3;5;3;0;1;1;0;0;0;0;1;455947,799100000000000;5425885,244500000000000;8,397908763000000;48,984300974999996
113064;113065;08;4;16;041;2016;05;05;6;2;5;3;1;1;1;1;0;0;0;0;504289,808000000020000;5374045,641499999900000;9,058093238000000;48,519508082000002
113065;113066;08;1;36;088;2016;05;16;2;3;1;1;0;0;1;1;0;0;0;0;579304,583400000000000;5409006,838899999900000;10,080560912999999;48,828973773000001
113066;113067;08;4;35;059;2016;05;07;5;3;0;7;0;1;1;0;0;0;0;0;512693,718799999970000;5290312,030799999800000;9,169402888000001;47,766049557999999
113069;113070;08;1;28;115;2016;05;07;2;2;6;4;0;0;0;1;1;0;0;0;548523,563899999950000;5497234,285500000200000;9,671870051999999;49,625716828999998
113070;113071;08;1;11;000;2016;05;17;3;3;0;1;0;1;1;0;1;0;0;0;512568,964800000020000;5409224,544300000200000;9,171280040999999;48,835869209000002
113071;113072;08;3;17;153;2016;05;18;4;2;5;3;1;1;1;1;0;0;0;0;421628,373100000030000;5391119,620600000000000;7,935552680000000;48,668206497000000
113072;113073;08;3;17;057;2016;05;13;4;3;8;7;0;0;1;0;0;0;0;0;413552,256100000000000;5378687,687599999800000;7,828475314000000;48,555323797000000
113075;113076;08;1;17;014;2016;05;15;6;2;8;6;0;0;1;1;0;0;0;0;551696,102599999980000;5384142,864199999700000;9,701304172000000;48,608225054999998
113076;113077;08;3;17;001;2016;05;10;4;3;5;3;0;0;1;1;0;0;0;0;430713,293699999980000;5386527,999900000200000;8,059694287999999;48,627979105999998
113078;113079;08;3;35;043;2016;05;07;6;3;5;3;0;1;1;1;0;0;0;0;512940,661499999990000;5279106,057199999700000;9,172365587000000;47,665217843000001
113081;113082;08;1;17;026;2016;05;15;4;3;0;2;0;0;1;1;0;0;0;0;548440,496399999950000;5394406,016200000400000;9,658343068000001;48,700808371000001
113083;113084;08;1;11;000;2016;05;06;3;2;1;7;0;0;1;1;0;0;0;0;508030,810200000010000;5396130,995799999700000;9,109182024000001;48,718155594000002
113084;113085;08;2;15;009;2016;05;19;3;2;0;7;0;0;0;0;1;0;1;0;467844,918799999980000;5441023,638700000000000;8,559306772999999;49,121208869000000
113087;113088;08;3;36;050;2016;05;15;5;3;5;3;0;1;1;1;0;0;0;0;401121,153400000010000;5276033,676699999700000;7,683835436000000;47,630152528000004
113088;113089;08;1;16;080;2016;05;16;4;3;5;6;0;0;1;0;0;1;0;0;517577,467999999990000;5398239,052899999500000;9,239061608000000;48,736923523000002
113089;113090;08;3;11;000;2016;05;14;5;3;6;7;0;1;1;0;1;0;0;0;413248,918699999980000;5316899,242700000300000;7,837049712000000;47,999502552999999
113090;113091;08;1;18;073;2016;05;13;7;2;6;4;0;0;0;1;1;0;0;0;497469,741099999980000;5419765,123900000000000;8,965454283000000;48,930812205999999
113091;113092;08;1;16;019;2016;05;14;4;2;6;7;0;0;0;1;1;0;0;0;522635,080499999980000;5398877,845800000200000;9,307881625000000;48,742506808999998
113092;113093;08;1;19;093;2016;05;15;2;3;6;7;0;0;0;1;1;0;0;0;523932,568399999990000;5406310,278199999600000;9,325962309000000;48,809319148999997
113093;113094;08;4;26;097;2016;05;20;2;3;6;4;0;0;1;0;1;0;0;0;537233,089700000010000;5333826,166100000000000;9,500650816000000;48,156591693999999
113094;113095;08;3;11;000;2016;05;08;4;3;5;2;0;0;1;0;0;0;1;0;413505,703700000010000;5315247,155600000200000;7,840824252000000;47,984676235999999
113096;113097;08;4;35;024;2016;05;15;5;3;0;7;0;1;1;0;0;0;0;0;527206,677900000010000;5279166,777900000100000;9,362385377000001;47,665321384000002
113100;113101;08;3;15;132;2016;05;17;4;3;5;3;0;0;1;1;0;0;0;0;409395,183499999980000;5322448,269600000200000;7,784226490000000;48,048882165999999
113101;113102;08;4;21;000;2016;05;10;2;3;4;6;0;0;1;1;0;0;0;0;573765,559099999950000;5361197,592100000000000;9,996600895000000;48,399619565999998
113102;113103;08;1;19;079;2016;05;18;6;3;5;3;0;0;1;1;0;0;0;0;523320,433000000020000;5412792,815000000400000;9,317994060000000;48,867657581000003
113103;113104;08;3;11;000;2016;05;13;4;3;0;1;0;0;1;0;0;0;0;0;410957,781000000020000;5316418,258000000400000;7,806442256000000;47,994860965999997
113104;113105;08;2;26;096;2016;05;16;3;3;5;3;0;1;1;1;0;0;0;0;476759,012700000020000;5487969,582600000300000;8,678737835000000;49,543887218999998
113105;113106;08;3;26;052;2016;05;12;6;2;6;2;0;1;0;1;1;0;0;0;450205,836899999990000;5330394,048700000200000;8,330859887000001;48,124855441000001
113111;113112;08;4;16;041;2016;05;09;2;2;0;1;0;0;1;0;0;0;0;0;503424,906399999980000;5373065,007600000100000;9,046372561000000;48,510691246000000
113113;113114;08;4;16;041;2016;05;18;5;3;0;1;0;1;1;0;0;0;0;0;504612,712600000030000;5373147,243999999900000;9,062456124000001;48,511423473999997
113114;113115;08;1;11;000;2016;05;22;4;3;0;7;2;0;0;1;1;0;0;0;514079,212100000000000;5404538,387799999700000;9,191699602000000;48,793680805000001
113116;113117;08;2;37;028;2016;05;15;4;3;5;3;0;0;1;1;0;0;0;0;456625,696600000020000;5368761,711699999900000;8,413183255000000;48,470490396999999
113118;113119;08;3;37;002;2016;05;11;2;2;0;1;0;0;1;0;0;0;0;0;433137,725600000010000;5270463,335000000000000;8,110788390000000;47,584135338999999