FID;OBJECTID;ULAND;UREGBEZ;UKREIS;UGEMEINDE;UJAHR;UMONAT;USTUNDE;UWOCHENTAG;UKATEGORIE;UART;UTYP1;ULICHTVERH;IstStrasse;IstRad;IstPKW;IstFuss;IstKrad;IstGkfz;IstSonstig;LINREFX;LINREFY;XGCSWGS84;YGCSWGS84
113124;113125;08;4;16;041;2016;05;11;5;2;6;4;0;0;0;1;1;0;0;0;504382,548200000020000;5373853,150999999600000;9,059347117000000;48,517775726000004
113125;113126;08;1;11;000;2016;05;07;4;3;6;7;0;0;1;0;1;0;0;0;513427,972599999980000;5403252,317900000100000;9,182790484000000;48,782125851000004
113126;113127;08;4;16;041;2016;05;18;5;3;0;1;0;1;1;0;0;0;0;0;503679,554999999990000;5374321,103799999700000;9,049831533000001;48,521990115000001
113130;113131;08;2;31;000;2016;05;16;4;2;0;1;0;0;1;0;0;0;0;0;479261,266200000010000;5418380,742499999700000;8,716925491000000;48,918016469000001
113131;113132;08;1;16;016;2016;05;19;2;2;4;3;0;0;1;1;0;0;0;0;533436,222500000030000;5385314,260499999900000;9,453697176000000;48,620004891000001
113132;113133;08;3;36;091;2016;05;14;2;3;5;3;0;0;1;1;0;0;0;0;396438,008199999980000;5272120,690200000100000;7,622441656000000;47,594222457000001
113133;113134;08;1;19;091;2016;05;08;6;2;5;7;0;1;1;0;0;0;0;1;528377,712999999990000;5406424,543499999700000;9,386511887999999;48,810159953000003
113135;113136;08;2;22;000;2016;05;13;3;2;0;7;0;1;1;0;0;0;0;0;464084,393700000020000;5478247,146200000300000;8,504425082999999;49,455819777000002
113138;113139;08;3;35;055;2016;05;17;7;3;9;7;0;0;1;0;0;0;0;0;497122,658000000000000;5284688,345999999900000;8,961637798000000;47,715568517999998
113139;113140;08;1;11;000;2016;05;00;4;3;5;2;2;0;1;1;0;0;0;0;512306,124000000010000;5406527,451999999600000;9,167617337999999;48,811611825000000
113141;113142;08;3;35;063;2016;05;14;2;3;1;5;0;0;1;1;0;0;0;0;497561,851399999990000;5288113,101300000200000;8,967474168000001;47,746384937000002
113143;113144;08;3;35;043;2016;05;17;2;3;0;1;0;0;1;0;0;0;0;0;513005,499799999990000;5278326,981100000400000;9,173206021000000;47,658206665000002
113146;113147;08;1;11;000;2016;05;12;4;3;5;3;0;0;1;1;0;0;0;0;514759,008299999990000;5404412,485200000000000;9,200950983000000;48,792532434999998
113149;113150;08;1;11;000;2016;05;06;2;2;5;3;0;0;1;0;0;0;0;1;516724,012200000000000;5403168,977000000000000;9,227654641000001;48,781296236999999
113150;113151;08;1;15;003;2016;05;18;6;3;5;3;0;0;1;1;0;0;0;0;501727,217999999990000;5393195,655000000300000;9,023469948000001;48,691798372999997
113151;113152;08;2;22;000;2016;05;12;3;3;5;3;0;0;1;1;0;0;0;0;461617,985099999990000;5483662,178100000100000;8,469868748000000;49,504374351999999
113155;113156;08;1;16;019;2016;05;05;5;3;5;2;1;1;1;1;0;0;0;0;520467,173000000010000;5398987,939799999800000;9,278399671000001;48,743572213999997
113156;113157;08;1;17;026;2016;05;21;6;3;1;1;2;0;1;1;0;0;0;0;547229,233699999980000;5394876,003800000100000;9,641935947000000;48,705129036999999
113157;113158;08;2;11;000;2016;05;14;2;3;6;4;0;0;0;1;1;0;0;0;442444,775900000010000;5403827,139399999800000;8,216475745000000;48,784778680000002
113159;113160;08;1;11;000;2016;05;14;3;3;5;3;0;0;1;1;0;0;0;0;511963,639800000000000;5409354,310899999900000;9,163034969000000;48,837048527999997
113164;113165;08;3;37;002;2016;05;11;7;2;6;7;0;0;0;1;1;0;0;0;434975,050400000010000;5271570,418300000000000;8,135056246000000;47,594282362999998
113172;113173;08;2;26;012;2016;05;14;1;2;8;1;0;0;1;0;0;0;0;0;476682,632600000010000;5477072,991200000000000;8,678325027000000;49,445872715000000
113173;113174;08;3;35;043;2016;05;17;7;3;0;7;0;0;1;0;0;0;0;0;512845,146400000030000;5280166,788599999600000;9,171124557000001;47,674763853999998
113176;113177;08;3;15;113;2016;05;10;7;3;6;4;0;0;0;1;1;0;0;0;441495,957500000020000;5306596,893899999600000;8,217074137999999;47,910027710999998
113177;113178;08;1;16;019;2016;05;05;6;3;6;3;0;0;1;0;1;0;0;0;519654,581000000010000;5400100,371000000300000;9,267399810000001;48,753605720000003
113181;113182;08;1;15;010;2016;05;18;6;2;0;1;0;0;1;0;0;0;0;0;486981,285199999980000;5388634,522800000400000;8,823241876000001;48,650632598000001
113183;113184;08;2;26;028;2016;05;09;1;3;5;3;0;0;1;1;0;0;0;0;471720,860999999980000;5483922,677500000200000;8,609386691999999;49,507272692000001
113184;113185;08;3;35;043;2016;05;18;6;3;1;5;0;0;1;1;0;0;0;0;513339,612100000030000;5278803,453900000100000;9,177670220000000;47,662487011000003
113186;113187;08;3;15;074;2016;05;10;7;3;6;4;0;0;0;1;1;0;0;0;397463,161100000030000;5295887,794800000300000;7,630485315000000;47,808172740000003
113190;113191;08;1;36;019;2016;05;17;2;3;0;3;0;0;1;1;0;0;0;0;582600,099200000060000;5423529,149100000000000;10,128391014000000;48,959158443000000
113192;113193;08;4;25;039;2016;05;18;4;3;3;1;0;0;1;0;1;0;0;0;566167,798799999990000;5352623,211699999900000;9,892617254999999;48,323331797999998
113193;113194;08;1;11;000;2016;05;18;6;3;6;7;0;0;0;1;1;0;0;0;514623,383399999990000;5406839,901700000300000;9,199190853999999;48,814372362999997
113194;113195;08;2;21;000;2016;05;16;1;2;5;3;0;0;1;1;0;0;0;0;476934,883299999990000;5469692,911000000300000;8,682233704000000;49,379499762000002
113195;113196;08;3;35;043;2016;05;10;6;3;0;1;0;0;1;0;0;0;0;0;512594,577999999980000;5281080,917399999700000;9,167812843000000;47,682993799000002
113196;113197;08;4;21;000;2016;05;16;4;3;6;4;0;0;0;1;1;0;0;0;572651,915900000020000;5360713,538400000000000;9,981473699000000;48,395394715000002
113197;113198;08;3;15;064;2016;05;14;7;3;5;3;0;0;1;1;0;0;0;0;421787,990999999980000;5313439,144999999600000;7,952130413000000;47,969478305999999
113199;113200;08;1;25;026;2016;05;19;3;3;0;7;0;0;1;1;0;0;0;0;493200,849999999980000;5442549,956199999900000;8,906788877000000;49,135742180999998
113201;113202;08;2;21;000;2016;05;12;1;3;3;5;0;0;1;1;0;0;0;0;476993,671800000010000;5472984,528599999800000;8,682853044000000;49,409109629000000
113202;113203;08;1;19;091;2016;05;21;2;2;0;7;2;1;1;0;0;0;0;0;526774,726799999950000;5406592,629999999900000;9,364690237000000;48,811743149999998
113203;113204;08;3;17;096;2016;05;13;2;3;5;3;0;1;1;1;0;0;0;0;420915,723999999990000;5373251,037800000000000;7,929276352000000;48,507394378000001
113204;113205;08;4;16;036;2016;05;12;4;2;5;3;0;0;1;1;0;0;0;0;495176,525000000020000;5369596,627299999800000;8,934731169000001;48,479479114000000
113207;113208;08;3;17;065;2016;05;13;6;3;1;5;0;0;1;1;0;0;0;0;413130,530499999990000;5356433,280299999800000;7,827380640000000;48,355096517000000
113208;113209;08;1;19;020;2016;05;09;3;2;6;4;0;1;0;0;1;0;0;1;519860,376099999990000;5407547,389100000300000;9,270559519000001;48,820591448000002
113210;113211;08;3;17;001;2016;05;15;6;3;0;7;0;0;1;0;0;0;0;0;432031,115300000000000;5385994,546099999900000;8,077663755000000;48,623325283000000
113211;113212;08;3;37;090;2016;05;17;4;3;0;7;0;0;1;0;0;0;0;1;422352,420500000010000;5272720,211699999900000;7,966975776000000;47,603237520999997
113212;113213;08;4;16;041;2016;05;18;5;3;2;6;0;0;1;1;0;0;0;0;503137,831899999990000;5375438,123100000400000;9,042503488000000;48,532042160000003
113214;113215;08;1;18;046;2016;05;17;3;2;3;6;0;0;1;0;0;0;0;0;513314,312700000010000;5412160,543899999900000;9,181532459000000;48,862265360999999
113215;113216;08;2;15;109;2016;05;10;1;3;2;6;0;0;1;0;0;0;0;0;462098,473999999990000;5439301,260900000100000;8,480715221000001;49,105388490000003
113216;113217;08;1;17;051;2016;05;06;2;3;0;1;0;0;1;0;0;0;0;0;543195,166100000030000;5395340,753100000300000;9,587157007000000;48,709602173000000
113217;113218;08;2;37;004;2016;05;13;7;3;8;1;0;0;1;0;0;0;0;0;452774,074900000010000;5371423,631699999800000;8,360776556999999;48,494159214000000
113218;113219;08;3;35;043;2016;05;16;4;3;3;6;0;0;1;0;0;0;0;0;513348,560100000000000;5279146,828499999800000;9,177799888999999;47,665576399000003
113220;113221;08;4;15;061;2016;05;18;5;3;5;3;0;0;1;1;0;0;0;0;514738,162000000010000;5371906,977000000000000;9,199510331999999;48,500109594000001
113223;113224;08;1;18;048;2016;05;15;3;3;6;4;0;1;0;1;1;0;0;0;513987,568800000010000;5416206,466699999800000;9,190850264000000;48,898646669999998
113224;113225;08;2;25;014;2016;05;19;2;3;6;7;0;0;0;0;1;1;0;0;524214,147200000010000;5485289,223000000200000;9,334549419000000;49,519740247000001
113226;113227;08;4;36;082;2016;05;18;2;2;6;3;0;1;0;1;1;0;0;0;547511,248299999980000;5294970,102500000000000;9,634548360000000;47,806331853000003
113227;113228;08;1;18;079;2016;05;12;1;2;0;7;0;0;1;0;0;0;0;0;509913,998000000020000;5421863,438000000100000;9,135407040000001;48,949613732000003
113230;113231;08;3;11;000;2016;05;19;6;3;5;2;0;0;1;1;0;0;0;0;412034,326999999990000;5314747,017000000000000;7,821211945000000;47,979976669000003
113231;113232;08;3;35;043;2016;05;13;4;3;8;7;0;0;1;0;0;0;0;0;513805,732299999970000;5280233,353099999900000;9,183923634999999;47,675342980000003
113232;113233;08;2;26;096;2016;05;19;7;3;6;4;0;0;0;1;1;0;0;0;475560,372800000010000;5488990,103099999900000;8,662105923000000;49,553019210000002
113233;113234;08;3;36;091;2016;05;22;5;2;0;7;2;0;1;0;0;0;0;0;396564,500999999990000;5272500,189899999600000;7,624034228000000;47,597656334000000
113234;113235;08;4;35;016;2016;05;15;3;3;0;1;0;0;1;0;0;0;0;0;534972,796600000000000;5278657,415799999600000;9,465784011000000;47,660365106999997
113235;113236;08;3;17;096;2016;05;10;2;2;1;7;0;1;1;1;0;0;0;0;422985,352200000020000;5368600,546600000000000;7,958149451000000;48,465820733000001
113236;113237;08;2;22;000;2016;05;16;2;3;6;7;0;0;0;1;1;0;0;0;462734,678399999980000;5479411,865799999800000;8,485692427000000;49,466214590000000
113238;113239;08;3;11;000;2016;05;18;6;2;5;3;0;0;1;1;0;0;0;0;413732,102900000000000;5316783,926500000100000;7,843548901000000;47,998530629000001
113239;113240;08;3;35;075;2016;05;09;4;3;6;7;0;0;0;1;1;0;0;0;489069,312199999990000;5288359,282399999900000;8,854174501999999;47,748511940000000
113240;113241;08;3;27;050;2016;05;14;5;2;5;3;0;0;1;1;0;0;0;0;487218,812400000000000;5314573,989799999600000;8,828711882000000;47,984341014000002
113241;113242;08;2;22;000;2016;05;17;3;3;4;2;0;0;1;0;0;0;0;1;464200,751200000000000;5479672,870600000000000;8,505901629000000;49,468650406000002
113244;113245;08;2;26;096;2016;05;12;7;3;5;2;0;0;1;1;0;0;0;0;475903,957799999970000;5486060,911100000100000;8,667035193000000;49,526686015000003
113247;113248;08;3;11;000;2016;05;08;2;3;6;4;0;1;0;1;1;0;0;0;412055,082300000010000;5316336,672500000300000;7,821164399000000;47,994278952999998
113248;113249;08;1;28;007;2016;05;15;1;2;0;1;0;0;1;1;0;0;0;0;553818,581899999990000;5484887,588700000200000;9,743491494000001;49,514222398000001
113254;113255;08;2;12;000;2016;05;19;3;3;6;7;0;0;1;0;1;0;0;0;455937,871999999970000;5428736,480999999700000;8,397463818000000;49,009947490999998
113256;113257;08;4;36;052;2016;05;17;1;3;5;3;0;0;1;1;0;0;0;0;565441,137200000000000;5293348,085099999800000;9,873745922000000;47,790166063000001
113261;113262;08;4;25;141;2016;05;14;1;2;5;3;0;0;1;1;0;0;0;0;567041,932000000030000;5363612,182000000000000;9,906160393000000;48,422090713999999
113262;113263;08;3;11;000;2016;05;08;2;3;0;7;0;1;1;0;0;0;0;1;414153,078900000020000;5316298,631600000000000;7,849288132000000;47,994221887999998
113263;113264;08;3;36;091;2016;05;15;4;2;0;1;0;0;1;0;0;0;0;0;394961,601000000020000;5271697,956000000200000;7,602910025000000;47,590182403000000
113264;113265;08;3;17;151;2016;05;15;5;3;0;7;0;0;1;0;0;0;0;0;412602,097699999980000;5368132,583499999700000;7,817812315000000;48,460254528000000
113266;113267;08;2;12;000;2016;05;13;6;3;1;6;0;0;1;1;0;0;0;0;454313,056300000000000;5428854,023400000300000;8,375233088000000;49,010886634000002
113268;113269;08;1;18;053;2016;05;15;3;3;6;4;0;0;0;1;1;0;0;0;515244,511600000030000;5427062,318599999900000;9,208406516000000;48,996272343000001
113269;113270;08;1;11;000;2016;05;13;3;1;6;4;0;0;0;1;1;0;0;0;518574,479899999980000;5403605,199400000300000;9,252863494000000;48,785167932000000
113270;113271;08;4;21;000;2016;05;06;1;3;5;3;0;0;1;1;0;0;0;0;572299,828899999960000;5360527,535400000400000;9,976685957999999;48,393762043000002
113271;113272;08;2;26;032;2016;05;08;7;3;5;3;0;0;1;1;0;0;0;0;467646,221900000000000;5463938,805499999800000;8,554735457000000;49,327320241000002
113273;113274;08;3;11;000;2016;05;15;4;3;0;7;0;0;1;0;0;0;0;0;413862,959399999990000;5316289,611399999800000;7,845401930000000;47,994101729000000
113275;113276;08;3;17;096;2016;05;16;5;2;6;4;0;0;0;0;1;1;0;0;422758,645499999980000;5368780,043399999800000;7,955049955000000;48,467407498000000
113276;113277;08;2;21;000;2016;05;14;6;3;5;3;0;0;1;1;0;0;0;0;476840,058499999980000;5472149,747999999700000;8,680784171000001;49,401595082000000
113278;113279;08;3;36;050;2016;05;15;5;3;6;4;0;0;0;1;1;0;0;0;399347,355700000010000;5274483,999099999700000;7,660587412000000;47,615939410999999
113279;113280;08;3;11;000;2016;05;10;1;3;0;7;0;0;1;0;0;0;0;1;413285,582600000020000;5316499,278699999700000;7,837621936000000;47,995909716000000
113280;113281;08;2;26;018;2016;05;18;6;3;5;3;0;0;1;1;0;0;0;0;473007,793899999990000;5472309,010499999900000;8,627953943000000;49,402869729999999
113282;113283;08;2;12;000;2016;05;17;2;3;5;3;0;1;1;1;0;0;0;0;455996,066999999980000;5428945,108400000300000;8,398236954000000;49,011828268000002
113283;113284;08;1;25;065;2016;05;21;1;2;0;1;2;1;1;0;0;0;0;0;516149,761000000000000;5448560,779000000100000;9,221641271999999;49,189636659000001
113284;113285;08;2;15;021;2016;05;17;7;3;5;3;0;0;1;1;0;0;0;0;469976,538000000000000;5443754,497999999700000;8,588316947999999;49,145881240999998
113286;113287;08;2;12;000;2016;05;16;4;2;6;4;0;0;0;0;1;0;0;1;463851,136200000010000;5428112,147599999800000;8,505726208000001;49,004845756000002
113288;113289;08;3;11;000;2016;05;09;5;3;6;6;0;0;0;1;1;0;0;0;414083,784999999970000;5315975,400500000500000;7,848424196000000;47,991304993999996
113289;113290;08;4;21;000;2016;05;19;3;3;5;3;0;0;1;1;0;0;0;0;573963,830300000030000;5361180,655600000200000;9,999276206999999;48,399443988000002
113290;113291;08;1;19;091;2016;05;12;1;3;4;6;0;0;1;1;0;0;0;0;528806,432900000010000;5407125,085099999800000;9,392400200999999;48,816442086999999
113291;113292;08;2;12;000;2016;05;08;2;3;0;7;0;0;0;0;1;0;0;1;455149,780199999980000;5428813,046600000000000;8,386679084000001;49,010579428000000
113292;113293;08;1;19;020;2016;05;17;1;2;5;2;0;0;1;1;0;0;0;0;519343,196000000000000;5406617,442099999600000;9,263470167000000;48,812242142999999
113294;113295;08;1;36;009;2016;05;10;1;2;6;4;0;0;0;1;1;0;0;0;567435,862700000060000;5407845,656700000200000;9,918676917000001;48,819931525999998
113296;113297;08;2;26;084;2016;05;08;4;3;6;7;0;0;0;1;1;0;0;0;469157,550400000010000;5470072,906999999700000;8,575059237000000;49,382573594999997
113298;113299;08;2;12;000;2016;05;05;5;2;0;7;2;1;1;0;0;0;0;0;459813,176099999980000;5425214,998700000300000;8,450803071999999;48,978535561999998
113299;113300;08;3;36;050;2016;05;15;3;3;6;4;0;0;0;1;1;0;0;0;399393,198500000000000;5274329,880400000100000;7,661232676000000;47,614560181999998
113301;113302;08;3;35;021;2016;05;16;1;2;0;7;0;0;1;0;0;0;0;0;492026,967300000020000;5300626,659099999800000;8,893406710000001;47,858930776999998
113303;113304;08;2;26;063;2016;05;10;4;2;1;5;0;0;1;1;0;0;0;0;470054,483499999970000;5471132,048000000400000;8,587336865999999;49,392145091000003
113304;113305;08;2;21;000;2016;05;18;5;3;6;7;0;0;1;0;1;0;0;0;476111,251999999980000;5471846,298100000200000;8,670757376999999;49,398837430000000
113306;113307;08;2;15;017;2016;05;16;6;3;5;3;0;0;1;1;0;0;0;0;456378,220800000010000;5420996,113300000300000;8,404315306000001;48,940352869000002
113307;113308;08;2;22;000;2016;05;16;4;3;4;5;0;0;1;1;0;0;0;0;462980,394700000000000;5480368,926000000000000;8,488993936000000;49,474837917999999
113310;113311;08;2;15;017;2016;05;18;6;3;0;1;0;0;1;0;0;0;0;0;454067,702999999980000;5419636,740799999800000;8,372918736999999;48,927957818000003
113312;113313;08;2;26;065;2016;05;20;5;3;0;3;0;0;1;0;0;0;0;1;478377,858400000030000;5457798,153300000400000;8,702757943000000;49,272559530999999
113313;113314;08;1;15;003;2016;05;17;3;3;0;1;0;1;1;0;0;0;0;0;498600,827500000010000;5391965,601499999900000;8,980991796000000;48,680733500999999
113315;113316;08;1;17;014;2016;05;12;1;3;0;3;0;0;1;1;0;0;0;0;554248,748000000020000;5384923,269000000300000;9,736032227000001;48,615029102999998
113317;113318;08;2;12;000;2016;05;07;2;2;4;2;0;1;1;1;0;0;0;0;459748,867099999970000;5427127,502899999700000;8,449734860000000;48,995734773999999
113321;113322;08;2;12;000;2016;05;12;6;3;5;3;0;0;1;1;0;0;0;0;454883,826999999990000;5429616,784000000000000;8,382953079000000;49,017789716000003
113322;113323;08;1;11;000;2016;05;16;3;2;6;4;0;1;0;0;1;0;0;1;516827,430200000000000;5406640,049599999600000;9,229204612000000;48,812518740999998
113323;113324;08;1;11;000;2016;05;11;3;3;0;1;0;0;1;0;0;0;0;0;508443,531000000020000;5406169,688000000100000;9,114999107999999;48,808457910999998
113324;113325;08;3;35;100;2016;05;19;1;3;0;7;0;0;1;0;0;0;0;0;488051,384399999980000;5287121,472699999800000;8,840628451000001;47,737356618000000
113325;113326;08;1;18;048;2016;05;08;3;3;0;1;0;0;1;0;0;0;0;0;512919,583400000000000;5415050,011599999900000;9,176241879000001;48,888266694000002
113327;113328;08;3;17;152;2016;05;14;1;3;0;7;0;0;1;0;0;0;0;0;409090,837699999970000;5350236,264899999800000;7,774199664000000;48,298788072000001
113330;113331;08;2;15;017;2016;05;10;4;2;5;3;0;0;1;1;0;0;0;0;456381,069699999990000;5420997,773699999800000;8,404354030000000;48,940368005000003
113333;113334;08;1;25;110;2016;05;09;1;2;1;5;0;0;1;1;0;0;0;0;524304,204799999950000;5444048,429999999700000;9,333279630000000;49,148778196999999
113338;113339;08;1;35;020;2016;05;16;6;3;3;1;0;0;1;0;0;0;0;0;585657,035999999960000;5386316,061999999900000;10,162384282000000;48,624045037999998
113339;113340;08;2;12;000;2016;05;17;4;3;0;2;0;0;1;0;0;0;0;0;458376,930799999970000;5428316,223399999600000;8,430858518999999;49,006336548000000
113340;113341;08;1;36;065;2016;05;17;7;3;6;1;0;0;0;1;1;0;0;0;562852,065399999960000;5406682,648400000300000;9,856061377000000;48,809951075999997
113341;113342;08;1;18;001;2016;05;05;7;3;0;7;0;0;0;0;1;0;1;0;525043,414200000000000;5419060,844800000100000;9,341872238000001;48,923975208000002
113342;113343;08;1;27;014;2016;05;17;6;2;8;1;0;0;1;0;0;0;0;0;576978,188300000040000;5442499,815999999600000;10,055209131000000;49,130506685000000
113347;113348;08;4;35;059;2016;05;14;3;3;5;3;0;0;1;1;0;0;0;0;511646,958199999990000;5291506,647599999800000;9,155465525000000;47,776817907000002
113351;113352;08;4;25;071;2016;05;20;4;2;0;1;1;0;1;0;0;0;0;0;546335,284499999950000;5369416,341500000100000;9,626946387000000;48,476168174999998
113353;113354;08;2;26;003;2016;05;18;3;2;4;6;0;0;1;1;0;0;0;0;463962,727499999980000;5461720,763199999900000;8,504244042000000;49,307163025999998
113354;113355;08;1;11;000;2016;05;20;1;3;5;3;0;0;1;1;0;0;0;0;514930,080399999980000;5403637,646999999900000;9,203252043000001;48,785557990999997
113355;113356;08;3;17;056;2016;05;16;1;3;0;7;0;0;1;0;0;0;0;0;434717,179400000020000;5382710,889200000100000;8,114625494000000;48,594074397999997
113357;113358;08;3;17;034;2016;05;17;3;3;6;3;0;0;1;0;1;0;0;0;426524,466399999980000;5362762,328499999800000;8,007042865000001;48,413728546000002
113358;113359;08;1;11;000;2016;05;12;1;3;1;7;0;0;1;1;0;0;0;0;520753,552099999970000;5402506,421500000200000;9,282472444000000;48,775214591999998
113362;113363;08;1;15;003;2016;05;17;4;3;6;2;0;0;0;1;1;0;0;0;500577,823700000010000;5392690,398000000000000;9,007850933000000;48,687255151999999
113363;113364;08;1;16;049;2016;05;17;7;3;6;4;0;0;0;1;1;0;0;0;523421,425099999990000;5385514,381299999500000;9,317820017000001;48,622260333000000
113364;113365;08;2;12;000;2016;05;16;5;3;5;2;0;0;1;1;0;0;0;0;456844,496700000020000;5428555,040099999900000;8,409880228000001;49,008379478999998
113367;113368;08;1;11;000;2016;05;16;1;3;6;7;0;0;0;1;1;0;0;0;512411,059400000030000;5399468,191599999600000;9,168833503000000;48,748105178000003
113368;113369;08;2;15;064;2016;05;15;1;2;0;7;0;0;0;1;1;1;0;0;481846,592599999970000;5447373,992100000400000;8,750914289000001;49,178905178999997
113369;113370;08;2;22;000;2016;05;16;2;3;6;6;0;0;0;1;1;0;0;0;461735,390399999970000;5481454,299599999600000;8,471704064000001;49,484523097000000
113370;113371;08;1;16;033;2016;05;22;7;3;0;1;2;0;1;0;0;0;0;0;530683,308899999950000;5388221,945100000100000;9,416559153000000;48,646303377000002
113372;113373;08;1;16;019;2016;05;16;7;3;5;2;0;0;1;0;0;1;0;0;523859,943399999990000;5397813,331500000300000;9,324480259000000;48,732884845999997
113373;113374;08;2;16;028;2016;05;12;5;3;3;6;0;0;1;1;0;0;0;0;425660,164999999980000;5394153,566900000000000;7,989757895000000;48,695988925999998
113374;113375;08;1;11;000;2016;05;17;1;2;4;6;0;0;1;1;0;0;0;0;515008,276000000010000;5402095,767000000000000;9,204260272999999;48,771685501000000
113375;113376;08;1;25;013;2016;05;19;6;3;0;7;0;0;1;0;0;0;0;0;504415,805799999970000;5436889,299100000400000;9,060475408000000;49,084843841000001
113376;113377;08;1;18;048;2016;05;18;4;2;5;3;0;0;1;1;0;0;0;0;515092,152899999990000;5417496,463100000300000;9,205969101000001;48,910225175000001
113377;113378;08;1;36;088;2016;05;10;5;2;3;2;0;0;1;0;0;1;0;0;580983,117199999980000;5413061,290199999700000;10,104228907000000;48,865223640000004
113378;113379;08;4;36;069;2016;05;14;7;2;8;1;0;1;1;0;0;0;0;0;551090,409199999990000;5292036,899799999800000;9,682001964000000;47,779668012999998
113382;113383;08;4;36;064;2016;05;09;2;2;5;2;0;1;1;1;0;0;0;0;545774,510000000010000;5293223,213999999700000;9,611169951000001;47,790740982999999
113383;113384;08;1;18;046;2016;05;17;3;3;6;4;0;0;0;1;1;0;0;0;514113,970700000010000;5411321,074400000300000;9,192406296000000;48,854695991000000
113384;113385;08;4;36;081;2016;05;00;7;2;8;1;2;0;1;0;0;0;0;0;560519,258099999980000;5282923,543700000300000;9,806587645000001;47,696861014000000
113386;113387;08;1;16;049;2016;05;11;7;3;5;3;0;0;1;1;0;0;0;0;525519,282600000040000;5384386,695299999800000;9,346217265000000;48,612033539000002
113387;113388;08;1;21;000;2016;05;02;6;3;6;7;2;0;0;1;1;0;0;0;515297,507300000000000;5446640,225900000000000;9,209871859000000;49,172382614000000
113388;113389;08;1;16;019;2016;05;18;4;2;6;4;0;0;0;1;1;0;0;0;522023,295600000010000;5397940,580900000400000;9,299510172000000;48,734097196000000
113393;113394;08;4;36;064;2016;05;21;2;3;1;5;2;1;1;1;0;0;0;0;545156,670099999990000;5291958,036999999500000;9,602789560000000;47,779401774999997
113398;113399;08;4;35;057;2016;05;17;7;2;3;6;0;0;1;0;0;0;0;0;550690,561800000020000;5277144,359400000400000;9,674932432000000;47,645711222000003
113399;113400;08;2;35;008;2016;05;12;1;2;0;7;0;0;1;0;0;0;0;0;480483,057399999990000;5402006,955000000100000;8,734382308000001;48,770761475000000
113402;113403;08;1;16;080;2016;05;13;4;3;5;3;0;0;1;1;0;0;0;0;518920,569699999990000;5397624,574099999900000;9,257300011000000;48,731356364000000
113403;113404;08;4;37;078;2016;05;08;6;3;6;7;0;0;0;1;1;0;0;0;508455,046299999990000;5315685,830799999600000;9,113333033000000;47,994416276000003
113405;113406;08;4;21;000;2016;05;07;3;2;5;3;0;1;1;1;0;0;0;0;570774,098200000010000;5361992,673999999600000;9,956325170000000;48,407114511000003
113406;113407;08;2;26;018;2016;05;13;2;3;4;6;0;1;1;1;0;0;0;0;473139,800999999980000;5472152,638000000300000;8,629783992000000;49,401469030999998
113407;113408;08;2;12;000;2016;05;17;2;3;5;3;0;1;1;1;0;0;0;0;455226,518500000010000;5427352,406299999900000;8,387889461000000;48,997446400999998
113408;113409;08;4;25;135;2016;05;19;7;3;5;3;0;0;1;0;0;0;0;0;569868,136500000020000;5374937,313400000300000;9,946247480000000;48,523655601999998
113409;113410;08;1;19;067;2016;05;17;6;3;6;4;0;0;0;1;1;0;0;0;539029,267899999980000;5405813,398000000000000;9,531525115000001;48,804084660999997
113411;113412;08;1;18;081;2016;05;16;6;3;0;1;0;0;1;0;0;0;0;0;520033,322099999990000;5413219,286399999600000;9,273192952000001;48,871608895999998
113412;113413;08;1;11;000;2016;05;23;4;3;5;3;2;0;1;1;0;0;0;0;513258,982200000030000;5403399,303999999500000;9,180494828000001;48,783451749999998
113413;113414;08;4;36;064;2016;05;21;6;2;0;1;2;0;1;1;0;0;0;0;546099,944400000040000;5292417,001899999600000;9,615429177999999;47,783464273000000
113415;113416;08;3;11;000;2016;05;12;3;2;6;4;0;0;0;1;1;0;0;0;414031,246800000020000;5317634,803999999500000;7,847387672000000;48,006224875999997
113416;113417;08;4;21;000;2016;05;12;7;3;6;4;0;0;1;0;1;0;0;0;573402,056400000000000;5361439,675699999600000;9,991732934000000;48,401839588999998
113417;113418;08;2;11;000;2016;05;15;2;2;5;2;0;1;1;1;0;0;0;0;442894,014800000000000;5403021,123999999800000;8,222702806999999;48,777569876000001
113423;113424;08;2;11;000;2016;05;20;4;3;0;1;0;0;1;0;0;0;0;0;446593,100600000010000;5402924,044900000100000;8,273061083000000;48,777025180000003
113426;113427;08;2;12;000;2016;05;05;3;3;5;3;0;0;1;1;0;0;0;0;455033,757199999990000;5433539,069400000400000;8,384568430000000;49,053081784000000
113428;113429;08;2;15;099;2016;05;13;6;3;5;3;0;0;1;1;0;0;0;0;463864,411900000010000;5446708,850599999500000;8,504245042000001;49,172126515999999
113431;113432;08;1;11;000;2016;05;11;3;3;6;4;0;0;0;1;1;0;0;0;512850,664700000020000;5403394,303399999600000;9,174936263999999;48,783415335999997
113432;113433;08;2;22;000;2016;05;12;3;3;0;7;0;0;1;0;0;0;0;0;468801,751800000030000;5478975,554700000200000;8,569457210000000;49,462632128999999