FID;OBJECTID;ULAND;UREGBEZ;UKREIS;UGEMEINDE;UJAHR;UMONAT;USTUNDE;UWOCHENTAG;UKATEGORIE;UART;UTYP1;ULICHTVERH;IstStrasse;IstRad;IstPKW;IstFuss;IstKrad;IstGkfz;IstSonstig;LINREFX;LINREFY;XGCSWGS84;YGCSWGS84
113433;113434;08;3;37;051;2016;05;10;6;3;6;7;0;0;0;1;1;0;0;0;437782,869699999980000;5286845,320000000300000;8,170225909999999;47,731982748000000
113434;113435;08;2;26;076;2016;05;09;3;3;5;3;0;0;1;1;0;0;0;0;475305,667699999990000;5465091,048100000200000;8,660073943000000;49,338042612000002
113436;113437;08;3;16;009;2016;05;16;4;3;5;3;0;0;1;1;0;0;0;0;418370,574399999980000;5324396,334300000200000;7,904266169000000;48,067617067000000
113437;113438;08;1;18;049;2016;05;18;6;3;0;1;0;0;1;0;0;0;0;0;517110,491099999980000;5419460,823699999600000;9,233596392000001;48,927843430999999
113438;113439;08;4;15;080;2016;05;15;5;2;0;1;0;0;1;0;0;0;0;0;511755,907799999990000;5373235,215699999600000;9,159177188999999;48,512121794000002
113439;113440;08;1;25;065;2016;05;17;4;3;1;1;0;0;0;1;1;0;0;0;518930,968300000010000;5451093,926699999700000;9,259929907000000;49,212343296000000
113440;113441;08;4;26;097;2016;05;12;2;2;5;3;0;0;1;1;0;0;0;0;535744,691899999980000;5333085,509600000500000;9,480575752000000;48,150013708000003
113442;113443;08;3;25;053;2016;05;13;6;2;1;5;0;0;1;1;0;0;0;0;456768,757999999970000;5340827,029299999600000;8,417986969999999;48,219194878000003
113443;113444;08;2;12;000;2016;05;19;2;3;0;6;0;0;1;1;0;0;0;0;456733,082100000000000;5428848,785500000200000;8,408325490999999;49,011013953000003
113445;113446;08;2;15;108;2016;05;20;7;2;0;1;0;1;1;0;0;0;0;0;446189,054699999980000;5424395,249099999700000;8,264737016000000;48,970125477000003
113452;113453;08;3;11;000;2016;05;14;5;3;5;3;0;1;1;0;0;0;0;0;412362,283899999980000;5314153,971099999700000;7,825726777000000;47,974687037999999
113453;113454;08;1;25;102;2016;05;12;3;3;1;1;0;1;1;1;0;0;0;0;521750,085000000020000;5444571,252500000400000;9,298284158000000;49,153576897000001
113455;113456;08;2;15;017;2016;05;12;1;3;0;1;0;0;1;0;0;0;0;0;459738,425999999980000;5418389,362999999900000;8,450456255000001;48,917132166000002
113456;113457;08;3;35;043;2016;05;13;7;2;0;1;0;0;1;0;0;0;0;0;513795,451799999980000;5280941,635300000200000;9,183809058000000;47,681716072999997
113457;113458;08;1;19;079;2016;05;16;3;3;5;3;0;0;1;0;0;0;0;1;521853,041900000010000;5407716,747800000000000;9,297714425000001;48,822048055000003
113458;113459;08;3;11;000;2016;05;21;6;3;6;2;1;0;0;1;1;0;0;0;412457,876899999970000;5318494,400600000300000;7,826122023000000;48,013743620000000
113459;113460;08;4;35;052;2016;05;02;1;2;2;1;2;1;1;1;0;0;0;0;521790,902999999990000;5290377,922899999700000;9,290810571000000;47,766399028000002
113460;113461;08;1;19;090;2016;05;15;7;3;1;7;0;1;1;0;0;0;0;1;532267,076099999950000;5406038,769500000400000;9,439454176000000;48,806499875000000
113461;113462;08;1;17;038;2016;05;17;4;3;5;3;0;0;1;1;0;0;0;0;547228,523000000040000;5397466,678000000300000;9,642222874000000;48,728433488000000
113463;113464;08;4;25;108;2016;05;18;7;3;8;1;0;0;1;0;0;0;0;0;553125,408500000020000;5359976,400999999600000;9,717617238000001;48,390711283000002
113465;113466;08;2;22;000;2016;05;18;5;3;6;4;0;0;0;1;1;0;0;0;468498,699100000030000;5478591,099100000200000;8,565305731000001;49,459158449000000
113466;113467;08;1;28;115;2016;05;11;1;2;0;1;0;1;1;0;0;0;0;0;547986,232599999990000;5496383,818000000000000;9,664326542000000;49,618110629000000
113467;113468;08;3;15;015;2016;05;14;7;3;5;3;0;0;1;1;0;0;0;0;395936,551299999990000;5319464,807099999900000;7,604409816000000;48,019994939999997
113469;113470;08;2;21;000;2016;05;15;6;3;4;2;0;0;1;1;0;0;0;0;477233,033500000020000;5472812,376500000200000;8,686162512999999;49,407570151000002
113471;113472;08;1;16;019;2016;05;18;7;3;0;1;0;1;1;0;0;0;0;0;523181,305300000010000;5398100,405600000200000;9,315267501999999;48,735492952999998
113473;113474;08;3;35;079;2016;05;17;7;3;6;7;0;0;0;1;1;0;0;0;500553,782000000010000;5299678,249099999700000;9,007402430000001;47,850446779000002
113474;113475;08;2;16;017;2016;05;12;7;2;5;3;0;0;1;1;0;0;0;0;451865,642400000010000;5402744,771099999500000;8,344843204000000;48,775842828999998
113475;113476;08;2;12;000;2016;05;18;3;3;6;4;0;0;0;0;1;0;0;1;459370,633500000000000;5431364,495900000400000;8,444140164000000;49,033822469999997
113477;113478;08;3;11;000;2016;05;11;4;3;3;2;0;0;1;1;0;0;0;0;415764,459600000000000;5315628,075500000300000;7,871014656000000;47,988404252000002
113478;113479;08;2;25;060;2016;05;20;6;2;0;1;1;0;1;0;0;0;0;0;513896,426500000000000;5489952,133100000200000;9,192162465999999;49,562006179000001
113479;113480;08;1;15;003;2016;05;19;5;2;0;1;0;0;1;0;0;0;0;0;500191,842000000000000;5392544,134899999900000;9,002606503000001;48,685939591000000
113480;113481;08;3;11;000;2016;05;07;4;2;4;6;0;0;1;1;0;0;0;0;412396,979899999980000;5316519,833200000200000;7,825708892000000;47,995973474000003
113481;113482;08;1;11;000;2016;05;22;5;3;0;7;2;0;1;0;0;0;0;0;516373,800099999990000;5404765,839399999900000;9,222951068000000;48,795670737000002
113483;113484;08;1;16;016;2016;05;19;4;2;0;1;0;0;1;0;0;0;0;0;534506,427700000000000;5384439,079699999700000;9,468145527000001;48,612073717000001
113485;113486;08;2;21;000;2016;05;12;3;3;5;3;0;0;1;1;0;0;0;0;478664,492099999970000;5473427,171000000100000;8,705861525000000;49,413152009999997
113486;113487;08;2;31;000;2016;05;18;2;3;6;4;0;0;0;1;1;0;0;0;480197,491500000000000;5414719,738500000000000;8,729881932000000;48,885113938000003
113487;113488;08;2;12;000;2016;05;15;4;3;6;7;0;0;0;0;1;0;1;0;453131,000500000020000;5427867,666500000300000;8,359183436000000;49,001925659000001
113488;113489;08;1;18;048;2016;05;16;6;3;5;2;0;0;1;1;0;0;0;0;512582,396699999980000;5417538,416699999900000;9,171718849000000;48,910658660999999
113489;113490;08;1;16;071;2016;05;17;5;3;6;4;0;0;1;0;1;0;0;0;527031,587199999950000;5390321,740299999700000;9,367121339000001;48,665361689999997
113490;113491;08;4;15;050;2016;05;11;5;2;5;3;0;0;1;1;0;0;0;0;522707,419999999980000;5375570,740000000200000;9,307588215000001;48,532832180000000
113492;113493;08;4;15;050;2016;05;18;2;2;5;3;0;0;1;1;0;0;0;0;521337,960100000030000;5376323,036500000400000;9,289076685000000;48,539648077999999
113494;113495;08;1;15;021;2016;05;18;4;3;5;3;0;0;1;1;0;0;0;0;490310,357200000030000;5382582,336100000000000;8,868582744999999;48,596246506999996
113500;113501;08;1;11;000;2016;05;14;6;3;0;1;0;1;1;0;0;0;0;0;513085,082799999970000;5403644,928100000100000;9,178135363000001;48,785665045999998
113507;113508;08;1;19;008;2016;05;17;3;3;4;6;0;0;1;1;0;0;0;0;534260,081499999970000;5421119,358199999700000;9,467859856000001;48,942050854000001
113508;113509;08;2;36;040;2016;05;18;6;3;5;3;0;0;1;0;0;0;0;0;488982,901300000030000;5422264,724399999700000;8,849515822000001;48,953204898999999
113512;113513;08;3;17;096;2016;05;10;6;3;0;5;0;0;1;1;0;0;0;0;421967,446400000020000;5369509,595700000400000;7,944212058000000;48,473872090999997
113519;113520;08;1;21;000;2016;05;02;1;2;0;7;2;0;1;0;0;0;0;0;517791,236600000000000;5443200,498399999900000;9,243931912000001;49,141374028999998
113521;113522;08;1;15;003;2016;05;17;3;3;5;3;0;0;1;1;0;0;0;0;500289,645100000020000;5391536,621100000100000;9,003934620000001;48,676875842000001
113526;113527;08;1;11;000;2016;05;17;4;2;5;3;0;0;1;1;0;0;0;0;510897,000999999990000;5410793,078999999900000;9,148537631000000;48,850011082999998
113528;113529;08;3;37;002;2016;05;18;7;3;6;4;0;0;0;0;1;1;0;0;434075,434000000010000;5270859,924999999800000;8,123198014000000;47,587799363999999
113529;113530;08;2;22;000;2016;05;14;7;2;5;3;0;0;1;1;0;0;0;0;461622,283999999990000;5483698,025000000400000;8,469924638000000;49,504697047000001
113530;113531;08;3;11;000;2016;05;18;3;3;5;3;0;0;1;1;0;0;0;0;413396,915600000010000;5316589,245900000400000;7,839095844000000;47,996734091999997
113531;113532;08;2;15;017;2016;05;21;4;3;6;7;1;0;0;0;1;0;1;0;454058,766000000000000;5421897,055999999900000;8,372541934999999;48,948289082000002
113532;113533;08;4;35;059;2016;05;18;4;2;5;3;0;0;1;1;0;0;0;0;512809,506100000000000;5289922,757100000000000;9,170936634000000;47,762544769999998
113533;113534;08;4;15;061;2016;05;14;6;3;0;1;0;0;1;0;0;0;0;0;513953,761000000000000;5370388,140999999800000;9,188841218000000;48,486463508000000
113537;113538;08;2;25;058;2016;05;18;2;3;6;1;0;0;0;0;1;0;0;1;507771,111800000010000;5465375,986200000200000;9,106978498000000;49,341055988999997
113538;113539;08;4;15;050;2016;05;18;6;3;0;1;0;0;1;0;0;0;0;0;520867,379699999990000;5376302,604199999900000;9,282700540000000;48,539480095000002
113539;113540;08;2;35;046;2016;05;17;3;3;5;3;0;0;1;1;0;0;0;0;478891,693000000030000;5377517,718000000300000;8,713973952000000;48,550403463999999
113543;113544;08;4;36;082;2016;05;12;3;3;5;3;0;1;1;1;0;0;0;0;547891,969999999970000;5295977,526999999800000;9,639744167000000;47,815367354999999
113544;113545;08;4;25;033;2016;05;17;2;2;5;3;0;0;1;1;0;0;0;0;553285,213899999970000;5348284,000500000100000;9,718296499999999;48,285513594000001
113545;113546;08;1;36;065;2016;05;07;3;3;6;7;0;0;1;0;1;0;0;0;558533,886900000040000;5405265,976300000200000;9,797050868000000;48,797629790000002
113548;113549;08;1;17;019;2016;05;17;2;3;1;1;0;0;1;1;0;0;0;0;551119,178300000030000;5393600,829900000200000;9,694646001000001;48,693351608999997
113549;113550;08;4;35;016;2016;05;07;5;3;1;7;0;0;1;0;0;0;0;1;532600,328300000050000;5279031,450500000300000;9,434215247999999;47,663854391000001
113550;113551;08;4;21;000;2016;05;13;3;3;6;2;0;1;0;1;1;0;0;0;573770,899600000000000;5361190,306499999900000;9,996671756000000;48,399553406000003
113553;113554;08;1;36;044;2016;05;17;1;3;5;3;0;1;1;1;0;0;0;0;558478,003900000010000;5408477,396300000100000;9,796747601000000;48,826521903000000
113554;113555;08;3;26;012;2016;05;15;5;3;2;6;0;0;1;1;0;0;0;0;462702,070599999980000;5310941,137099999900000;8,500472744000000;47,950696798999999
113556;113557;08;3;35;043;2016;05;17;2;3;6;7;0;0;0;0;1;0;0;1;513059,585000000020000;5278316,361999999700000;9,173926002000000;47,658110028000003
113559;113560;08;1;19;090;2016;05;12;3;3;6;3;0;0;0;1;1;0;0;0;532132,925700000020000;5405887,115100000100000;9,437615330000000;48,805142595000000
113562;113563;08;1;11;000;2016;05;09;2;3;6;2;0;1;0;1;1;0;0;0;512299,718999999980000;5402799,968299999800000;9,167418484000001;48,778079882000000
113563;113564;08;1;28;058;2016;05;11;7;3;3;5;0;0;1;1;0;0;0;0;559075,629700000050000;5482559,949099999900000;9,815760869000000;49,492798342999997
113564;113565;08;3;11;000;2016;05;12;3;3;5;3;0;0;1;1;0;0;0;0;411230,180500000020000;5316893,956799999800000;7,809994385000000;47,999177871999997
113565;113566;08;1;25;005;2016;05;18;5;3;5;3;0;0;1;0;0;0;0;0;515383,497299999990000;5453299,436300000200000;9,211306644000000;49,232281649000001
113566;113567;08;4;26;097;2016;05;15;7;3;5;3;0;0;1;1;0;0;0;0;535005,748700000000000;5330796,679600000400000;9,470453070000000;48,129462983000003
113569;113570;08;3;17;065;2016;05;19;7;3;0;1;0;0;1;0;0;0;0;0;415032,917399999980000;5355050,922299999700000;7,853333879000000;48,342921308999998
113573;113574;08;1;16;019;2016;05;15;7;3;5;3;0;1;1;1;0;0;0;0;519790,970500000000000;5398847,790500000100000;9,269195168000000;48,742333295999998
113574;113575;08;2;31;000;2016;05;12;3;3;6;5;0;1;0;1;1;0;0;0;477119,717899999990000;5415446,197700000400000;8,687859192000000;48,891542936000000
113575;113576;08;3;36;050;2016;05;10;7;3;4;6;0;0;1;0;0;0;0;0;398705,653200000000000;5274338,854799999900000;7,652084088000000;47,614533784999999
113577;113578;08;2;12;000;2016;05;16;3;3;2;6;0;0;1;0;0;0;0;1;455645,967999999990000;5428753,292999999600000;8,393470517000001;49,010077803999998
113578;113579;08;2;22;000;2016;05;15;4;3;6;7;0;0;0;1;1;0;0;0;462808,438399999980000;5486053,072599999600000;8,486085267000000;49,525953301999998
113579;113580;08;2;12;000;2016;05;13;6;3;5;2;0;0;1;1;0;0;0;0;458398,294300000010000;5431208,367399999900000;8,430854066000000;49,032353235000002
113585;113586;08;2;31;000;2016;05;18;3;3;1;3;0;0;1;1;0;0;0;0;475896,272899999980000;5413734,900799999900000;8,671269719000000;48,876102322999998
113589;113590;08;1;18;048;2016;05;10;6;3;5;3;0;0;1;1;0;0;0;0;513190,260599999980000;5415907,220300000200000;9,179961965000000;48,895972219000001
113590;113591;08;4;15;078;2016;05;12;5;3;0;1;0;0;1;0;0;0;0;0;534289,831800000040000;5370122,441800000100000;9,464028090999999;48,483292720000001
113592;113593;08;4;15;014;2016;05;19;2;3;6;4;0;0;0;1;1;0;0;0;525455,718699999970000;5375194,550900000100000;9,344792241000000;48,529342432999997
113593;113594;08;1;27;014;2016;05;18;3;2;0;7;0;0;1;0;0;0;0;0;576695,751099999990000;5444274,302299999600000;10,051675845000000;49,146501522999998
113594;113595;08;3;17;096;2016;05;23;6;3;0;7;2;0;1;0;0;0;0;0;421849,660399999990000;5368920,860799999900000;7,942728717000000;48,468561843000003
113595;113596;08;1;36;042;2016;05;16;2;3;6;4;0;0;0;1;1;0;0;0;550454,287000000010000;5405055,901800000100000;9,687014776000000;48,796448341999998
113596;113597;08;2;22;000;2016;05;08;3;3;5;5;0;0;1;1;0;0;0;0;464074,890599999980000;5477060,848500000300000;8,504401544000000;49,445148971999998
113600;113601;08;1;25;069;2016;05;07;2;3;6;6;1;0;0;1;1;0;0;0;524301,973000000000000;5453888,714599999600000;9,333844141000000;49,237293235000003
113601;113602;08;1;11;000;2016;05;16;6;3;6;7;0;0;0;0;1;0;0;1;511463,658799999980000;5400978,833200000200000;9,155987683999999;48,761713022000002
113602;113603;08;2;22;000;2016;05;12;3;2;0;7;0;1;1;0;0;0;0;0;467723,733599999980000;5482825,634899999900000;8,554266574000000;49,497205702000002
113603;113604;08;2;12;000;2016;05;17;5;2;4;6;0;0;1;0;0;0;0;0;457522,257099999990000;5428707,144899999700000;8,419131684000000;49,009794708000001
113604;113605;08;2;21;000;2016;05;08;3;3;5;3;0;1;1;1;0;0;0;0;474318,232900000000000;5471785,143299999600000;8,646049826000001;49,398214346000003
113607;113608;08;3;35;063;2016;05;16;7;3;0;1;0;0;1;0;0;0;0;0;497124,756799999970000;5287835,257000000200000;8,961644997000001;47,743883208000000
113608;113609;08;1;19;020;2016;05;16;3;3;3;2;0;0;1;1;0;0;0;0;519919,260000000010000;5406777,252000000300000;9,271324298000000;48,813661562000000
113613;113614;08;1;21;000;2016;05;17;5;3;0;7;0;0;1;0;0;0;0;0;515766,350400000000000;5442937,566800000100000;9,216159057000001;49,139064185000002
113614;113615;08;1;16;042;2016;05;17;2;3;5;3;0;0;1;1;0;0;0;0;517038,983899999990000;5382042,789099999700000;9,231071015000000;48,591235761000000
113616;113617;08;4;16;022;2016;05;14;5;2;0;7;0;0;1;0;0;0;0;0;510309,222499999970000;5376022,103500000200000;9,139657779000000;48,537218991000003
113618;113619;08;2;16;024;2016;05;12;5;3;1;5;0;0;1;1;0;0;0;0;447285,349200000000000;5408510,042299999900000;8,281765589000001;48,827331495000003
113619;113620;08;1;28;139;2016;05;14;1;2;5;3;0;0;1;1;0;0;0;0;550581,008400000050000;5491109,827200000200000;9,699567326000000;49,570464573999999
113621;113622;08;1;16;049;2016;05;17;3;2;1;5;0;0;1;1;0;0;0;0;524786,565799999980000;5386164,189399999600000;9,336382991000001;48,628053432000002
113626;113627;08;2;16;043;2016;05;19;7;3;0;7;0;0;1;0;0;0;0;0;435200,207600000020000;5410834,347900000400000;8,116757182000001;48,847094798999997
113627;113628;08;2;15;108;2016;05;18;3;3;0;1;0;0;1;0;0;0;0;0;448655,737399999980000;5423571,199400000300000;8,298542593000001;48,962923033999999
113628;113629;08;3;36;050;2016;05;11;2;2;6;4;0;0;0;1;1;0;0;0;399257,796399999990000;5274479,002299999800000;7,659397107000000;47,615880543000003
113629;113630;08;2;21;000;2016;05;12;4;3;1;5;0;0;1;1;0;0;0;0;474074,364100000010000;5474806,791100000000000;8,642491526000001;49,425383115999999
113630;113631;08;4;15;034;2016;05;15;7;2;0;1;0;0;1;0;0;0;0;0;537114,576000000000000;5348810,154000000100000;9,500369471000001;48,291401954999998
113631;113632;08;2;26;062;2016;05;19;7;3;6;4;0;1;0;1;1;0;0;0;469778,091599999990000;5468691,713600000400000;8,583713623000000;49,370181158999998
113634;113635;08;4;16;041;2016;05;16;6;3;0;7;0;0;1;0;0;0;0;0;503827,067500000000000;5374507,911600000200000;9,051830981000000;48,523669822999999
113636;113637;08;1;11;000;2016;05;16;3;2;5;2;0;0;1;1;0;0;0;0;512398,280900000010000;5401394,121799999800000;9,168717681000000;48,765431022000001
113638;113639;08;2;12;000;2016;05;15;4;3;5;3;0;0;1;1;0;0;0;0;455403,250300000010000;5427210,440499999600000;8,390321051999999;48,996182195000003
113640;113641;08;3;37;002;2016;05;14;5;3;0;1;0;0;1;0;0;0;0;0;434593,866600000010000;5273373,974600000300000;8,129717356000000;47,610470210000003
113642;113643;08;4;15;050;2016;05;09;2;3;0;1;0;0;0;1;1;0;0;0;522837,442400000000000;5374468,921000000100000;9,309289068000000;48,522915249000000
113647;113648;08;3;27;049;2016;05;14;6;3;5;3;0;0;1;0;0;1;0;0;472407,804899999990000;5324900,679100000300000;8,629558847000000;48,076782268999999
113649;113650;08;1;18;081;2016;05;14;2;3;6;4;0;0;0;1;1;0;0;0;516425,102399999970000;5412953,151999999800000;9,223977673000000;48,869320895999998
113656;113657;08;3;17;096;2016;05;11;7;3;8;7;0;0;1;0;0;0;0;0;421890,166399999990000;5369330,661200000000000;7,943200065000000;48,472252994999998
113658;113659;08;3;11;000;2016;05;11;1;3;6;4;0;0;1;0;1;0;0;0;416127,465700000000000;5315334,850200000200000;7,875936235000000;47,985814261999998
113662;113663;08;1;15;021;2016;05;16;2;3;6;2;0;0;0;1;1;0;0;0;490166,361800000010000;5382397,533699999600000;8,866634166000001;48,594581736999999
113663;113664;08;4;25;139;2016;05;14;7;2;0;1;0;0;1;0;0;0;0;0;549085,058500000040000;5366851,254400000000000;9,663849076000000;48,452884361000002
113666;113667;08;1;16;077;2016;05;14;1;2;0;1;0;0;1;0;0;0;0;0;516288,721699999990000;5388833,997299999900000;9,221163306999999;48,652350405999996
113668;113669;08;2;12;000;2016;05;17;4;3;7;1;0;0;1;0;0;0;0;0;455983,188900000010000;5429415,385900000100000;8,398009847999999;49,016057541999999
113669;113670;08;3;35;075;2016;05;11;4;2;3;2;0;0;1;0;0;0;0;1;488833,830599999990000;5287741,089399999900000;8,851048839000001;47,742945677999998
113670;113671;08;3;17;096;2016;05;17;1;3;5;2;0;0;1;0;0;0;0;0;421170,347300000020000;5367820,192900000100000;7,933747565000000;48,458576665000002
113672;113673;08;3;26;060;2016;06;11;6;3;1;6;0;1;1;1;0;0;0;0;442921,913000000000000;5331097,377399999600000;8,232891912000000;48,130571177000000
113675;113676;08;2;26;105;2016;06;15;4;3;5;3;0;1;1;1;0;0;0;0;471875,925999999980000;5477196,418800000100000;8,612006761000000;49,446779472000003
113678;113679;08;1;28;007;2016;06;13;2;2;6;4;0;0;0;1;1;0;0;0;557323,683800000000000;5482688,847799999600000;9,791589843000001;49,494125711000002
113680;113681;08;1;16;014;2016;06;13;2;3;5;2;0;0;1;1;0;0;0;0;528953,561600000020000;5395840,121600000200000;9,393610171000001;48,714918300000001
113681;113682;08;3;27;050;2016;05;13;3;3;4;6;0;0;1;0;0;0;0;0;485259,228100000010000;5314225,008100000200000;8,802462485000000;47,981159007000002
113685;113686;08;1;16;049;2016;06;18;7;3;5;3;0;0;1;1;0;0;0;0;524474,016999999990000;5386140,864000000100000;9,332140033000000;48,627855904999997
113686;113687;08;1;18;019;2016;06;07;2;2;0;1;0;0;1;0;0;0;0;0;505535,262999999980000;5406128,903199999600000;9,075388608000001;48,808123723999998
113692;113693;08;3;11;000;2016;06;03;7;2;1;1;2;1;1;0;0;0;0;1;415051,066799999970000;5315469,003499999600000;7,861486673000000;47,986878967999999
113693;113694;08;4;36;001;2016;06;08;6;3;6;4;0;0;0;1;1;0;0;0;553669,375000000000000;5273626,000000000000000;9,714160124999999;47,613816125000000
113694;113695;08;2;21;000;2016;06;13;6;3;5;3;0;0;1;1;0;0;0;0;477266,536599999990000;5474573,679600000400000;8,686523457000000;49,423414028000003
113695;113696;08;2;26;098;2016;06;12;5;3;1;5;0;0;1;1;0;0;0;0;478060,101700000000000;5460351,274600000100000;8,698249665000001;49,295513657000001
113697;113698;08;3;16;056;2016;06;14;1;3;5;3;0;1;1;1;0;0;0;0;421526,201899999990000;5326460,273400000300000;7,946238342000000;48,086579419000003
113698;113699;08;2;16;015;2016;06;09;4;3;6;3;0;0;1;0;1;0;0;0;449983,335599999990000;5406153,244199999600000;8,318810042000001;48,806354618000000
113699;113700;08;3;11;000;2016;06;08;6;3;0;7;0;0;1;1;0;0;0;0;413941,770399999980000;5317117,798600000300000;7,846292007000000;48,001562188000001
113700;113701;08;4;16;041;2016;06;21;1;2;0;7;1;0;1;0;0;0;0;0;505608,863499999980000;5375097,812199999600000;9,075970230999999;48,528963382999997
113701;113702;08;2;16;012;2016;06;16;4;3;0;7;0;0;1;0;0;0;0;0;441747,994499999970000;5420318,529600000000000;8,204644198000000;48,933053413000003
113702;113703;08;1;19;085;2016;06;18;5;3;5;3;0;0;1;1;0;0;0;0;529262,335399999980000;5414147,669900000100000;9,399112074000000;48,879593401000001
113703;113704;08;2;16;043;2016;06;07;4;3;3;2;0;0;1;1;0;0;0;0;443300,435999999990000;5412703,730000000400000;8,226895844000000;48,864702850000000
113704;113705;08;1;18;048;2016;06;15;1;3;0;7;0;1;1;0;0;0;0;0;516503,579000000030000;5415563,717000000200000;9,225153180000000;48,892802760000002
113708;113709;08;2;22;000;2016;06;01;7;3;1;5;2;1;1;0;0;0;0;0;462316,970199999980000;5480561,125699999700000;8,479818334000001;49,476525840999997
113714;113715;08;3;36;105;2016;06;07;5;3;5;3;0;1;1;1;0;0;0;0;401991,737900000010000;5266832,379400000000000;7,697476114000000;47,547514577000001
113715;113716;08;1;17;024;2016;06;20;2;3;0;7;0;0;1;0;0;0;0;0;559542,043100000010000;5384416,031100000300000;9,807770309000000;48,609984984999997
113716;113717;08;1;15;045;2016;06;13;6;3;5;2;0;0;1;1;0;0;0;0;500644,920099999990000;5393560,079900000200000;9,008763933999999;48,695078832000000
113718;113719;08;2;12;000;2016;06;18;2;2;5;1;0;0;1;1;0;0;0;0;464100,229300000010000;5422250,833100000400000;8,509649466999999;48,952135896000001
113719;113720;08;2;22;000;2016;06;07;2;3;5;3;0;0;1;1;0;0;0;0;461536,697600000010000;5488349,360100000200000;8,468289050999999;49,546527623999999
113721;113722;08;3;25;069;2016;06;09;6;3;0;3;0;1;1;1;0;0;0;0;469853,539999999980000;5334894,922000000300000;8,594560274000001;48,166582515000002
113725;113726;08;4;36;010;2016;06;16;5;3;0;7;0;0;1;0;0;0;0;0;565779,687200000040000;5305649,576700000100000;9,880135890000000;47,900800337000000
113726;113727;08;3;11;000;2016;06;19;5;3;5;3;0;0;1;1;0;0;0;0;410012,295999999970000;5316455,794599999700000;7,793763618000000;47,995066246000000
113728;113729;08;3;17;057;2016;06;07;6;3;3;2;0;0;1;0;0;0;0;0;413641,743000000020000;5379262,171699999800000;7,829568552000000;48,560503287000003
113730;113731;08;1;15;003;2016;06;13;2;3;6;5;0;0;0;1;1;0;0;0;502614,452300000000000;5393077,967500000300000;9,035525202000001;48,690736557999998
113731;113732;08;3;27;050;2016;05;13;3;3;5;3;0;0;1;1;0;0;0;0;486190,239699999980000;5314608,004999999900000;8,814926359999999;47,984625672000000
113732;113733;08;1;17;049;2016;06;11;5;2;6;7;0;0;0;1;1;0;0;0;555818,438500000050000;5392223,992399999900000;9,758311520000000;48,680563823000000
113733;113734;08;3;25;049;2016;05;18;3;3;0;7;0;0;1;0;0;0;0;0;471000,649600000000000;5335758,178100000100000;8,609928477000000;48,174402358999998
113734;113735;08;3;11;000;2016;06;18;4;2;0;1;0;0;1;0;0;0;0;0;412548,155499999990000;5317514,228500000200000;7,827532222000000;48,004939053999998
113736;113737;08;2;35;057;2016;06;13;1;3;6;6;0;1;0;1;1;0;0;0;488618,617099999970000;5397396,915400000300000;8,845230831000000;48,729491660999997
113737;113738;08;1;16;049;2016;06;12;2;3;6;4;0;0;0;1;1;0;0;0;525068,268599999950000;5385966,826500000400000;9,340194027000001;48,626266717999997
113744;113745;08;2;15;009;2016;06;23;7;2;0;1;2;1;1;0;0;0;0;0;471482,891400000020000;5441981,376000000200000;8,609097066000000;49,130003465000001
113745;113746;08;1;26;066;2016;06;12;4;3;4;6;0;1;1;0;0;0;0;0;536930,300300000000000;5449103,093000000300000;9,506877325000000;49,193615356000002
113746;113747;08;2;25;082;2016;06;20;1;2;8;1;1;0;1;0;0;0;0;0;534603,487199999970000;5478266,636699999700000;9,477472260000001;49,456071242000000
113747;113748;08;3;35;043;2016;06;01;7;2;1;1;2;0;1;1;0;0;0;0;512780,818600000000000;5284564,597400000300000;9,170396440999999;47,714334979000000
113748;113749;08;1;11;000;2016;06;11;7;3;5;3;0;1;1;1;0;0;0;0;518502,581200000020000;5407373,271599999600000;9,252054509000001;48,819067048000001
113749;113750;08;2;15;064;2016;06;19;6;2;3;6;0;0;1;1;0;0;0;0;477990,373100000030000;5451258,408699999600000;8,697790411000000;49,213719980999997
113750;113751;08;2;35;079;2016;06;20;5;3;6;1;0;0;1;0;1;0;0;0;466961,514000000020000;5399699,143400000400000;8,550549543000001;48,749430050999997
113751;113752;08;3;17;145;2016;06;17;1;3;8;1;0;0;1;0;0;0;0;0;442434,326899999990000;5350104,126600000100000;8,223759102000001;48,301512416999998
113752;113753;08;1;21;000;2016;06;07;4;2;5;3;0;0;1;1;0;0;0;0;516232,970199999980000;5442271,196399999800000;9,222529600000000;49,133057805999997
113753;113754;08;1;19;020;2016;06;20;4;2;4;2;1;0;1;1;0;0;0;0;520277,798799999990000;5406442,623800000200000;9,276191433999999;48,810639713000000
113754;113755;08;4;36;049;2016;06;17;7;3;5;3;0;0;1;1;0;0;0;0;578114,130200000010000;5283339,669700000400000;10,041127383999999;47,698716785000002
113757;113758;08;3;16;056;2016;06;09;2;3;5;2;0;1;1;1;0;0;0;0;422875,965600000000000;5327197,589100000400000;7,964226948000000;48,093376763000002
113761;113762;08;3;11;000;2016;06;10;4;3;1;5;0;0;1;1;0;0;0;0;413755,452899999970000;5315417,649500000300000;7,844136380000000;47,986243618000003