FID;OBJECTID;ULAND;UREGBEZ;UKREIS;UGEMEINDE;UJAHR;UMONAT;USTUNDE;UWOCHENTAG;UKATEGORIE;UART;UTYP1;ULICHTVERH;IstStrasse;IstRad;IstPKW;IstFuss;IstKrad;IstGkfz;IstSonstig;LINREFX;LINREFY;XGCSWGS84;YGCSWGS84
113763;113764;08;4;16;041;2016;06;16;6;3;0;7;0;0;1;0;0;0;0;0;504201,785399999990000;5373418,088700000200000;9,056894901000000;48,513862979000002
113768;113769;08;1;19;020;2016;06;15;4;3;1;1;0;0;1;1;0;0;0;0;520104,833400000000000;5406971,657900000000000;9,273861525999999;48,815404422000000
113770;113771;08;3;17;096;2016;06;11;5;2;0;7;0;0;1;0;0;0;0;0;423008,160600000000000;5370252,703099999600000;7,958153710000000;48,480684598000003
113772;113773;08;2;16;043;2016;06;12;2;3;5;3;0;0;1;1;0;0;0;0;442223,602200000020000;5412574,323400000100000;8,212232818000000;48,863439464999999
113773;113774;08;1;21;000;2016;06;10;7;2;0;3;0;0;1;1;0;0;0;0;514183,553399999980000;5443322,639100000300000;9,194472361000001;49,142566627999997
113774;113775;08;1;15;003;2016;06;16;5;3;5;3;0;0;1;1;0;0;0;0;496588,830000000020000;5392991,570000000300000;8,953649707000000;48,689955470999998
113778;113779;08;1;18;048;2016;06;17;4;3;0;7;0;0;1;0;0;0;0;0;512330,760100000010000;5415657,659300000400000;9,168227849000001;48,893744935999997
113782;113783;08;1;11;000;2016;06;14;5;2;5;3;0;0;1;1;0;0;0;0;512559,432600000000000;5408476,092699999900000;9,171127213000000;48,829136452000000
113783;113784;08;3;17;096;2016;05;07;3;3;5;3;0;0;1;0;0;0;1;0;422991,944599999990000;5369277,089300000100000;7,958114038000000;48,471907014999999
113784;113785;08;3;11;000;2016;06;15;4;3;3;2;0;0;1;1;0;0;0;0;413007,702999999980000;5317632,115000000200000;7,833668145000000;48,006062192000002
113785;113786;08;1;18;047;2016;06;17;4;3;0;1;0;0;1;0;0;0;0;0;508053,540099999980000;5427667,536600000200000;9,110111587000001;49,001852329999998
113787;113788;08;1;18;051;2016;06;11;7;3;5;3;0;0;1;1;0;0;0;0;508991,349700000020000;5415190,468399999700000;9,122658314000001;48,889599656999998
113790;113791;08;1;18;049;2016;06;19;2;2;0;1;0;0;1;0;0;0;0;0;517087,573700000010000;5419461,822100000500000;9,233283563000001;48,927853044999999
113792;113793;08;1;11;000;2016;06;12;5;3;5;7;0;0;1;1;0;0;0;0;511292,129499999980000;5400755,870600000000000;9,153647550000001;48,759710394000003
113797;113798;08;4;36;064;2016;06;13;6;2;6;4;0;0;0;1;1;0;0;0;545342,717999999990000;5292041,588999999700000;9,605281668000000;47,780140426000003
113799;113800;08;2;26;041;2016;06;17;5;3;5;3;0;0;1;1;0;0;0;0;475888,813000000020000;5465555,015100000400000;8,668072929999999;49,342239292000002
113800;113801;08;3;17;011;2016;06;13;1;2;0;1;0;0;1;0;0;0;0;0;429007,076100000010000;5355348,318000000000000;8,041840705000000;48,347321704999999
113801;113802;08;1;17;024;2016;06;18;4;3;6;7;0;0;0;1;1;0;0;0;560146,156599999990000;5385511,233199999700000;9,816123865000000;48,619778891999999
113804;113805;08;1;16;049;2016;06;19;4;3;0;3;0;0;1;1;0;0;0;0;525478,108299999960000;5386025,432300000500000;9,345759337000001;48,626777376000000
113806;113807;08;1;36;065;2016;06;17;6;2;6;4;0;0;1;0;1;0;0;0;557110,376099999990000;5407224,894299999800000;9,777941458000001;48,815382833000001
113807;113808;08;4;16;041;2016;06;07;5;3;5;3;0;1;1;1;0;0;0;0;504575,003900000010000;5371841,098500000300000;9,061931231000001;48,499673160000000
113808;113809;08;3;25;049;2016;06;17;2;3;5;3;0;0;1;1;0;0;0;0;473191,936700000020000;5334343,916799999800000;8,639492130000001;48,161774848999997
113810;113811;08;4;15;061;2016;06;14;6;3;6;6;0;1;0;1;1;0;0;0;515653,431400000000000;5370880,691800000100000;9,211861766000000;48,490854634999998
113811;113812;08;2;12;000;2016;06;00;6;3;4;6;2;0;1;1;0;0;0;0;456525,339900000020000;5427939,714300000100000;8,405582123000000;49,002822146000000
113812;113813;08;2;21;000;2016;06;21;5;3;4;6;1;0;1;0;0;0;0;0;476742,402000000000000;5471672,571000000500000;8,679466120000001;49,397299222000001
113814;113815;08;1;16;033;2016;06;15;4;3;5;3;0;0;1;1;0;0;0;0;533694,639899999950000;5387955,034599999900000;9,457418219999999;48,643747183000002
113816;113817;08;3;15;006;2016;06;10;5;3;6;4;0;0;0;0;1;1;0;0;403199,627099999980000;5308304,390599999600000;7,704301718000000;47,920749692000001
113817;113818;08;2;12;000;2016;06;19;2;3;0;7;0;0;1;0;0;0;0;0;456398,680600000020000;5428537,819899999500000;8,403786214000000;49,008193243999997
113818;113819;08;1;11;000;2016;06;16;5;2;0;1;0;0;1;0;0;0;0;0;511558,465399999990000;5402457,880099999700000;9,157319284000000;48,775016694000001
113820;113821;08;2;12;000;2016;06;18;2;3;5;3;0;0;1;0;0;0;0;1;454291,227799999990000;5429119,711600000000000;8,374904682000000;49,013274899000002
113823;113824;08;3;26;012;2016;06;17;6;3;1;5;0;1;1;1;0;0;0;0;461563,969800000020000;5311166,552100000000000;8,485210764000000;47,952657533000000
113825;113826;08;3;11;000;2016;06;07;4;3;4;2;0;0;1;1;0;0;0;0;414940,299100000000000;5317201,418399999800000;7,859659072000000;48,002448031000000
113826;113827;08;1;16;080;2016;06;22;4;2;0;1;2;0;1;0;0;0;0;0;521928,957799999970000;5396068,405000000300000;9,298127657000000;48,717258569999998
113827;113828;08;4;36;064;2016;06;17;5;3;3;2;0;0;1;1;0;0;0;0;545914,164299999950000;5293104,133600000300000;9,613021871000001;47,789659673000003
113828;113829;08;3;11;000;2016;06;18;5;3;1;5;0;0;1;1;0;0;0;0;413431,992700000000000;5317065,641599999700000;7,839469832000000;48,001024184000002
113842;113843;08;1;11;000;2016;06;19;4;3;1;5;0;0;1;1;0;0;0;0;516196,054300000020000;5405486,439299999700000;9,220559260000000;48,802157811999997
113843;113844;08;1;36;065;2016;06;21;1;3;0;7;2;0;1;0;0;0;0;0;560043,148000000040000;5405912,269999999600000;9,817694683999999;48,803299275999997
113847;113848;08;3;35;075;2016;06;20;7;3;0;1;0;0;1;0;0;0;0;0;488892,837999999990000;5288522,041299999700000;8,851816024000000;47,749973355999998
113849;113850;08;3;15;015;2016;06;17;6;2;0;1;0;0;1;0;0;0;0;0;393526,272999999990000;5321099,344399999800000;7,571689746000000;48,034299369999999
113852;113853;08;4;17;002;2016;06;02;1;2;6;7;2;0;0;1;1;0;0;0;488725,548400000030000;5346675,299599999600000;8,848054892000000;48,273183330999998
113854;113855;08;1;11;000;2016;06;09;4;3;5;3;0;0;1;1;0;0;0;0;511425,706400000020000;5395555,991399999700000;9,155320897999999;48,712929860000003
113856;113857;08;1;21;000;2016;06;08;6;3;0;7;0;0;1;0;0;0;0;0;516272,909999999970000;5443528,794999999900000;9,223127886000000;49,144369265000002
113857;113858;08;4;15;061;2016;06;08;5;3;3;2;0;1;1;1;0;0;0;0;515924,275700000000000;5370426,564399999600000;9,215510176000000;48,486762339000002
113859;113860;08;2;22;000;2016;06;18;7;3;3;6;0;0;1;1;0;0;0;0;462345,932800000010000;5480679,909500000100000;8,480206813000001;49,477596038999998
113860;113861;08;3;35;063;2016;06;09;6;3;4;6;0;0;1;1;0;0;0;0;498165,554200000010000;5287889,747399999800000;8,975528734999999;47,744377290000003
113862;113863;08;2;31;000;2016;06;11;4;3;6;7;0;0;1;0;1;0;0;0;477923,085700000000000;5415304,306499999900000;8,698826521000001;48,890295674999997
113863;113864;08;4;36;082;2016;05;13;3;3;6;4;0;0;0;1;1;0;0;0;546599,990100000050000;5294105,063699999800000;9,622285614999999;47,798615755999997
113865;113866;08;2;26;096;2016;06;16;4;3;6;3;0;0;1;0;1;0;0;0;475348,075399999970000;5487832,338200000100000;8,659243265000001;49,542596971000002
113866;113867;08;3;11;000;2016;06;19;1;3;0;1;0;0;1;0;0;0;0;0;413267,462400000020000;5315279,655399999600000;7,837625515000000;47,984936322000003
113870;113871;08;2;37;019;2016;06;17;2;3;6;4;0;0;0;1;1;0;0;0;463163,069499999980000;5370857,963200000100000;8,501439683999999;48,489765413999997
113871;113872;08;2;22;000;2016;06;17;2;2;5;3;0;0;1;1;0;0;0;0;468278,814100000020000;5478466,752200000000000;8,562281538000001;49,458028550000002
113874;113875;08;1;17;019;2016;06;12;5;3;6;4;0;0;0;1;1;0;0;0;551949,330599999990000;5394308,717500000300000;9,706014892000001;48,699650783000003
113877;113878;08;3;11;000;2016;06;10;5;3;5;3;0;0;1;1;0;0;0;0;415133,167699999990000;5317310,566200000200000;7,862222616000000;48,003455496000001
113878;113879;08;1;19;067;2016;06;13;2;3;0;1;0;0;1;0;0;0;0;0;537977,415200000050000;5405133,362099999600000;9,517138048000000;48,798032517999999
113882;113883;08;3;11;000;2016;06;12;5;3;5;3;0;0;1;1;0;0;0;0;414097,270200000030000;5318054,416500000300000;7,848188633000000;48,010008317000000
113884;113885;08;4;16;041;2016;06;12;4;2;3;6;0;0;1;1;0;0;0;0;505011,046399999990000;5370840,405100000100000;9,067821867999999;48,490667191999997
113886;113887;08;2;21;000;2016;06;08;4;3;1;5;0;0;1;0;0;0;0;1;475911,262400000010000;5474302,836000000100000;8,667852058999999;49,420925674000003
113887;113888;08;4;21;000;2016;05;15;3;3;5;3;0;0;1;0;0;0;0;1;571877,363200000020000;5359636,354399999600000;9,970827288000001;48,385793919999998
113891;113892;08;1;11;000;2016;06;07;2;2;0;1;0;0;1;0;0;0;0;0;511117,040299999990000;5400589,001899999600000;9,151260682000000;48,758212401000002
113892;113893;08;4;17;002;2016;05;15;3;3;6;6;0;0;0;0;1;0;0;1;488723,099500000010000;5346882,429499999600000;8,848016361999999;48,275046777999997
113895;113896;08;4;16;023;2016;05;20;3;3;0;7;0;0;1;0;0;0;0;0;510567,900199999970000;5371148,526700000300000;9,143038568000000;48,493370288999998
113896;113897;08;2;22;000;2016;06;21;1;2;6;4;2;1;0;1;1;0;0;0;462939,310200000010000;5478338,946100000300000;8,488616919000000;49,456576697999999
113906;113907;08;3;35;043;2016;06;00;5;3;0;7;2;1;1;0;0;0;0;0;511721,619499999970000;5280481,556499999900000;9,156165310000000;47,677617376999997
113907;113908;08;3;11;000;2016;06;13;2;3;5;3;0;0;1;1;0;0;0;0;414580,985999999980000;5318253,981999999800000;7,854633348000000;48,011868321999998
113908;113909;08;2;21;000;2016;06;08;2;3;5;2;0;0;1;1;0;0;0;0;476691,365600000020000;5472850,849999999600000;8,678693607000000;49,407895707000002
113910;113911;08;2;11;000;2016;06;13;6;3;1;5;0;1;1;1;0;0;0;0;444298,098400000020000;5401255,990100000100000;8,242051722999999;48,761819463000002
113912;113913;08;4;16;025;2016;06;19;6;2;1;6;0;1;1;1;0;0;0;0;502663,065400000020000;5361151,009999999800000;9,035981564000000;48,403511057000003
113915;113916;08;2;22;000;2016;06;13;4;3;1;5;0;1;1;1;0;0;0;0;461695,841699999990000;5480897,864199999700000;8,471211963000000;49,479515755999998
113916;113917;08;3;27;050;2016;05;09;3;3;6;4;0;0;0;1;1;0;0;0;486191,901900000000000;5314298,862800000200000;8,814958577000001;47,981844303999999
113918;113919;08;3;16;043;2016;06;13;5;3;5;3;0;0;1;1;0;0;0;0;410812,326500000020000;5332598,231700000400000;7,801117150000000;48,140381406000003
113919;113920;08;2;12;000;2016;06;12;2;3;5;3;0;0;1;1;0;0;0;0;455072,256400000010000;5426965,170199999600000;8,385823454000001;48,993951963999997
113922;113923;08;1;26;046;2016;06;22;5;2;1;1;2;0;1;1;0;0;0;0;550000,222100000010000;5458018,678799999900000;9,687365222000000;49,272880985000000
113923;113924;08;4;15;061;2016;06;17;5;3;6;6;0;0;1;0;1;0;0;0;515517,558100000020000;5371837,956000000200000;9,210058371000001;48,499469888000000
113925;113926;08;4;36;049;2016;06;10;3;3;5;3;0;0;1;1;0;0;0;0;578241,398999999980000;5283088,438000000100000;10,042778298000000;47,696441260000000
113926;113927;08;2;36;072;2016;06;11;3;3;6;6;0;0;0;1;1;0;0;0;466784,839299999990000;5410649,905100000100000;8,547260488999999;48,847929889000000
113927;113928;08;1;21;000;2016;06;07;5;3;5;3;0;0;1;1;0;0;0;0;513989,132400000000000;5442454,388299999800000;9,191776512000001;49,134760868000001
113933;113934;08;3;35;075;2016;06;18;6;3;6;4;0;0;1;0;1;0;0;0;487877,658300000010000;5289903,188799999700000;8,838233748000000;47,762381994000002
113936;113937;08;1;18;048;2016;06;18;6;3;5;3;0;0;1;1;0;0;0;0;515918,386000000000000;5415532,710400000200000;9,217168428000001;48,892539143999997
113939;113940;08;3;11;000;2016;06;16;4;3;5;2;0;0;1;0;0;0;0;0;409896,017200000000000;5316878,709300000200000;7,792116520000000;47,998854068000000
113941;113942;08;2;22;000;2016;06;12;3;3;4;6;0;0;1;0;0;0;0;0;462457,484400000020000;5486720,567300000200000;8,481172441000000;49,531935388999997
113942;113943;08;3;35;063;2016;06;13;6;2;0;7;0;0;1;0;0;0;0;0;498513,728200000010000;5286718,019799999900000;8,980177332000000;47,733835452999998
113944;113945;08;2;15;009;2016;06;09;6;3;4;2;0;0;1;1;0;0;0;0;465728,055899999980000;5438787,760999999900000;8,530485472000001;49,100982451999997
113945;113946;08;1;11;000;2016;06;17;6;3;0;2;0;0;1;1;0;0;0;0;507870,602599999980000;5397726,807199999700000;9,107034403000000;48,732513607000001
113946;113947;08;2;15;017;2016;06;18;5;3;6;3;0;0;0;1;1;0;0;0;456878,425700000020000;5421206,352400000200000;8,411123311000001;48,942279090000000
113947;113948;08;1;28;126;2016;06;10;4;2;6;7;0;0;0;0;1;0;0;1;565537,182400000050000;5481574,586400000400000;9,904812372000000;49,483272708000001
113948;113949;08;4;35;029;2016;06;17;3;3;8;7;0;0;1;1;0;0;0;0;544501,490100000050000;5270802,604299999800000;9,591887000000000;47,589107667999997
113950;113951;08;2;22;000;2016;06;15;3;3;5;3;0;0;1;1;0;0;0;0;464333,919400000010000;5479213,196100000300000;8,507780958000000;49,464523675000002
113951;113952;08;3;11;000;2016;06;16;5;3;3;1;0;0;1;1;0;0;0;0;414743,369100000010000;5315262,767400000200000;7,857404606000000;47,984982844000001
113952;113953;08;4;25;033;2016;06;13;6;3;0;3;0;0;1;1;0;0;0;0;553970,618999999950000;5348405,741999999600000;9,727550699000000;48,286550706000000
113955;113956;08;2;22;000;2016;06;12;3;3;5;2;0;0;1;1;0;0;0;0;465763,408300000010000;5484128,202399999800000;8,527082630000001;49,508814205000000
113956;113957;08;3;26;003;2016;06;16;6;3;0;1;0;0;1;0;0;0;0;0;464930,852699999990000;5319372,129400000000000;8,529632769999999;48,026675552999997
113958;113959;08;2;26;105;2016;06;09;5;3;5;3;0;0;1;1;0;0;0;0;470609,878000000030000;5478214,364000000100000;8,594465579000000;49,455875656000003
113959;113960;08;2;12;000;2016;06;13;6;2;5;3;0;0;1;0;0;0;0;0;457433,693800000010000;5429501,811300000200000;8,417837332000000;49,016936733000001
113962;113963;08;1;18;046;2016;06;17;4;3;1;7;0;1;0;1;1;0;0;0;514731,850400000000000;5412033,350999999800000;9,200855017000000;48,861089114000002
113963;113964;08;4;37;104;2016;06;11;3;2;0;7;0;0;1;0;0;0;0;1;516859,016899999990000;5325233,093700000100000;9,226356693000000;48,080147189999998
113964;113965;08;2;22;000;2016;06;18;3;2;0;1;0;0;1;0;0;0;0;0;462798,546500000000000;5480789,019700000100000;8,486444362000000;49,478605338000001
113965;113966;08;1;36;028;2016;06;17;7;3;0;1;0;0;1;0;0;0;0;0;568461,501200000060000;5403913,723000000200000;9,931991676000001;48,784452639999998
113967;113968;08;1;11;000;2016;06;13;5;3;6;4;0;0;0;1;1;0;0;0;511923,575699999990000;5402618,001199999800000;9,162293328000001;48,776450242000003
113969;113970;08;2;15;017;2016;06;16;5;3;0;1;0;0;1;0;0;0;0;0;455183,617000000030000;5421869,443000000000000;8,387907080000000;48,948123240000001
113970;113971;08;2;21;000;2016;06;16;6;3;9;1;0;0;0;1;1;0;0;0;476789,200399999970000;5472846,796099999900000;8,680042460999999;49,407862981999997
113971;113972;08;1;16;078;2016;06;09;5;3;0;7;0;0;1;0;0;0;0;1;512198,090900000010000;5390266,631500000100000;9,165664476000000;48,665331793999997
113972;113973;08;1;19;067;2016;06;16;6;3;5;3;0;0;1;1;0;0;0;0;540539,758400000050000;5408470,619900000300000;9,552357496999999;48,827890979000003
113975;113976;08;4;25;141;2016;06;12;3;2;6;2;0;0;0;1;1;0;0;0;568589,986900000020000;5362521,218200000000000;9,926903159000000;48,412110446000000
113976;113977;08;2;21;000;2016;06;19;3;3;5;3;0;0;1;1;0;0;0;0;476968,706499999970000;5469060,084900000100000;8,682736318000000;49,373808840999999
113979;113980;08;3;35;075;2016;06;21;5;2;5;3;0;0;1;1;0;0;0;0;488381,867099999970000;5290273,688099999900000;8,844952215999999;47,765724857000002
113980;113981;08;3;11;000;2016;06;14;4;2;5;3;0;0;1;1;0;0;0;0;414264,456899999990000;5316896,606300000100000;7,850661284000000;47,999615841000001
113983;113984;08;3;11;000;2016;06;21;4;3;5;2;1;1;1;1;0;0;0;0;414254,944100000020000;5316055,999400000100000;7,850701744000000;47,992052985999997
113987;113988;08;4;15;039;2016;06;14;6;3;3;2;0;0;1;1;0;0;0;0;530202,385699999980000;5373912,828099999600000;9,408990405999999;48,517601382000002
113988;113989;08;3;17;096;2016;06;19;4;2;0;7;0;1;1;0;0;0;0;0;423086,936300000000000;5369007,244699999700000;7,959448647000000;48,469491398999999
113990;113991;08;3;11;000;2016;06;08;4;3;5;1;0;1;1;1;0;0;0;0;412952,957999999980000;5317279,535000000100000;7,833005871000000;48,002883171000001
113992;113993;08;3;15;006;2016;06;09;4;2;0;1;0;1;1;0;0;0;0;1;402875,468799999970000;5307843,772400000100000;7,700067739000000;47,916557400999999
113993;113994;08;2;12;000;2016;06;21;3;3;5;3;1;1;1;0;0;0;0;1;457442,337500000020000;5428831,690800000000000;8,418025813000000;49,010909507999997
113994;113995;08;3;27;050;2016;06;17;6;3;5;3;0;0;1;1;0;0;0;0;486332,554100000010000;5314138,286799999900000;8,816848547999999;47,980402595000001
113995;113996;08;3;11;000;2016;06;19;6;3;5;3;1;0;1;1;0;0;0;0;414748,633800000010000;5315255,198800000400000;7,857476651000000;47,984915463000000
113997;113998;08;2;12;000;2016;06;12;3;3;5;3;0;0;1;1;0;0;0;0;456990,166499999990000;5428318,519600000200000;8,411897101999999;49,006262116000002
113998;113999;08;3;35;043;2016;06;10;6;2;1;5;0;0;1;1;0;0;0;0;512621,186400000010000;5278648,043999999800000;9,168097067000000;47,661103099999998
113999;114000;08;3;17;065;2016;06;17;6;3;0;7;0;0;1;0;0;0;0;0;415638,942900000020000;5355321,182500000100000;7,861456614000000;48,345433491999998
114002;114003;08;3;11;000;2016;06;15;5;3;6;4;0;0;1;0;1;0;0;0;414505,565100000010000;5315428,695600000200000;7,854185217000000;47,986443692999998
114003;114004;08;1;18;080;2016;06;09;4;3;6;7;0;0;0;1;1;0;0;0;507047,478400000020000;5410820,031600000300000;9,096065135000000;48,850309203999998
114005;114006;08;1;17;018;2016;06;07;3;3;0;7;0;0;1;1;0;0;0;0;538490,957100000000000;5394767,131199999700000;9,523161597000000;48,704750152999999
114006;114007;08;1;36;065;2016;06;14;3;3;5;3;0;0;1;1;0;0;0;0;559668,343699999970000;5404291,030399999600000;9,812355456000001;48,788752269000000
114007;114008;08;4;17;002;2016;06;18;6;3;8;6;0;0;1;1;0;0;0;0;489503,672299999980000;5343955,467699999900000;8,858609082999999;48,248727062000000
114008;114009;08;2;15;009;2016;06;13;7;2;5;3;0;0;1;1;0;0;0;0;471282,804699999980000;5441341,800400000100000;8,606399953000000;49,124241032999997
114010;114011;08;2;26;082;2016;06;11;6;3;5;3;0;0;1;1;0;0;0;0;475414,027400000020000;5480055,483300000400000;8,660639089000000;49,472649455999999
114011;114012;08;1;25;103;2016;06;09;6;2;6;7;0;0;0;1;1;0;0;0;532346,408399999960000;5466211,982200000400000;9,445347576000000;49,347767437999998
114014;114015;08;4;15;061;2016;06;06;3;3;3;6;0;0;1;1;0;0;0;0;511430,914800000030000;5371366,805400000000000;9,154725570000000;48,495318898000001
114015;114016;08;1;36;088;2016;06;12;3;3;6;3;0;0;0;0;1;0;0;1;580698,908300000010000;5409798,340800000400000;10,099711407999999;48,835913093999999
114016;114017;08;1;11;000;2016;06;09;6;3;5;2;0;0;1;1;0;0;0;0;512197,311300000000000;5406478,291799999800000;9,166133784000000;48,811171731999998
114019;114020;08;4;15;061;2016;06;11;3;3;0;1;0;0;1;0;0;0;0;0;515933,347599999980000;5370525,713899999900000;9,215636731000000;48,487654093000003
114022;114023;08;2;25;058;2016;06;22;7;3;0;7;2;0;0;1;1;0;0;0;509584,444200000030000;5465957,769799999900000;9,131955082999999;49,346263366000002
114023;114024;08;2;16;015;2016;06;16;5;1;8;1;0;0;1;0;0;0;0;0;451183,593999999980000;5404843,659900000300000;8,335311189000001;48,794669921000001
114024;114025;08;2;22;000;2016;06;15;6;3;5;3;0;0;1;1;0;0;0;0;463359,229999999980000;5485877,839999999900000;8,493712091000001;49,524410734999996
114025;114026;08;1;15;003;2016;06;17;5;3;5;3;0;0;1;1;0;0;0;0;502069,712699999970000;5392260,000500000100000;9,028119179000001;48,683380085000003
114026;114027;08;1;18;067;2016;06;11;6;3;0;7;0;0;1;0;0;0;0;0;505313,436999999980000;5413964,183500000300000;9,072469031000001;48,878610706000003
114027;114028;08;3;11;000;2016;06;10;4;3;5;2;0;1;1;1;0;0;0;0;412850,636300000010000;5316159,138600000200000;7,831861946000000;47,992790907000000
114028;114029;08;3;35;100;2016;06;19;2;3;5;3;0;0;1;1;0;0;0;0;489375,180899999980000;5286024,921799999700000;8,858312056000001;47,727513473999998
114031;114032;08;1;25;056;2016;06;15;3;3;5;3;0;0;1;1;0;0;0;0;510530,837999999990000;5435636,779000000100000;9,144189270000000;49,073502587999997
114035;114036;08;3;11;000;2016;06;20;4;2;0;1;0;1;1;0;0;0;0;0;414461,904700000010000;5316251,647900000200000;7,853436208000000;47,993840640000002
114038;114039;08;1;21;000;2016;06;18;3;3;5;3;0;0;1;1;0;0;0;0;515388,309000000010000;5442353,581899999600000;9,210953795000000;49,133820626999999
114039;114040;08;3;36;069;2016;06;10;6;3;1;5;0;0;1;1;0;0;0;0;408956,941100000000000;5268332,343100000200000;7,789710448000000;47,562021882000003
114043;114044;08;4;16;036;2016;06;16;4;3;0;2;0;1;1;0;0;1;0;0;495504,564900000000000;5369497,816599999600000;8,939171098999999;48,478592601999999
114045;114046;08;2;12;000;2016;06;15;4;3;5;3;0;0;1;0;0;1;0;0;455425,816700000020000;5430567,054899999900000;8,390260929000000;49,026376870999997
114047;114048;08;1;19;020;2016;06;07;3;3;5;3;0;0;1;0;0;0;0;0;520201,582899999980000;5407176,459400000100000;9,275189485000000;48,817243636999997
114048;114049;08;3;35;043;2016;06;08;6;3;5;2;0;1;1;1;0;0;0;0;512296,738100000020000;5280658,516800000300000;9,163832478000000;47,679198921000001
114050;114051;08;2;16;063;2016;06;12;6;3;0;1;0;0;1;0;0;0;0;0;430096,315799999980000;5401922,180300000100000;8,048716697000000;48,766378844000002
114052;114053;08;2;12;000;2016;06;06;5;3;5;3;0;1;1;0;0;0;1;0;449943,593200000000000;5432840,481900000000000;8,314993062999999;49,046405559000000
114053;114054;08;1;16;056;2016;06;08;4;3;0;1;0;0;1;0;0;0;0;0;531090,708199999990000;5395389,093500000400000;9,422628901000000;48,710758020999997
114054;114055;08;4;16;036;2016;06;09;6;3;6;7;0;0;0;1;1;0;0;0;495017,046299999990000;5369009,737700000400000;8,932580181000001;48,474197957999998
114056;114057;08;3;17;096;2016;06;16;6;3;5;5;0;0;1;1;0;0;0;0;422528,423499999980000;5369150,070200000000000;7,951867419000000;48,470707550000000
114057;114058;08;2;26;041;2016;06;19;7;3;4;2;0;0;1;1;0;0;0;0;477427,679100000010000;5467086,207000000400000;8,689170659000000;49,356071159999999
114059;114060;08;3;26;074;2016;06;14;6;3;6;4;0;0;0;1;1;0;0;0;465552,659300000000000;5323543,373499999800000;8,537636758000000;48,064237337999998
114060;114061;08;3;11;000;2016;06;23;7;2;1;1;2;1;1;0;0;0;0;1;414485,473300000010000;5317834,099399999700000;7,853436637000000;48,008078548999997
114061;114062;08;2;22;000;2016;06;09;5;3;4;3;0;0;1;0;0;0;0;0;461710,217500000030000;5483191,688799999700000;8,471188209999999;49,500148392000000
114062;114063;08;2;15;108;2016;06;06;6;2;5;3;0;0;1;1;0;0;0;0;449539,723000000000000;5424696,469999999700000;8,310478989000000;48,973117659000003
114063;114064;08;1;17;019;2016;06;10;6;3;5;3;0;0;1;1;0;0;0;0;551806,535799999950000;5393252,674599999600000;9,703941942000000;48,690163114000001
114064;114065;08;1;11;000;2016;06;18;6;3;3;6;0;0;1;1;0;0;0;0;513978,569299999970000;5403412,961600000000000;9,190290993000000;48,783558857000003
114067;114068;08;3;36;081;2016;06;13;3;3;5;3;0;1;1;1;0;0;0;0;411702,213500000010000;5277894,225999999800000;7,824270768000000;47,648419019000002
114070;114071;08;1;15;028;2016;06;12;5;2;5;3;0;0;1;1;0;0;0;0;500882,924500000020000;5405247,588100000300000;9,012023275000001;48,800219505999998
114072;114073;08;2;35;006;2016;06;16;4;3;1;7;0;0;0;1;1;0;0;0;470008,398999999980000;5382688,647400000100000;8,593231454000000;48,596559501000002
114074;114075;08;2;26;032;2016;06;18;6;3;5;3;0;0;1;1;0;0;0;0;468305,848500000020000;5462960,795300000300000;8,563890897000000;49,318557802000001
114079;114080;08;3;36;081;2016;06;22;3;3;5;3;2;0;1;1;0;0;0;0;409951,257900000030000;5278103,290900000400000;7,800918081000000;47,650058446999999
114080;114081;08;1;16;078;2016;06;19;3;3;0;3;0;0;1;1;0;0;0;0;510457,774700000010000;5393031,588600000400000;9,142098952000000;48,690237174000004
114083;114084;08;2;36;074;2016;06;17;4;3;6;7;0;0;0;1;1;0;0;0;472775,636999999990000;5421798,669999999900000;8,628172986999999;48,948511299000003
114085;114086;08;3;35;043;2016;06;10;2;3;5;3;0;0;1;1;0;0;0;0;512514,730099999990000;5278772,387400000400000;9,166682781000000;47,662223971000003
114087;114088;08;3;35;063;2016;06;15;6;3;0;7;0;0;1;0;0;0;0;0;496935,215800000010000;5288012,560499999700000;8,959115321000001;47,745477639000001
114088;114089;08;3;35;063;2016;06;09;2;2;0;1;0;0;1;0;0;0;0;0;497421,627900000020000;5288532,334099999600000;8,965601048000000;47,750156472999997
114091;114092;08;4;37;076;2016;06;20;4;3;6;2;0;1;0;1;1;0;0;0;524461,637499999950000;5321515,547700000000000;9,328218710000000;48,046454242999999
114093;114094;08;2;26;098;2016;06;11;4;3;6;4;0;0;0;1;1;0;0;0;477147,817300000000000;5459911,168899999900000;8,685727927000000;49,291521453000001
114094;114095;08;4;36;082;2016;06;07;6;3;0;7;0;0;1;0;0;0;0;0;547205,835800000000000;5294948,787899999900000;9,630467282000000;47,806162561000001
114097;114098;08;3;36;050;2016;06;08;6;2;5;3;0;0;1;1;0;0;0;0;400476,534300000000000;5275493,650100000200000;7,675380108000000;47,625196041999999
114098;114099;08;2;12;000;2016;06;20;6;3;3;6;0;0;1;1;0;0;0;0;460040,067800000020000;5424772,988300000300000;8,453947079000001;48,974574289000003
114099;114100;08;1;11;000;2016;06;20;6;3;1;1;0;0;1;1;0;0;0;0;516968,912799999990000;5406976,230399999800000;9,231145617999999;48,815539121000000