FID;OBJECTID;ULAND;UREGBEZ;UKREIS;UGEMEINDE;UJAHR;UMONAT;USTUNDE;UWOCHENTAG;UKATEGORIE;UART;UTYP1;ULICHTVERH;IstStrasse;IstRad;IstPKW;IstFuss;IstKrad;IstGkfz;IstSonstig;LINREFX;LINREFY;XGCSWGS84;YGCSWGS84
114103;114104;08;1;17;024;2016;06;15;6;3;5;3;0;0;1;1;0;0;0;0;560804,341099999960000;5385801,442800000300000;9,825096367000000;48,622325779000001
114105;114106;08;2;26;085;2016;06;07;4;3;6;7;0;0;0;0;1;0;1;0;490442,178200000020000;5455723,022400000100000;8,868656333000001;49,254200975000003
114107;114108;08;4;25;020;2016;06;13;6;3;5;3;0;0;1;1;0;0;0;0;558445,014100000030000;5361686,418899999900000;9,789705679000001;48,405623503999998
114109;114110;08;1;11;000;2016;06;11;3;3;6;7;0;0;0;1;1;0;0;0;512793,315699999980000;5402600,034500000100000;9,174130858000000;48,776271338000001
114110;114111;08;3;25;049;2016;06;15;6;3;0;1;0;0;1;0;0;0;0;0;473205,982900000000000;5333358,192400000100000;8,639743107999999;48,152907114000001
114111;114112;08;3;11;000;2016;06;14;7;3;0;1;0;0;1;0;0;0;0;0;411018,812600000000000;5314948,764700000200000;7,807564734000000;47,981650997000003
114112;114113;08;2;22;000;2016;06;10;5;1;5;2;0;0;0;1;1;0;0;0;462046,264599999990000;5483143,212299999800000;8,475833734000000;49,499733491999997
114114;114115;08;1;21;000;2016;06;14;6;2;5;3;0;0;1;1;0;0;0;0;515075,550400000010000;5440948,215099999700000;9,206613774999999;49,121186604000002
114117;114118;08;3;17;096;2016;06;07;3;3;5;3;0;1;1;1;0;0;0;0;424182,328900000020000;5369429,682099999900000;7,974189049000000;48,473424242000000
114120;114121;08;3;17;096;2016;06;17;3;3;6;4;0;0;0;1;1;0;0;0;422650,932500000000000;5368922,084599999700000;7,953566756000000;48,468671913000001
114121;114122;08;4;16;036;2016;06;15;6;3;0;7;0;0;1;1;0;0;0;0;495500,538100000010000;5369216,534500000100000;8,939119640000000;48,476062038000002
114122;114123;08;4;36;064;2016;06;17;2;3;6;6;0;0;1;0;1;0;0;0;545687,048599999980000;5292256,783200000400000;9,609900527000001;47,782052202999999
114124;114125;08;2;12;000;2016;06;15;5;3;6;6;0;0;1;0;1;0;0;0;455772,805999999980000;5426431,304999999700000;8,395457734000001;48,989200357999998
114127;114128;08;1;19;053;2016;06;20;6;3;6;1;0;0;0;0;1;1;0;0;533118,059000000010000;5426301,124099999700000;9,452686498000000;48,988725060000000
114128;114129;08;3;35;075;2016;06;12;5;3;6;4;0;0;0;1;1;0;0;0;488755,448800000010000;5289674,692300000200000;8,849953267000000;47,760342000999998
114129;114130;08;1;11;000;2016;06;07;4;3;6;4;0;0;0;0;1;0;0;1;515854,441999999980000;5405999,362999999900000;9,215926997000000;48,806780809000003
114130;114131;08;3;36;050;2016;06;13;3;2;6;4;0;0;0;1;1;0;0;0;401854,405000000030000;5277428,319000000100000;7,693280235000000;47,642809464000003
114133;114134;08;4;36;069;2016;06;17;4;3;5;3;0;0;1;1;0;0;0;1;550424,764599999990000;5290978,082200000100000;9,672994028000000;47,770194365999998
114134;114135;08;3;17;096;2016;06;13;5;3;4;6;0;0;1;0;0;0;0;0;423035,058000000020000;5368728,271999999900000;7,958798250000000;48,466975703000003
114135;114136;08;2;21;000;2016;06;16;4;3;5;5;0;0;1;1;0;0;0;0;477263,039099999990000;5467778,709400000100000;8,686863992999999;49,362294044999999
114137;114138;08;4;25;130;2016;06;10;5;2;6;7;0;0;0;1;1;0;0;0;573588,055000000050000;5378140,176000000000000;9,997185553000000;48,552040190000000
114138;114139;08;1;11;000;2016;06;07;5;3;2;2;0;0;1;0;0;0;0;0;516771,918799999980000;5407538,158300000200000;9,228485217999999;48,820599477999998
114139;114140;08;2;21;000;2016;06;08;4;2;6;4;0;0;1;0;1;0;0;0;476242,058399999980000;5473499,837700000000000;8,672461236000000;49,413715863000000
114140;114141;08;3;35;075;2016;06;14;2;2;6;4;0;0;1;0;1;0;0;0;487975,549999999990000;5289688,658499999900000;8,839545991000000;47,760453585000000
114141;114142;08;3;11;000;2016;06;07;3;2;5;3;0;0;1;0;0;0;0;0;414741,790299999990000;5318469,756900000400000;7,856746187000000;48,013830773999999
114142;114143;08;4;35;059;2016;06;17;2;3;6;7;0;0;0;0;1;0;0;1;512787,618499999980000;5290631,084800000300000;9,170665402999999;47,768918394000004
114145;114146;08;2;21;000;2016;06;08;4;3;3;5;0;0;1;1;0;0;0;0;476922,357000000020000;5472948,516900000200000;8,681872064000000;49,408783008999997
114146;114147;08;4;26;021;2016;06;17;6;3;6;4;0;0;0;1;1;0;0;0;558972,029899999960000;5327419,157300000100000;9,792050755000000;48,097308669999997
114147;114148;08;4;35;016;2016;06;19;2;3;6;4;0;0;0;1;1;0;0;0;534142,148099999990000;5278490,140399999900000;9,454708342000000;47,658904432999996
114148;114149;08;3;26;074;2016;06;14;6;3;5;3;0;0;1;1;0;0;0;0;464864,903300000010000;5322330,190000000400000;8,528505470000001;48,053285064999997
114149;114150;08;1;11;000;2016;06;13;7;3;6;7;0;0;0;1;1;0;0;0;513968,218100000000000;5403371,004800000200000;9,190148657000000;48,783181650000003
114150;114151;08;4;35;016;2016;06;13;2;3;0;7;0;0;1;0;0;0;0;0;535168,768500000010000;5277622,993900000100000;9,468310739000000;47,651047343999998
114151;114152;08;3;35;043;2016;06;19;6;3;0;7;0;0;1;0;0;0;0;1;514771,217100000010000;5280611,324000000000000;9,196798791999999;47,678722489000002
114152;114153;08;3;17;127;2016;06;15;6;3;4;6;0;0;1;0;0;1;0;0;421319,321000000000000;5351440,367999999800000;7,938829816000000;48,311258258000002
114153;114154;08;2;21;000;2016;06;14;6;3;3;6;0;0;1;1;0;0;0;0;475254,898700000020000;5474378,998300000100000;8,658797194000000;49,421584389000003
114155;114156;08;2;12;000;2016;06;15;5;3;5;3;0;0;1;1;0;0;0;0;456538,629299999970000;5427622,583700000300000;8,405797753000000;48,999970451000003
114156;114157;08;4;36;064;2016;06;14;3;2;5;2;0;0;1;1;0;0;0;0;546446,733899999990000;5293067,802899999500000;9,620128145000001;47,789294613000003
114157;114158;08;4;25;033;2016;06;12;6;3;7;3;0;0;1;1;0;0;0;0;553690,738499999980000;5347767,157499999700000;9,723696924000000;48,280829791000002
114158;114159;08;4;25;031;2016;06;12;2;3;5;3;0;0;1;0;0;0;0;1;570072,779600000010000;5368246,449500000100000;9,947896005000001;48,463447283999997
114162;114163;08;2;15;106;2016;06;13;5;2;1;5;0;0;1;1;0;0;0;0;464513,275199999970000;5452604,246000000300000;8,512625861000000;49,225193349999998
114164;114165;08;1;19;008;2016;06;19;5;2;6;4;0;0;0;0;1;1;0;0;531125,241999999970000;5422879,967699999900000;9,425185953000000;48,958054015000002
114166;114167;08;3;15;006;2016;06;18;7;3;5;3;0;1;1;1;0;0;0;0;403504,157300000020000;5308549,469300000000000;7,708321975000000;47,923000092999999
114167;114168;08;3;11;000;2016;06;18;6;3;0;7;0;0;1;1;0;0;0;0;415290,086000000010000;5318067,960000000000000;7,864176336000000;48,010289376000003
114170;114171;08;2;36;033;2016;06;19;5;2;6;4;0;0;0;1;1;0;0;0;481249,068000000030000;5430388,150000000400000;8,743504302000000;49,026093347000000
114175;114176;08;1;15;013;2016;06;17;5;3;6;7;0;0;0;0;1;0;0;1;495607,231000000030000;5389737,872999999700000;8,940346511000000;48,660678681000000
114178;114179;08;3;26;074;2016;06;13;2;3;6;4;0;0;0;1;1;0;0;0;463752,608699999980000;5322683,086900000500000;8,513549705000001;48,056397779999998
114179;114180;08;4;16;041;2016;06;16;5;3;5;3;0;0;1;1;0;0;0;0;503797,541600000000000;5372820,450199999800000;9,051415741000000;48,508488972000002
114180;114181;08;2;22;000;2016;06;20;4;3;6;4;0;0;0;1;1;0;0;0;461091,205800000000000;5483452,997000000400000;8,462613829000000;49,502459320000000
114181;114182;08;1;11;000;2016;06;15;4;3;6;4;0;0;0;1;1;0;0;0;511882,158100000000000;5402574,404799999700000;9,161728331000001;48,776058845000001
114186;114187;08;1;11;000;2016;06;21;5;3;6;7;0;0;0;1;1;0;0;0;512541,943499999990000;5401633,848299999700000;9,170679963000000;48,767584708999998
114187;114188;08;2;31;000;2016;06;19;2;2;6;4;0;0;0;1;1;0;0;0;478776,338700000020000;5416135,730800000000000;8,710423255000000;48,897804702999998
114190;114191;08;1;19;067;2016;06;11;7;3;3;2;0;0;1;1;0;0;0;0;538253,348099999940000;5405495,007100000000000;9,520928949000000;48,801268798000002
114191;114192;08;2;36;071;2016;06;15;6;3;0;1;0;1;1;0;0;0;0;0;468340,554799999980000;5420834,369199999600000;8,567675791999999;48,939625827999997
114192;114193;08;1;18;047;2016;06;12;6;3;5;3;0;1;1;0;0;0;0;0;507887,934699999980000;5427621,166799999800000;9,107846459999999;49,001437344999999
114193;114194;08;2;37;028;2016;06;09;2;3;5;3;0;1;1;1;0;0;0;0;456173,179300000020000;5369053,880699999600000;8,407030803000000;48,473087362000001
114194;114195;08;3;36;105;2016;06;19;2;2;8;1;1;1;1;0;0;0;0;0;398215,537499999980000;5267863,198200000500000;7,647066114000000;47,556206336000002
114198;114199;08;4;35;016;2016;06;17;7;3;6;4;0;0;0;1;1;0;0;0;535904,260099999960000;5278001,185399999800000;9,478135328000001;47,654409698999999
114200;114201;08;1;11;000;2016;06;16;7;3;6;4;0;1;1;0;1;0;0;0;518266,207700000030000;5402637,019000000300000;9,248623855000000;48,776467431999997
114203;114204;08;2;15;109;2016;06;17;5;3;5;3;0;0;1;1;0;0;0;0;461367,461699999990000;5434741,671900000400000;8,471135882000000;49,064329047999998
114204;114205;08;2;12;000;2016;06;11;4;3;5;2;0;0;1;0;0;0;0;1;458145,313700000000000;5428602,866399999700000;8,427662069000000;49,008899282000002
114205;114206;08;1;11;000;2016;06;13;4;3;6;7;0;0;0;1;1;0;0;0;512410,717100000010000;5407062,655899999700000;9,169058143999999;48,816424369000003
114206;114207;08;2;26;036;2016;06;07;2;3;5;3;0;0;1;1;0;0;0;0;468052,074100000030000;5480467,315600000300000;8,558991374000000;49,476010973000001
114207;114208;08;2;26;096;2016;06;14;5;3;5;3;0;0;1;1;0;0;0;0;474505,588999999980000;5492307,315000000400000;8,647308233000000;49,582812564999998
114208;114209;08;2;12;000;2016;06;17;2;3;4;7;0;1;1;0;0;0;0;0;457625,966200000020000;5429100,936900000100000;8,420508683000000;49,013344050999997
114209;114210;08;1;11;000;2016;06;12;5;3;6;4;0;1;0;1;1;0;0;0;509059,910900000020000;5406824,807099999900000;9,123408515000000;48,814342611000001
114210;114211;08;2;12;000;2016;06;11;2;3;4;2;0;1;1;1;0;0;0;0;458687,355700000010000;5429304,851700000500000;8,435002339000000;49,015250278000003
114212;114213;08;4;15;061;2016;06;12;4;3;0;1;0;1;1;0;0;0;0;0;515913,988399999970000;5370389,335599999900000;9,215369536000001;48,486427675999998
114213;114214;08;1;15;024;2016;06;17;3;3;1;3;0;0;1;1;0;0;0;0;500863,341299999970000;5387420,246799999800000;9,011719284000000;48,639843783000003
114215;114216;08;3;37;126;2016;06;15;6;2;6;4;0;0;1;0;1;0;0;0;445882,558100000020000;5276104,441599999600000;8,279571747000000;47,636077557000000
114216;114217;08;1;18;048;2016;06;11;6;3;8;1;0;0;1;0;0;0;0;0;514517,786700000000000;5415617,809100000200000;9,198063739000000;48,893339068000003
114217;114218;08;4;36;081;2016;06;17;5;3;6;2;0;1;0;1;1;0;0;0;562414,708600000010000;5282320,277999999900000;9,831760778000000;47,691253260000003
114220;114221;08;2;12;000;2016;06;20;2;3;5;2;0;1;1;1;0;0;0;0;460255,674899999980000;5427236,631699999800000;8,456652322000000;48,996749246000000
114221;114222;08;3;37;116;2016;06;15;4;3;3;6;0;0;1;1;0;0;0;0;418274,852300000030000;5273111,692300000200000;7,912664597000000;47,606258050999998
114223;114224;08;1;17;026;2016;06;00;5;3;5;3;2;0;1;1;0;0;0;0;547984,024899999960000;5394723,319799999700000;9,652176573000000;48,703697955999999
114224;114225;08;3;35;075;2016;06;14;4;3;3;2;0;1;1;0;0;0;0;1;487869,892600000020000;5289415,098500000300000;8,838143741000000;47,757990241000002
114228;114229;08;1;19;020;2016;06;06;6;3;5;3;0;1;1;1;0;0;0;0;519884,835399999980000;5408465,052299999600000;9,270937222000001;48,828845772000001
114230;114231;08;1;35;019;2016;06;14;4;1;6;4;0;0;0;1;1;0;0;0;583842,322000000040000;5392223,041699999900000;10,138959459000001;48,677420579000000
114233;114234;08;3;17;153;2016;06;15;2;3;1;1;0;0;1;1;0;0;0;0;421603,220700000010000;5389268,476800000300000;7,935561792000000;48,651553051000000
114239;114240;08;1;11;000;2016;06;09;5;3;6;2;0;0;0;1;1;0;0;0;511937,483000000010000;5402242,133999999600000;9,162471710000000;48,773068699000000
114240;114241;08;4;36;049;2016;06;07;3;3;5;3;0;1;1;1;0;0;0;0;578241,398999999980000;5283088,438000000100000;10,042778298000000;47,696441260000000
114241;114242;08;2;16;015;2016;06;10;2;2;5;3;0;1;1;1;0;0;0;0;450481,705000000020000;5405594,188299999600000;8,325664398000001;48,801365650999998
114243;114244;08;3;11;000;2016;06;10;2;3;3;6;0;1;1;0;0;0;1;0;413391,507900000030000;5315399,551599999900000;7,839263414000000;47,986031640999997
114245;114246;08;4;35;016;2016;06;04;7;3;0;1;1;1;1;0;0;0;0;0;536860,895099999970000;5282249,508000000400000;9,491232917000000;47,692579635999998
114246;114247;08;1;11;000;2016;06;05;5;3;2;6;1;0;1;1;0;0;0;0;520744,470900000010000;5402510,334300000200000;9,282349041000000;48,775250094000000
114249;114250;08;1;17;019;2016;06;11;3;2;6;4;0;0;0;1;1;0;0;0;552277,834599999940000;5394125,373300000100000;9,710455842000000;48,697974086000002
114250;114251;08;4;26;013;2016;06;00;6;2;0;1;2;0;1;0;0;0;0;0;545484,083499999950000;5323468,024700000000000;9,610486266000001;48,062867888000000
114251;114252;08;2;21;000;2016;06;14;6;3;5;3;0;0;1;1;0;0;0;0;474336,198600000000000;5472103,161200000000000;8,646276883000001;49,401075618000000
114255;114256;08;1;18;014;2016;06;10;7;3;5;3;0;0;1;1;0;0;0;0;521571,114599999970000;5420883,405899999700000;9,294568385000000;48,940501003999998
114256;114257;08;2;26;084;2016;06;07;6;3;0;7;0;0;1;1;0;0;0;0;469911,262999999980000;5469613,166299999700000;8,585478224999999;49,378476028000001
114257;114258;08;1;16;033;2016;06;07;6;3;5;3;0;0;1;1;0;0;0;0;533252,874700000040000;5388210,233099999800000;9,451441766000000;48,646066580999999
114262;114263;08;2;16;024;2016;06;14;1;3;0;7;0;0;1;1;0;0;0;0;444743,050400000010000;5409936,949900000400000;8,246937597000001;48,839945673999999
114263;114264;08;2;12;000;2016;06;16;7;3;6;3;0;0;0;1;1;0;0;0;463072,229600000020000;5428768,748700000300000;8,495016698000001;49,010705938000001
114267;114268;08;3;25;011;2016;06;12;6;3;0;7;0;0;1;0;0;0;0;0;473648,968500000020000;5338552,755099999700000;8,645376982000000;48,199659744000002
114268;114269;08;1;35;020;2016;06;16;6;2;6;4;0;0;0;1;1;0;0;0;586080,443199999980000;5386423,847400000300000;10,168151141999999;48,624956370000000
114269;114270;08;4;21;000;2016;06;17;5;3;5;3;0;0;1;1;0;0;0;0;571267,025600000050000;5362953,930100000500000;9,963148105000000;48,415705719000002
114270;114271;08;1;19;008;2016;06;18;4;3;3;2;0;1;1;1;0;0;0;0;531515,924800000040000;5423086,470599999700000;9,430538701000000;48,959891802999998
114271;114272;08;4;16;041;2016;06;07;3;3;6;4;0;0;1;0;1;0;0;0;504628,287200000020000;5374913,597400000300000;9,062686608000000;48,527314120000000
114272;114273;08;1;18;048;2016;06;06;2;3;5;3;1;1;1;1;0;0;0;0;514094,633399999990000;5414985,035400000400000;9,192268936000000;48,887656573000001
114276;114277;08;4;16;041;2016;06;12;3;3;0;7;0;1;1;0;1;0;0;0;504313,929999999990000;5373618,105000000400000;9,058415480000001;48,515661639999998
114280;114281;08;1;18;079;2016;06;19;5;3;8;1;0;0;1;0;0;0;0;0;507836,700900000000000;5421458,989600000000000;9,107027247000000;48,946005257000003
114283;114284;08;4;21;000;2016;06;18;7;3;1;3;0;1;1;1;0;0;0;0;574467,554400000020000;5363633,623499999800000;10,006515997999999;48,421449506999998
114287;114288;08;1;16;019;2016;06;14;2;3;6;4;0;0;0;1;1;0;0;0;522251,352200000020000;5398835,234899999600000;9,302659941000000;48,742137311999997
114289;114290;08;3;35;043;2016;06;06;2;2;5;3;0;1;1;1;0;0;0;0;511016,969099999990000;5280814,452399999800000;9,146785796000000;47,680625055000000
114292;114293;08;4;35;059;2016;06;09;4;3;6;2;0;0;0;1;1;0;0;0;511924,854799999970000;5290372,285500000200000;9,159143778000001;47,766606385999999
114294;114295;08;1;15;028;2016;06;16;2;3;5;2;0;0;1;1;0;0;0;0;500703,295099999990000;5405322,729799999900000;9,009577289999999;48,800895705000002
114297;114298;08;2;15;021;2016;06;13;2;3;5;2;0;0;1;0;0;0;1;0;468732,542000000020000;5444955,705900000400000;8,571166459000001;49,156624184000002
114298;114299;08;2;26;046;2016;06;16;5;3;5;3;0;0;1;1;0;0;0;0;474946,693099999970000;5454478,686700000400000;8,655797853999999;49,242569793000001
114299;114300;08;3;17;141;2016;06;11;2;2;6;7;0;0;0;0;1;0;1;0;417896,864100000010000;5377147,382799999800000;7,887644532000000;48,542053306000000
114304;114305;08;2;22;000;2016;06;11;3;3;5;3;0;0;1;1;0;0;0;0;461781,532200000020000;5479241,336199999800000;8,472554875000000;49,464621522999998
114305;114306;08;1;11;000;2016;06;16;7;3;6;4;0;1;0;1;1;0;0;0;516005,829900000010000;5405470,195600000200000;9,217968154999999;48,802016614000003
114306;114307;08;2;22;000;2016;06;11;6;3;6;7;0;0;1;0;1;0;0;0;461853,173000000010000;5479243,987999999900000;8,473543275000001;49,464649879000000
114307;114308;08;1;16;019;2016;06;17;6;3;5;3;0;0;1;1;0;0;0;0;523390,985099999990000;5398385,944100000000000;9,318135325000000;48,738053788999999
114308;114309;08;2;22;000;2016;06;10;5;3;5;3;0;0;1;1;0;0;0;0;462068,302099999970000;5482739,933100000000000;8,476176791000000;49,496107592000001
114309;114310;08;1;17;053;2016;06;19;4;3;6;7;0;0;0;1;1;0;0;0;550154,619500000030000;5400467,564000000200000;9,682374993000000;48,755198983000000
114312;114313;08;1;19;067;2016;06;09;7;3;3;5;0;0;1;1;0;0;0;0;539048,549600000030000;5406205,317300000200000;9,531824973000001;48,807608973000001
114315;114316;08;2;37;004;2016;06;11;7;2;0;1;0;0;1;0;0;0;0;0;450449,542900000000000;5374587,286999999500000;8,328939534000000;48,522439712000001
114316;114317;08;3;11;000;2016;06;13;4;3;0;7;0;1;0;1;1;0;0;0;419327,139199999980000;5313925,655299999800000;7,919075034000000;47,973549282999997
114318;114319;08;1;27;076;2016;06;17;5;3;4;6;0;0;1;0;0;0;0;0;553566,983499999970000;5440813,209499999900000;9,734100421000001;49,117823117000000
114319;114320;08;4;16;041;2016;06;17;6;3;0;7;0;0;1;0;0;0;0;0;504636,521599999980000;5373642,531899999800000;9,062784003000001;48,515879093999999
114320;114321;08;2;12;000;2016;06;17;6;3;2;7;0;1;1;1;0;0;0;0;455748,330900000000000;5428488,505099999700000;8,394899083000000;49,007703360000001
114321;114322;08;1;11;000;2016;06;07;6;3;6;7;0;0;1;0;1;0;0;0;511672,666600000000000;5402207,787700000200000;9,158866542000000;48,772764746999997
114322;114323;08;1;36;028;2016;06;12;5;3;6;4;0;1;0;1;1;0;0;0;568463,534499999950000;5404647,321700000200000;9,932141571000001;48,791050959000003
114331;114332;08;1;18;021;2016;06;12;5;3;6;4;0;1;0;1;1;0;0;0;520959,082799999970000;5427342,597099999900000;9,286543546000001;48,998626033000001
114332;114333;08;3;16;011;2016;06;07;6;3;5;3;0;1;1;1;0;0;0;0;414918,100700000010000;5329812,567200000400000;7,856852594000000;48,115886207999999
114336;114337;08;3;17;096;2016;06;13;3;3;6;4;0;0;0;0;1;0;0;1;422798,545500000010000;5373776,902300000200000;7,954666144000000;48,512358738000003
114340;114341;08;3;35;075;2016;06;14;7;3;0;1;0;0;1;0;0;0;0;0;489033,457200000000000;5288345,857099999700000;8,853696503000000;47,748390536000002
114341;114342;08;4;21;000;2016;06;07;4;3;6;7;0;0;0;1;1;0;0;0;569819,529300000050000;5364021,859500000300000;9,943766328000001;48,425474137999998
114348;114349;08;3;11;000;2016;06;14;2;3;5;3;0;0;1;1;0;0;0;0;415158,628700000000000;5315879,586900000500000;7,862846817000000;47,990586620000002
114349;114350;08;3;11;000;2016;06;21;5;3;1;1;1;1;1;1;0;0;0;0;413326,213099999990000;5316442,105800000000000;7,838178005000000;47,995400934999999
114350;114351;08;3;17;122;2016;06;10;7;3;6;7;0;0;0;1;1;0;0;0;416566,149399999990000;5366609,716500000100000;7,871724543000000;48,447094995999997
114351;114352;08;3;35;001;2016;06;14;1;3;6;7;0;0;0;1;1;0;0;0;488893,760000000010000;5299256,849999999600000;8,851553451999999;47,846559542000001
114353;114354;08;2;16;017;2016;06;14;3;3;6;4;0;1;0;1;1;0;0;0;451416,712200000010000;5401377,788800000200000;8,338894690000000;48,763511412000000
114355;114356;08;2;22;000;2016;06;11;6;3;6;4;0;1;0;1;1;0;0;0;462392,600400000000000;5478369,331799999800000;8,481070564000000;49,456816404000001
114356;114357;08;1;11;000;2016;06;14;6;3;5;3;0;0;1;1;0;0;0;0;515015,847400000030000;5409297,410699999900000;9,204626713000000;48,836470341999998
114357;114358;08;2;15;017;2016;06;12;5;3;5;3;0;0;1;1;0;0;0;0;454682,071100000000000;5421806,012199999800000;8,381064543000001;48,947516118000003
114360;114361;08;1;17;049;2016;06;11;6;3;8;1;0;0;1;0;0;0;0;0;555024,050999999980000;5392003,957000000400000;9,747491186000000;48,678655055000000
114361;114362;08;2;35;085;2016;06;15;2;3;6;7;0;0;0;1;1;0;0;0;480678,072900000030000;5395884,722199999700000;8,737323526000001;48,715692417000000
114362;114363;08;2;21;000;2016;06;08;5;3;5;3;0;0;1;1;0;0;0;0;476827,702999999980000;5472483,838000000500000;8,680594384999999;49,404599699999999
114366;114367;08;3;17;065;2016;06;13;1;3;6;2;0;0;0;1;1;0;0;0;416010,885499999970000;5354378,724100000200000;7,866663316000000;48,337005754000003
114367;114368;08;2;12;000;2016;06;12;7;3;5;7;0;0;1;1;0;0;0;0;454254,010799999990000;5428587,774700000000000;8,374455698000000;49,008487334999998
114368;114369;08;3;11;000;2016;06;13;4;3;4;3;0;0;1;0;0;0;0;0;413503,421700000010000;5316417,183500000300000;7,840557923000000;47,995200748999999
114369;114370;08;1;11;000;2016;06;13;3;1;5;3;0;1;1;1;0;0;0;0;508688,593400000010000;5406374,252299999800000;9,118341128999999;48,810294771999999
114370;114371;08;1;25;026;2016;06;17;5;2;6;2;0;0;0;1;1;0;0;0;493113,400100000030000;5442269,998700000300000;8,905594790000000;49,133222879000002
114373;114374;08;4;36;064;2016;06;21;5;3;0;1;2;1;1;0;0;0;0;0;546130,015499999980000;5292523,329199999600000;9,615841900000000;47,784418748000000
114374;114375;08;1;16;033;2016;06;16;4;2;6;4;0;0;0;1;1;0;0;0;533835,042099999960000;5387150,817499999900000;9,459258490000000;48,636504948999999
114375;114376;08;3;11;000;2016;06;17;3;3;5;4;0;1;1;0;1;0;0;0;413717,125000000000000;5316382,548000000400000;7,843428864000000;47,994918065000000
114376;114377;08;3;17;153;2016;06;12;1;3;3;6;0;0;1;0;0;0;0;1;419697,034400000000000;5391708,935700000300000;7,909211623000000;48,673261740999997
114378;114379;08;3;11;000;2016;06;10;3;3;5;3;0;1;1;1;0;0;0;0;411774,310899999980000;5321131,766699999600000;7,816414820000000;48,037373305000003
114381;114382;08;4;35;036;2016;06;10;2;3;3;2;0;1;1;1;0;0;0;0;520990,792000000020000;5281842,205699999800000;9,279721307000001;47,689625401000001
114383;114384;08;2;31;000;2016;06;12;6;3;6;4;0;1;0;1;1;0;0;0;478478,404800000020000;5416235,496299999800000;8,706353027000001;48,898691880999998
114384;114385;08;1;18;048;2016;06;07;6;3;0;3;0;0;1;1;0;0;0;0;512237,390399999970000;5417218,411999999500000;9,167000786999999;48,907786903000002
114389;114390;08;3;17;141;2016;06;15;2;3;5;3;0;0;1;1;0;0;0;0;420529,142999999980000;5377114,073900000200000;7,923307043000000;48,542092711999999
114390;114391;08;1;11;000;2016;06;15;5;2;0;3;0;1;1;0;0;1;0;0;519774,984699999970000;5401067,845800000200000;9,269084360000001;48,762305210999997
114391;114392;08;3;35;043;2016;06;01;5;3;8;1;2;0;1;0;0;0;0;0;512924,514499999990000;5278660,311099999600000;9,172137330000000;47,661207486000002
114399;114400;08;3;15;008;2016;06;00;1;2;0;1;2;1;1;0;0;0;0;0;402645,752400000000000;5301870,808199999900000;7,698341201000000;47,862795546999997
114400;114401;08;1;18;050;2016;06;17;1;3;0;1;0;0;1;0;0;0;0;0;507769,050899999970000;5417176,836299999600000;9,106021759000001;48,907485076000000
114401;114402;08;3;11;000;2016;06;08;2;3;6;4;0;0;1;0;1;0;0;0;414910,403200000000000;5317764,970200000300000;7,859146563000000;48,007513422999999
114404;114405;08;2;12;000;2016;06;19;1;3;3;2;0;1;1;1;0;0;0;0;454284,099600000020000;5428893,611600000400000;8,374832672000000;49,011240587000003
114406;114407;08;1;35;019;2016;06;14;1;2;0;1;0;1;1;0;0;0;0;0;586743,808599999990000;5391276,602599999900000;10,178167753000000;48,668511703999997
114407;114408;08;4;36;049;2016;06;10;7;3;6;7;0;0;0;0;1;0;0;1;577800,749799999990000;5282426,283900000200000;10,036788357000001;47,690537608000000
114408;114409;08;2;26;032;2016;06;17;3;3;1;6;0;1;0;1;1;0;0;0;467163,929000000000000;5462857,010999999900000;8,548187216000001;49,317563921000001
114410;114411;08;2;26;095;2016;06;11;6;2;0;7;0;0;1;0;0;0;0;1;473917,521599999980000;5461854,752100000200000;8,641177601000001;49,308874570999997
114411;114412;08;1;16;078;2016;06;22;6;3;6;4;2;0;0;1;1;0;0;0;514158,137300000000000;5393060,470499999800000;9,192379754999999;48,690424010999998
114415;114416;08;1;36;065;2016;06;17;1;3;6;4;0;0;0;1;1;0;0;0;558145,798799999990000;5405568,790199999700000;9,791809708000001;48,800390041000000
114416;114417;08;1;36;042;2016;06;03;1;2;0;1;2;0;1;0;0;0;0;0;550225,321499999960000;5405275,813299999600000;9,683924174000000;48,798445049999998
114418;114419;08;2;26;098;2016;06;14;4;2;6;4;0;0;0;1;1;0;0;0;478045,732800000000000;5460076,370299999600000;8,698067149000000;49,293040368000000
114419;114420;08;1;11;000;2016;06;13;3;3;2;7;0;0;1;1;0;0;0;0;516980,514099999970000;5402694,119099999800000;9,231126615000001;48,777017518999997
114420;114421;08;1;19;020;2016;06;09;5;3;0;1;0;1;1;1;0;0;0;0;520860,945400000030000;5406829,166899999600000;9,284153664000000;48,814097674000003
114421;114422;08;3;26;012;2016;06;16;6;2;5;3;0;0;1;1;0;0;0;0;463179,069399999980000;5312970,189399999600000;8,506687126999999;47,968979619999999
114423;114424;08;2;26;084;2016;06;17;4;3;5;3;0;0;1;1;0;0;0;0;469833,435600000030000;5469579,129700000400000;8,584408635999999;49,378166026000002
114424;114425;08;1;19;020;2016;06;17;3;3;6;4;0;0;0;1;1;0;0;0;520205,771799999990000;5405851,927600000100000;9,275181333000001;48,805328267000000