FID;OBJECTID;ULAND;UREGBEZ;UKREIS;UGEMEINDE;UJAHR;UMONAT;USTUNDE;UWOCHENTAG;UKATEGORIE;UART;UTYP1;ULICHTVERH;IstStrasse;IstRad;IstPKW;IstFuss;IstKrad;IstGkfz;IstSonstig;LINREFX;LINREFY;XGCSWGS84;YGCSWGS84
114425;114426;08;4;25;084;2016;06;16;6;3;1;1;0;0;1;1;0;0;0;0;558177,817700000010000;5376743,912300000000000;9,788190969000000;48,541099303999999
114427;114428;08;1;11;000;2016;06;08;6;3;1;5;0;1;1;1;0;0;0;0;513337,544200000000000;5401943,686200000300000;9,181517071000000;48,770355447999997
114428;114429;08;1;36;044;2016;06;14;5;3;6;4;0;0;0;1;1;0;0;0;558486,881199999950000;5408013,487700000400000;9,796802380000001;48,822348198999997
114429;114430;08;1;11;000;2016;06;18;4;3;5;2;0;0;1;1;0;0;0;0;512096,667000000020000;5396200,155000000300000;9,164460777000000;48,718712115000002
114430;114431;08;2;35;085;2016;06;10;3;3;0;1;0;1;1;0;0;0;0;0;480775,186600000020000;5397925,566399999900000;8,738548598000000;48,734054761000003
114432;114433;08;2;22;000;2016;06;10;4;3;1;5;0;0;1;1;0;0;0;0;461567,306300000000000;5481916,675900000100000;8,469338585999999;49,488671304999997
114433;114434;08;4;15;061;2016;06;09;2;3;5;3;0;1;1;1;0;0;0;0;514508,981000000030000;5371695,375000000000000;9,196400577000000;48,498211284000000
114436;114437;08;4;35;016;2016;06;19;4;3;5;3;0;0;1;0;0;0;0;0;535820,862899999950000;5277974,969399999800000;9,477022623000000;47,654178444999999
114439;114440;08;4;21;000;2016;06;14;2;3;5;3;0;0;1;0;0;0;0;0;572217,132899999970000;5361944,122200000100000;9,975812706999999;48,406514074000000
114440;114441;08;1;21;000;2016;06;08;3;3;6;4;0;0;0;0;1;0;0;1;517164,083700000020000;5443581,317099999600000;9,235349448999999;49,144817459000002
114443;114444;08;3;36;081;2016;06;12;4;3;0;7;0;0;1;0;0;0;0;0;411949,893900000020000;5278443,866999999600000;7,827457358000000;47,653397253999998
114444;114445;08;4;21;000;2016;06;17;2;3;5;3;0;0;1;1;0;0;0;0;572488,231999999960000;5356912,059299999800000;9,978607117999999;48,361218196000003
114445;114446;08;1;11;000;2016;06;21;3;2;0;7;2;0;1;0;0;0;0;0;512353,429799999980000;5402135,344899999900000;9,168129603000001;48,772099912000002
114446;114447;08;4;15;014;2016;06;14;5;3;0;1;0;0;1;0;0;0;0;0;527138,771199999960000;5374601,836199999800000;9,367549765000000;48,523939738000003
114447;114448;08;1;18;048;2016;06;20;2;3;0;7;0;0;1;1;0;0;0;0;513382,408799999980000;5415662,795199999600000;9,182575526999999;48,893769315000000
114448;114449;08;2;12;000;2016;06;14;5;3;5;3;0;0;1;1;0;0;0;0;455524,561099999990000;5428762,756699999800000;8,391809371000001;49,010154192000002
114449;114450;08;1;35;019;2016;06;18;5;3;6;4;0;0;0;1;1;0;0;0;584173,662800000050000;5389979,206899999600000;10,143003072999999;48,657194169000000
114452;114453;08;1;17;026;2016;06;14;2;3;0;3;0;0;1;0;0;1;0;0;550344,327999999980000;5395694,194000000100000;9,684372806000001;48,712245342000003
114453;114454;08;2;26;012;2016;06;16;4;2;5;3;0;0;1;1;0;0;0;0;473569,870600000020000;5477465,606999999800000;8,635357558999999;49,449276783999998
114454;114455;08;4;25;072;2016;06;12;2;3;5;3;0;0;1;0;0;0;0;1;583018,878299999980000;5372048,021200000300000;10,123744646000000;48,496065870999999
114456;114457;08;3;27;038;2016;06;22;5;3;6;7;2;0;0;0;1;0;0;1;492998,179300000020000;5314028,432699999800000;8,906173278000001;47,979521908000002
114457;114458;08;1;16;004;2016;06;13;2;3;6;4;0;0;0;1;1;0;0;0;528322,608000000010000;5396507,133999999600000;9,385078652000001;48,720947629000001
114458;114459;08;2;25;058;2016;06;07;5;3;5;2;0;0;1;1;0;0;0;0;509108,537499999980000;5465767,215400000100000;9,125398636000000;49,344556613000002
114461;114462;08;4;17;013;2016;06;14;3;3;8;1;0;0;1;0;0;0;0;0;507583,134800000000000;5348872,161000000300000;9,102236990000000;48,293002864000002
114465;114466;08;4;15;050;2016;06;10;2;3;4;2;0;0;1;1;0;0;0;0;521206,715099999970000;5376256,063699999800000;9,287295253000000;48,539050027000002
114466;114467;08;4;15;059;2016;06;17;4;2;8;1;0;0;1;0;0;0;0;0;517317,596000000020000;5367543,998800000200000;9,234247027000000;48,460792871999999
114469;114470;08;3;17;096;2016;06;22;4;3;0;7;2;0;1;0;0;0;0;0;423145,682700000000000;5364486,301500000100000;7,961073220000000;48,428832702000001
114470;114471;08;1;16;019;2016;06;14;2;2;6;1;0;0;0;0;1;0;1;0;522669,134399999980000;5400163,612400000000000;9,308415595000000;48,754072172999997
114472;114473;08;1;18;051;2016;06;16;5;3;1;4;0;0;0;1;1;0;0;0;509271,970600000000000;5414908,584099999600000;9,126480086999999;48,887059755000003
114474;114475;08;4;16;041;2016;06;18;3;3;9;1;0;0;1;0;0;0;0;0;505237,375899999980000;5373154,463000000500000;9,070914149000000;48,511483519999999
114475;114476;08;1;21;000;2016;06;07;4;3;5;3;0;0;1;1;0;0;0;0;514860,234899999980000;5441226,417100000200000;9,203673095999999;49,123694376000003
114476;114477;08;3;35;075;2016;06;14;2;3;5;2;0;0;1;0;0;0;0;1;488044,201300000020000;5290647,152300000200000;8,840435696000000;47,769078931999999
114477;114478;08;1;15;013;2016;06;11;3;3;5;3;0;0;1;1;0;0;0;0;495602,566999999980000;5389700,849000000400000;8,940283568000000;48,660345575000001
114484;114485;08;4;21;000;2016;06;09;4;3;4;2;0;0;1;1;0;0;0;0;572273,564299999970000;5360761,912600000400000;9,976371549000000;48,395873336999998
114485;114486;08;4;16;036;2016;06;14;3;3;0;7;0;0;1;0;0;0;0;0;495205,560899999980000;5368671,447100000500000;8,935134679000001;48,471156014000002
114487;114488;08;3;27;049;2016;06;19;2;3;5;3;0;0;1;1;0;0;0;0;473159,277999999990000;5324284,861999999700000;8,639686281000000;48,071273910000002
114489;114490;08;1;16;019;2016;06;09;2;2;5;3;0;0;1;1;0;0;0;0;522338,590199999980000;5398368,661899999700000;9,303821226000000;48,737936947000001
114490;114491;08;2;26;105;2016;06;08;4;2;5;3;0;0;1;1;0;0;0;0;470363,763299999990000;5479742,461799999700000;8,590955299000001;49,469608424000000
114491;114492;08;3;36;069;2016;06;11;4;3;5;3;0;0;1;1;0;0;0;0;408553,049500000020000;5267836,872899999800000;7,784445634000000;47,557507929000003
114493;114494;08;3;35;043;2016;06;07;4;3;5;3;0;0;1;1;0;0;0;0;512474,369100000010000;5278572,417399999700000;9,166139509000001;47,660425484000001
114497;114498;08;4;21;000;2016;06;20;5;3;0;3;0;0;1;0;0;1;0;0;570868,228299999960000;5360599,197399999900000;9,957361643000001;48,394569193999999
114499;114500;08;2;26;098;2016;06;13;4;2;3;6;0;0;1;1;0;0;0;0;477837,282000000010000;5459585,648000000000000;8,695227620000001;49,288618778999997
114500;114501;08;4;15;078;2016;06;09;4;2;4;5;0;0;1;1;0;0;0;0;528724,999799999990000;5371699,786100000100000;9,388832305999999;48,497761791999999
114501;114502;08;3;17;059;2016;06;19;2;3;5;3;0;0;1;1;0;0;0;0;412989,080499999980000;5350309,430200000300000;7,826735973000000;48,299994347000002
114502;114503;08;4;35;034;2016;06;15;2;3;2;6;0;0;1;0;0;0;0;0;529767,542999999950000;5284522,090499999900000;9,396859949000000;47,713392798000001
114505;114506;08;2;22;000;2016;06;18;5;3;5;3;0;0;1;1;0;0;0;0;462847,074700000000000;5480396,732699999600000;8,487151098000000;49,475079880999999
114506;114507;08;1;19;067;2016;06;06;5;3;6;4;0;0;0;1;1;0;0;0;538178,608000000010000;5405436,004999999900000;9,519905707000000;48,800742636999999
114507;114508;08;3;17;057;2016;06;16;2;3;0;3;0;0;1;1;0;0;0;0;412940,542699999990000;5380393,365299999700000;7,819830396000000;48,570580692000000
114509;114510;08;4;37;114;2016;06;13;5;2;2;2;0;0;1;1;0;0;0;0;515722,046800000010000;5336722,978299999600000;9,211515434000001;48,183549802000002
114511;114512;08;1;15;003;2016;06;14;2;3;5;3;0;0;1;1;0;0;0;0;500286,236700000010000;5391625,317300000200000;9,003888380999999;48,677673765999998
114513;114514;08;1;27;014;2016;06;07;5;2;0;1;0;0;1;0;0;0;0;0;578126,323800000010000;5443174,805599999600000;10,071075588999999;49,136432530000000
114514;114515;08;1;15;045;2016;06;17;5;3;0;7;0;0;1;1;0;0;0;0;501186,276799999990000;5396408,221599999800000;9,016128712000000;48,720700131999997
114515;114516;08;4;16;041;2016;06;16;3;3;0;7;0;0;1;0;0;0;0;0;504289,297800000000000;5374966,445799999900000;9,058095802000000;48,527791970999999
114516;114517;08;3;17;001;2016;06;11;2;3;5;3;0;0;1;1;0;0;0;0;430974,096900000000000;5387537,662300000000000;8,063065061000000;48,637089848000002
114517;114518;08;2;26;084;2016;06;17;3;3;2;6;0;0;1;1;0;0;0;0;469144,538999999990000;5470138,220300000200000;8,574874906000000;49,383160414000002
114518;114519;08;3;17;096;2016;06;15;2;2;6;4;0;0;0;1;1;0;0;0;423472,919600000020000;5369006,965200000400000;7,964669749000000;48,469535974000003
114521;114522;08;3;11;000;2016;06;19;4;3;0;2;0;0;1;1;0;0;0;0;412925,025900000010000;5316286,883800000000000;7,832832923000000;47,993950151999996
114523;114524;08;2;15;084;2016;06;09;5;3;5;3;0;0;1;1;0;0;0;0;471461,519299999990000;5446571,497200000100000;8,608478885000000;49,171291394999997
114526;114527;08;3;35;063;2016;06;16;3;3;0;7;0;0;1;0;0;0;0;0;497939,908600000020000;5288426,714300000100000;8,972516109000001;47,749208013999997
114527;114528;08;1;18;067;2016;06;08;4;2;6;4;0;0;0;0;1;0;0;1;505622,365800000030000;5413696,971300000300000;9,076678779000000;48,876204193000000
114529;114530;08;1;11;000;2016;06;13;5;3;6;7;0;0;0;0;1;0;0;1;513155,562500000000000;5402715,309899999800000;9,179065092000000;48,777300791999998
114530;114531;08;3;35;043;2016;06;20;3;3;5;2;0;0;1;0;0;0;0;0;513038,679000000000000;5279676,058000000200000;9,173688157999999;47,670344552000003
114534;114535;08;3;11;000;2016;06;14;4;3;0;7;0;0;1;1;0;0;0;0;413342,662799999990000;5315492,805499999800000;7,838590104000000;47,986863876999998
114535;114536;08;1;11;000;2016;06;08;2;2;5;3;0;0;1;0;0;0;0;1;519189,221699999990000;5402261,424900000000000;9,261169465000000;48,773060848999997
114536;114537;08;1;35;025;2016;06;16;5;3;4;6;0;0;1;0;0;0;0;0;583666,832000000050000;5398501,120000000100000;10,137848421999999;48,733911065999997
114538;114539;08;2;22;000;2016;06;16;4;3;4;6;0;0;1;1;0;0;0;0;463031,397600000030000;5477787,048499999600000;8,489939051000000;49,451618238999998
114541;114542;08;1;16;035;2016;06;06;4;3;7;7;0;0;1;0;0;0;0;0;527691,060000000060000;5393461,875699999700000;9,376287917999999;48,693581221999999
114543;114544;08;1;16;033;2016;06;15;3;3;0;3;0;0;1;1;0;0;0;0;532695,592399999960000;5388703,489000000100000;9,443915274000000;48,650533263000000
114544;114545;08;1;25;069;2016;06;15;3;2;5;3;0;0;1;1;0;0;0;0;524705,614700000030000;5453729,543100000400000;9,339379188000001;49,235845316999999
114546;114547;08;1;11;000;2016;06;07;2;3;5;3;0;0;1;1;0;0;0;0;513612,101499999990000;5404276,860899999700000;9,185330892000000;48,791338539000002
114547;114548;08;2;21;000;2016;06;18;4;3;5;3;0;0;1;1;0;0;0;0;477130,056199999990000;5472455,823300000300000;8,684763550000000;49,404359149000001
114548;114549;08;3;35;043;2016;06;18;4;2;3;6;0;0;1;1;0;0;0;0;510908,856199999980000;5280524,268600000100000;9,145338096000000;47,678015911999999
114553;114554;08;1;16;019;2016;06;13;5;3;0;1;0;0;1;1;0;0;0;0;524504,384599999990000;5398077,021300000100000;9,333259780000001;48,735231957000003
114554;114555;08;1;11;000;2016;06;18;2;3;5;3;0;0;1;1;0;0;0;0;518304,852399999970000;5401733,610000000300000;9,249109639000000;48,768339329000000
114556;114557;08;2;15;109;2016;06;13;4;3;6;4;0;0;0;1;1;0;0;0;461069,543999999990000;5435701,446600000400000;8,466965345000000;49,072943576999997
114558;114559;08;4;37;086;2016;06;10;2;2;0;1;0;1;1;0;0;0;0;0;523816,602399999970000;5307194,195700000000000;9,318769704999999;47,917628352000001
114559;114560;08;4;26;021;2016;06;14;5;3;6;4;0;0;1;0;1;0;0;0;558717,799000000000000;5327614,365700000000000;9,788663387000000;48,099088281999997
114560;114561;08;3;35;043;2016;06;00;5;2;0;1;2;0;1;0;0;0;0;0;511938,011500000020000;5281191,502700000100000;9,159067671000001;47,684001268000003
114562;114563;08;2;26;095;2016;06;19;5;3;5;3;0;0;1;1;0;0;0;0;473618,307299999990000;5461656,899700000000000;8,637074402000000;49,307082043999998
114565;114566;08;3;17;065;2016;06;17;3;3;5;2;0;0;1;1;0;0;0;0;416141,043999999990000;5354740,035199999800000;7,868347363000000;48,340273000000003
114566;114567;08;2;31;000;2016;06;17;2;3;0;1;0;0;1;0;0;0;0;0;475499,268900000020000;5413368,481599999600000;8,665877365000000;48,872790578000000
114567;114568;08;2;22;000;2016;06;18;3;3;5;3;0;0;1;1;0;0;0;0;462486,050999999980000;5486266,556200000500000;8,481610391000000;49,527853593000003
114569;114570;08;3;11;000;2016;06;07;5;2;2;6;0;0;1;0;0;0;0;0;413406,699499999990000;5317027,219600000400000;7,839138578000000;48,000675139999998
114571;114572;08;2;26;096;2016;06;09;2;3;6;7;0;0;0;1;1;0;0;0;473606,698900000020000;5488451,736800000100000;8,635131710000000;49,548094818000003
114572;114573;08;3;11;000;2016;06;00;5;3;0;1;2;0;1;0;0;0;0;0;413804,178900000000000;5315840,639000000400000;7,844704351000000;47,990055136000002
114573;114574;08;2;12;000;2016;06;07;4;3;6;4;0;0;0;1;1;0;0;0;459224,445200000020000;5429202,488099999700000;8,442357571000001;49,014365230999999
114574;114575;08;4;25;033;2016;06;19;1;3;0;1;0;0;1;0;0;0;0;0;553811,817999999970000;5347850,334499999900000;9,725339412000000;48,281567772000002
114576;114577;08;1;19;079;2016;06;18;5;2;4;6;0;0;1;1;0;0;0;0;523356,980800000020000;5412905,018600000100000;9,318498819000000;48,868665553000000
114577;114578;08;1;11;000;2016;06;17;5;3;5;3;0;0;1;1;0;0;0;0;516698,270599999990000;5405287,903800000400000;9,227390356000001;48,800358525999997
114578;114579;08;3;15;006;2016;06;15;3;3;5;3;0;0;1;1;0;0;0;0;403950,819800000000000;5307922,826600000300000;7,714439043000000;47,917430498999998
114581;114582;08;2;12;000;2016;06;15;3;3;5;3;0;0;1;0;0;1;0;0;457276,093999999980000;5429873,179999999700000;8,415642912999999;49,020266345000003
114582;114583;08;2;12;000;2016;06;08;4;3;0;3;0;0;1;0;0;0;0;0;455468,334900000020000;5428138,796699999800000;8,391108977000000;49,004537556999999
114585;114586;08;3;37;096;2016;06;15;1;3;2;6;0;0;1;1;0;0;0;0;420191,712999999990000;5267031,531000000400000;7,939268947000000;47,551797952999998
114586;114587;08;1;36;019;2016;06;18;5;3;0;1;0;0;0;1;1;0;0;0;582810,315500000030000;5423642,955699999800000;10,131285322000000;48,960153886999997
114587;114588;08;1;17;049;2016;06;09;5;3;6;7;0;0;0;0;1;0;1;0;555956,195500000030000;5392520,815399999700000;9,760223004000000;48,683221508000003
114588;114589;08;4;26;073;2016;06;17;4;3;4;2;0;0;1;1;0;0;0;0;564171,037000000010000;5335930,831000000200000;9,863153035000000;48,173376834000003
114589;114590;08;3;11;000;2016;06;14;3;3;5;3;0;0;1;1;0;0;0;0;413200,343500000020000;5318132,189399999600000;7,836149165000000;48,010586709999998
114590;114591;08;1;15;022;2016;06;20;4;3;3;1;0;0;1;0;0;0;0;0;497961,625500000020000;5385439,464200000300000;8,972340165000000;48,622021549999999
114591;114592;08;2;22;000;2016;06;12;2;3;5;3;0;0;1;0;0;0;0;1;461689,679899999990000;5483397,076799999900000;8,470884663000000;49,501994447000001
114592;114593;08;1;21;000;2016;06;15;3;3;5;3;0;0;1;1;0;0;0;0;515652,315100000010000;5443017,876500000200000;9,214598746000000;49,139789514000000
114594;114595;08;1;36;079;2016;06;07;4;3;3;6;0;0;1;0;1;0;0;0;559888,455300000030000;5401835,330500000200000;9,814994166000000;48,766641958000001
114595;114596;08;3;25;014;2016;06;16;4;2;0;1;0;0;1;0;0;0;0;0;462696,441200000000000;5344086,669099999600000;8,497499609000000;48,248896408999997
114597;114598;08;1;11;000;2016;06;20;3;3;6;4;0;0;0;1;1;0;0;0;513241,922000000020000;5403396,584800000300000;9,180262501000000;48,783427652000000
114598;114599;08;4;35;016;2016;06;07;5;3;3;6;0;0;1;1;0;1;0;0;536239,760299999970000;5278468,408099999700000;9,482641744000000;47,658594786000002
114602;114603;08;1;11;000;2016;06;17;4;2;6;4;0;0;0;1;1;0;0;0;512355,555999999980000;5408831,272699999600000;9,168360031000001;48,832335686000000
114607;114608;08;2;15;102;2016;06;16;2;3;0;7;0;0;1;1;0;0;0;0;456712,070200000020000;5438092,771400000000000;8,407050074000001;49,094162619000002
114608;114609;08;4;36;093;2016;06;17;2;3;4;6;0;0;1;0;0;0;0;1;544615,414400000010000;5313902,677199999800000;9,597831871000000;47,976873017000003
114609;114610;08;3;25;049;2016;06;11;5;3;0;5;0;0;1;1;0;0;0;0;473329,605500000010000;5333986,428200000000000;8,641365843999999;48,158564402000003
114610;114611;08;3;17;096;2016;06;15;1;3;5;2;0;0;1;1;0;0;0;0;421193,871199999990000;5367290,557400000300000;7,934165428000000;48,453815587000001
114611;114612;08;2;26;012;2016;06;12;5;3;1;5;0;0;1;1;0;0;0;0;476108,007900000030000;5477356,742399999900000;8,670380811999999;49,448402672000000
114612;114613;08;1;19;086;2016;06;16;5;3;0;1;0;0;1;0;0;0;0;0;535494,645699999990000;5405499,696999999700000;9,483363168000000;48,801474638000002
114613;114614;08;1;15;003;2016;06;08;5;3;5;2;0;0;1;1;0;0;0;0;500779,278899999980000;5391796,306900000200000;9,010586433000000;48,679211588000001
114619;114620;08;3;15;047;2016;06;12;3;3;0;7;0;0;1;1;0;0;0;0;415765,500300000010000;5321849,619500000000000;7,869806025000000;48,044369733000003
114623;114624;08;3;11;000;2016;06;15;5;2;5;7;0;0;1;1;0;0;0;0;409669,391999999990000;5316523,841000000000000;7,789153914000000;47,995629983000001
114624;114625;08;2;37;040;2016;06;15;4;2;0;1;0;0;1;0;0;0;0;0;476429,185899999980000;5366171,964700000400000;8,681247070000000;48,448246359999999
114627;114628;08;1;18;048;2016;06;14;5;3;1;7;0;0;1;1;0;0;0;0;512741,145900000000000;5417140,790400000300000;9,173872964999999;48,907078480999999
114636;114637;08;2;16;023;2016;06;11;3;3;5;3;0;0;1;1;0;0;0;0;437299,165700000010000;5408087,423100000200000;8,145783514000000;48,822602166999999
114637;114638;08;2;31;000;2016;06;12;4;3;6;4;0;0;0;1;1;0;0;0;476781,778899999980000;5415499,080099999900000;8,683245978000000;48,892006076999998
114638;114639;08;3;11;000;2016;06;00;1;3;6;4;2;0;0;1;1;0;0;0;416477,436700000020000;5315722,929999999700000;7,880550137000000;47,989351028000002
114640;114641;08;1;16;033;2016;06;07;5;3;1;5;0;0;1;1;0;0;0;0;535723,352399999970000;5387749,581199999900000;9,484940086000000;48,641786295999999
114641;114642;08;4;16;041;2016;06;16;4;3;0;7;0;0;1;1;0;0;0;0;504198,755500000030000;5373791,901399999900000;9,056857637000000;48,517225957999997
114642;114643;08;2;15;103;2016;06;15;3;2;6;7;0;0;0;1;1;0;0;0;467493,531000000020000;5444056,223399999600000;8,554246538999999;49,148468889000000
114645;114646;08;1;17;019;2016;06;16;3;3;5;3;0;0;1;1;0;0;0;0;552221,048199999960000;5394738,462399999600000;9,709761715000001;48,703493819999998
114646;114647;08;2;36;040;2016;06;16;1;3;0;1;0;0;1;0;0;0;0;0;489331,259499999990000;5422257,632299999700000;8,854274266999999;48,953147209999997
114649;114650;08;2;26;036;2016;06;16;1;3;1;7;0;0;1;1;0;0;0;0;468518,896599999980000;5480287,247499999600000;8,565449516999999;49,474415718000003
114650;114651;08;1;25;102;2016;06;11;4;3;6;7;0;0;0;1;1;0;0;0;520876,342200000010000;5444331,260099999600000;9,286289228999999;49,151448432999999
114651;114652;08;3;17;096;2016;06;15;4;3;3;7;0;0;1;1;0;0;0;0;421542,536900000010000;5369478,751899999600000;7,938469804000000;48,473541777999998
114652;114653;08;4;36;064;2016;06;17;3;2;6;4;0;0;0;1;1;0;0;0;545139,067599999950000;5288408,002700000100000;9,602185854000000;47,747463131000004
114654;114655;08;1;15;013;2016;06;16;3;3;3;6;0;0;1;1;0;0;0;0;496917,877600000010000;5390127,213999999700000;8,958142091999999;48,664189090999997
114655;114656;08;4;21;000;2016;06;16;5;3;6;7;0;0;1;0;1;0;0;0;573212,586600000040000;5361049,763500000400000;9,989105407000000;48,398354279000003
114656;114657;08;2;26;018;2016;06;15;1;3;5;3;0;0;1;1;0;0;0;0;473524,695000000010000;5472367,170199999600000;8,635074599999999;49,403415570000000
114661;114662;08;1;19;067;2016;06;12;2;3;4;2;0;0;1;1;0;0;0;0;538254,887299999940000;5405496,226599999700000;9,520950022999999;48,801279674000000
114662;114663;08;4;37;100;2016;06;22;2;2;0;7;1;0;1;0;0;0;0;0;537497,011000000060000;5317690,011300000400000;9,502782681999999;48,011403921000003
114663;114664;08;4;26;021;2016;06;11;5;3;7;3;0;0;1;1;0;0;0;0;559185,021199999960000;5326786,197800000200000;9,794823380000000;48,091594706000002
114665;114666;08;2;21;000;2016;06;17;1;3;0;7;0;0;1;0;1;0;0;0;476569,985099999990000;5471005,131699999800000;8,677129280000001;49,391289090000001
114666;114667;08;2;36;074;2016;06;08;5;2;5;3;0;0;1;0;0;0;0;1;472364,159199999990000;5422039,088800000000000;8,622536887000001;48,950655734999998
114670;114671;08;1;19;067;2016;06;13;2;2;6;4;0;0;1;0;1;0;0;0;538613,542600000040000;5405741,028699999700000;9,525856951000000;48,803459625999999
114671;114672;08;2;21;000;2016;06;11;3;3;5;3;0;0;1;1;0;0;0;0;474432,455499999980000;5472381,696899999900000;8,647585632000000;49,403585046000003
114672;114673;08;1;19;020;2016;06;18;2;3;6;4;0;0;0;1;1;0;0;0;520203,180899999980000;5405876,672299999700000;9,275147264999999;48,805550949999997
114673;114674;08;4;26;021;2016;06;17;2;3;0;4;0;0;1;0;1;0;0;0;559337,389800000000000;5326612,307799999600000;9,796845234999999;48,090016190999997
114674;114675;08;3;11;000;2016;06;18;5;3;5;3;0;0;1;1;0;0;0;0;416440,116400000000000;5315967,761300000400000;7,880002374000000;47,991548528000003
114677;114678;08;2;15;102;2016;06;12;5;3;3;2;0;0;1;1;0;0;0;0;456854,044200000000000;5436211,462799999900000;8,409195500999999;49,077250214999999
114678;114679;08;1;15;003;2016;06;15;5;2;5;3;0;0;1;0;0;0;0;1;501281,356299999980000;5392122,339300000100000;9,017408119000001;48,682143785000001
114679;114680;08;2;31;000;2016;06;12;4;3;6;4;0;0;0;1;1;0;0;0;481770,459500000000000;5417860,035799999700000;8,751197768000001;48,913411341000000
114680;114681;08;2;16;007;2016;06;20;1;3;9;7;0;0;1;0;0;0;0;0;436561,038899999990000;5393403,040500000100000;8,137991715000000;48,690441544000002
114681;114682;08;2;22;000;2016;06;07;5;3;0;5;0;0;1;0;0;0;0;0;462018,736900000020000;5479300,563600000000000;8,475822660000000;49,465169125999999
114682;114683;08;1;19;044;2016;06;14;5;2;5;3;0;1;1;1;0;0;0;0;541920,392699999970000;5425395,706799999800000;9,572905458999999;48,980045861000001
114683;114684;08;1;11;000;2016;06;18;5;3;3;6;0;0;1;1;0;0;0;0;511105,588500000010000;5401755,896900000100000;9,151136361000001;48,768709942000001
114685;114686;08;4;36;010;2016;06;14;3;3;0;7;0;0;1;0;0;0;0;0;566591,811100000050000;5306845,750699999700000;9,891185521000001;47,911477617999999
114686;114687;08;1;18;048;2016;06;17;2;3;4;1;0;0;1;1;0;0;0;0;511603,976499999990000;5414505,947499999800000;9,158279720000000;48,883398454000002
114687;114688;08;2;15;007;2016;06;14;3;3;5;3;0;0;1;0;0;0;0;0;476670,973000000000000;5431314,968299999800000;8,680827719000000;49,034274289999999
114688;114689;08;2;26;032;2016;06;18;4;2;3;2;0;0;1;1;0;0;0;0;466375,109200000010000;5462496,730600000400000;8,537364053999999;49,314280320999998
114689;114690;08;2;16;028;2016;06;17;1;3;8;1;0;0;1;0;0;0;0;0;426803,471000000020000;5397313,413999999900000;8,004731968000000;48,724546023000002
114690;114691;08;1;16;019;2016;06;15;3;3;0;4;0;0;0;0;1;1;0;0;523284,135599999980000;5398663,926599999900000;9,316697822000000;48,740558491999998
114691;114692;08;1;25;065;2016;06;15;2;3;5;3;0;0;1;1;0;0;0;0;517071,177199999980000;5450013,845800000200000;9,234348532000000;49,202682375000002
114696;114697;08;2;12;000;2016;06;05;4;3;0;7;0;0;1;0;0;0;0;0;457896,343100000000000;5428236,468500000400000;8,424295721000000;49,005586541000000
114699;114700;08;2;35;085;2016;06;16;3;3;5;4;0;0;0;1;1;0;0;0;483206,686999999980000;5393625,242999999800000;8,771790980000001;48,695439366000002
114703;114704;08;1;21;000;2016;06;20;4;2;3;2;0;0;1;0;0;0;0;0;514071,265000000010000;5440853,390999999800000;9,192846597999999;49,120357435999999
114704;114705;08;4;35;016;2016;06;01;3;3;2;6;2;0;1;0;0;0;0;1;536474,990899999980000;5278420,760900000100000;9,485770456999999;47,658152864999998
114705;114706;08;1;36;070;2016;06;09;4;3;6;7;0;0;0;0;1;0;0;1;562366,046699999950000;5413102,086600000000000;9,850419431000001;48,867742108000002
114707;114708;08;2;22;000;2016;06;13;4;2;1;5;0;0;1;0;0;0;0;0;468061,118699999990000;5479258,396900000100000;8,559213801000000;49,465137693000003
114708;114709;08;2;21;000;2016;06;12;6;3;5;1;0;0;1;1;0;0;0;0;477298,284999999970000;5472572,839900000000000;8,687075670000001;49,405417993999997
114709;114710;08;2;12;000;2016;06;14;3;3;0;1;0;1;1;0;0;0;0;0;458386,648300000000000;5428323,609600000100000;8,430990629000000;49,006403642999999
114710;114711;08;3;35;043;2016;06;21;7;2;8;7;1;0;1;0;0;0;0;0;512875,083999999970000;5278712,606300000100000;9,171480525000000;47,661679006999996
114711;114712;08;4;37;076;2016;06;12;6;3;1;5;0;0;1;1;0;0;0;0;524867,523799999970000;5322069,375500000100000;9,333696860000000;48,051421322000003
114712;114713;08;4;26;070;2016;06;21;1;2;5;3;0;0;1;1;0;0;0;0;565641,990400000010000;5342343,923600000300000;9,883928213000001;48,230917462999997
114713;114714;08;2;16;015;2016;06;08;6;3;5;3;0;0;1;1;0;0;0;0;450884,421800000010000;5405152,899199999900000;8,331200944000001;48,797428066999998
114714;114715;08;1;19;020;2016;06;13;4;3;2;6;0;0;1;1;0;0;0;0;520103,404800000020000;5406558,613599999800000;9,273821830999999;48,811688801999999
114715;114716;08;4;17;002;2016;06;00;3;3;3;1;2;0;1;1;0;0;0;0;488873,204099999970000;5345342,321499999600000;8,850079910000000;48,261193491000000
114716;114717;08;1;19;020;2016;06;07;2;3;0;3;0;0;1;0;0;0;0;1;519364,729799999970000;5410453,524299999700000;9,263944661000000;48,846750055999998
114718;114719;08;4;35;005;2016;06;19;6;3;3;2;0;0;1;1;0;0;0;0;525956,888000000040000;5285682,790000000000000;9,346126606000000;47,724000597000000