FID;OBJECTID;ULAND;UREGBEZ;UKREIS;UGEMEINDE;UJAHR;UMONAT;USTUNDE;UWOCHENTAG;UKATEGORIE;UART;UTYP1;ULICHTVERH;IstStrasse;IstRad;IstPKW;IstFuss;IstKrad;IstGkfz;IstSonstig;LINREFX;LINREFY;XGCSWGS84;YGCSWGS84
114719;114720;08;4;16;041;2016;06;22;1;3;0;7;2;0;1;0;0;0;0;0;504220,081899999990000;5374363,369900000300000;9,057152213000000;48,522366953999999
114721;114722;08;4;37;078;2016;06;19;6;2;5;3;0;0;1;0;0;1;0;0;507860,200399999970000;5315095,020899999900000;9,105348801000000;47,989108240000000
114722;114723;08;3;15;008;2016;06;14;7;3;5;2;0;1;1;1;0;0;0;0;402670,607000000020000;5301156,443000000000000;7,698834248000000;47,856373538000000
114723;114724;08;2;12;000;2016;06;07;3;3;1;5;0;0;1;1;0;0;0;0;460625,204800000010000;5424642,287499999600000;8,461955264000000;48,973436169000003
114725;114726;08;4;26;021;2016;06;08;2;2;5;3;0;0;1;1;0;0;0;0;557532,676199999990000;5327710,109799999700000;9,772759931000000;48,100057749999998
114726;114727;08;2;16;007;2016;06;16;6;3;0;6;0;0;1;0;0;0;0;1;436253,696100000000000;5394079,550499999900000;8,133711639000000;48,696495476999999
114727;114728;08;1;16;020;2016;06;12;4;3;5;2;0;0;1;0;0;1;0;0;527426,986700000010000;5380533,114699999800000;9,371843836000000;48,577285775000000
114729;114730;08;1;19;020;2016;06;10;2;3;3;2;0;0;1;1;0;0;0;0;520195,647600000030000;5406836,319100000000000;9,275091891000001;48,814183995999997
114732;114733;08;4;16;041;2016;06;17;1;3;0;7;0;0;1;0;0;0;0;0;502109,547100000030000;5374163,419700000400000;9,028568412000000;48,520578770999997
114734;114735;08;3;11;000;2016;06;13;4;3;5;3;0;0;1;1;0;0;0;0;410022,786199999970000;5316803,661899999700000;7,793831261000000;47,998196857000003
114739;114740;08;4;35;053;2016;06;17;3;3;5;3;0;0;1;1;0;0;0;0;508972,831499999970000;5292548,551900000300000;9,119792466000000;47,786235249000001
114740;114741;08;3;11;000;2016;06;16;3;3;1;5;0;0;1;1;0;0;0;0;413803,776300000030000;5315836,872600000400000;7,844699712000000;47,990021202000001
114742;114743;08;2;26;059;2016;06;06;2;3;5;3;0;0;1;1;0;0;0;0;464936,030199999980000;5459328,648500000100000;8,517842956999999;49,285703013999999
114743;114744;08;4;15;087;2016;06;15;6;3;5;3;0;0;1;1;0;0;0;0;514253,517400000010000;5382364,775999999600000;9,193307724000000;48,594202021999997
114744;114745;08;4;15;061;2016;06;15;1;2;5;3;0;0;1;0;0;0;0;0;514078,639499999990000;5370804,200899999600000;9,190545256000000;48,490203751999999
114745;114746;08;1;26;066;2016;06;12;7;3;6;7;0;0;0;1;1;0;0;0;536123,111099999980000;5448787,048800000000000;9,495770488000000;49,190820633999998
114747;114748;08;2;12;000;2016;06;07;6;3;1;5;0;0;1;0;0;0;0;1;453083,575399999970000;5427766,312699999700000;8,358546768000000;49,001010374000003
114748;114749;08;2;16;043;2016;06;16;3;2;3;6;0;0;1;1;0;0;0;0;443406,956799999990000;5412745,594600000400000;8,228342337999999;48,865089150999999
114750;114751;08;2;26;084;2016;06;13;3;3;5;3;0;0;1;0;0;0;0;1;469291,799300000010000;5469958,278500000000000;8,576917689000000;49,381549321000001
114751;114752;08;1;18;063;2016;06;11;3;3;6;4;0;0;0;1;1;0;0;0;515029,683699999990000;5423009,845200000300000;9,205319857999999;48,959823209000000
114752;114753;08;2;21;000;2016;06;16;3;3;5;5;0;1;1;1;0;0;0;0;477788,613699999990000;5472635,657999999800000;8,693830827999999;49,406001127000003
114753;114754;08;2;25;009;2016;06;07;2;3;0;7;0;0;0;1;1;0;0;0;519494,929400000020000;5468951,863900000200000;9,268544408000000;49,372958822000001
114754;114755;08;4;16;041;2016;06;15;6;3;3;6;0;0;1;0;0;0;0;1;504093,433900000000000;5373012,828099999600000;9,055423776000000;48,510217818000001
114757;114758;08;2;12;000;2016;06;00;6;3;5;3;2;0;1;1;0;0;0;0;454575,062800000010000;5426691,849899999800000;8,379057631000000;48,991457042000000
114759;114760;08;3;27;046;2016;06;17;7;2;6;7;0;0;0;1;1;0;0;0;480571,800300000000000;5324423,248499999800000;8,739185484000000;48,072787906999999
114762;114763;08;3;26;012;2016;06;19;1;3;3;6;0;0;1;0;0;0;1;0;461980,805999999980000;5310982,970999999900000;8,490809616000000;47,951030756999998
114763;114764;08;2;12;000;2016;06;20;6;3;5;3;0;0;1;1;0;0;0;0;456839,222699999980000;5428988,070299999800000;8,409762069999999;49,012274269999999
114766;114767;08;3;37;116;2016;06;17;6;2;4;3;0;0;1;1;0;0;0;0;418511,370200000000000;5272451,198499999900000;7,915933615000000;47,600345898999997
114768;114769;08;1;16;078;2016;06;17;7;3;6;3;0;0;0;1;1;0;0;0;509376,505599999970000;5394502,034900000300000;9,127440225999999;48,703482596000001
114771;114772;08;4;21;000;2016;06;15;3;3;5;3;0;0;1;1;0;0;0;0;571959,062599999950000;5359949,888000000300000;9,971984322000001;48,388604927000003
114772;114773;08;1;27;103;2016;06;20;4;2;5;3;0;0;1;1;0;0;0;0;572431,558899999950000;5433552,537300000000000;9,991290918000001;49,050586496999998
114774;114775;08;3;35;022;2016;06;07;6;3;5;3;0;0;1;1;0;0;0;0;482463,362199999970000;5296944,868800000300000;8,765698713999999;47,825614492000000
114776;114777;08;3;11;000;2016;06;15;7;3;4;7;0;1;1;1;0;0;0;0;413770,782400000030000;5315994,430599999600000;7,844225934000000;47,991434046000002
114778;114779;08;3;17;096;2016;06;01;1;3;9;7;2;0;1;0;0;0;0;0;421737,875799999980000;5369282,830400000300000;7,941148943000000;48,471803825999999
114779;114780;08;4;15;050;2016;06;20;2;2;6;6;0;0;0;1;1;0;0;0;520657,681099999990000;5376897,456399999600000;9,279889190000001;48,544838462000001
114780;114781;08;1;36;019;2016;06;15;6;3;5;3;0;0;1;1;0;0;0;0;582549,255000000000000;5423405,719800000100000;10,127671549000000;48,958055119000001
114783;114784;08;1;18;048;2016;06;11;2;3;0;3;0;0;1;1;0;0;0;0;513879,337799999980000;5415934,717000000200000;9,189364305000000;48,896204517999998
114784;114785;08;2;22;000;2016;06;21;2;3;5;3;0;0;1;1;0;0;0;0;463248,191400000010000;5480532,213399999800000;8,492675187000000;49,476322879999998
114785;114786;08;3;35;043;2016;06;13;6;3;3;5;0;0;1;1;0;0;0;0;512811,408000000000000;5279904,713299999900000;9,170667404000000;47,672406459000001
114786;114787;08;1;18;049;2016;06;12;2;3;6;7;0;0;0;0;1;0;0;1;519120,172000000020000;5420160,569600000000000;9,261065556000000;48,934079257999997
114787;114788;08;2;15;009;2016;06;21;2;3;6;4;1;0;0;1;1;0;0;0;470156,152699999980000;5441378,888000000300000;8,590955636000000;49,124520967999999
114788;114789;08;3;35;043;2016;06;12;6;3;2;6;0;0;1;0;0;0;1;0;512846,954499999990000;5279133,741100000200000;9,171118259000000;47,665468801000003
114789;114790;08;3;11;000;2016;06;03;1;3;6;6;2;0;0;1;1;0;0;0;413703,491600000010000;5316735,689100000100000;7,843175139000000;47,998092855000003
114791;114792;08;3;15;015;2016;06;16;4;3;5;2;0;0;1;0;0;0;0;0;394695,768300000000000;5319938,285899999600000;7,587658591000000;48,024050283999998
114794;114795;08;4;35;029;2016;06;12;3;3;8;1;0;0;1;0;0;0;0;0;544512,386599999970000;5270802,667799999900000;9,592031926000001;47,589107491999997
114797;114798;08;2;22;000;2016;06;13;3;3;4;1;0;0;1;1;0;0;0;0;462308,137999999980000;5478975,821399999800000;8,479847416000000;49,462266255999999
114801;114802;08;2;35;065;2016;06;16;1;3;6;2;0;0;0;1;1;0;0;0;474578,847400000030000;5404380,135900000100000;8,653882992000000;48,791896930000000
114802;114803;08;1;19;041;2016;06;03;7;2;9;1;2;1;1;0;0;0;0;0;528030,861299999990000;5411069,360600000200000;9,382105382000001;48,851958990000000
114805;114806;08;2;12;000;2016;06;14;7;3;5;3;0;0;1;1;0;0;0;0;459930,239400000020000;5427143,322599999600000;8,452212684999999;48,995888874000002
114806;114807;08;3;11;000;2016;06;13;4;3;0;7;0;0;1;0;1;0;0;0;415202,461699999990000;5318099,097400000300000;7,862995517000000;48,010557847999998
114807;114808;08;4;15;050;2016;06;07;2;3;0;7;0;0;1;0;0;0;0;0;521471,266999999990000;5378235,297899999700000;9,290981252000000;48,556846632999999
114808;114809;08;1;36;088;2016;06;17;6;3;5;3;0;0;1;1;0;0;0;0;578244,797999999950000;5409293,315000000400000;10,066178160000000;48,831684863000000
114810;114811;08;2;22;000;2016;06;16;3;3;5;3;0;0;1;1;0;0;0;0;464378,119000000010000;5484523,451999999600000;8,507912400000000;49,512289473999999
114811;114812;08;1;18;067;2016;06;10;2;2;6;4;0;0;0;1;1;0;0;0;506088,534400000000000;5413459,309799999900000;9,083032920000001;48,874061834000003
114814;114815;08;1;36;065;2016;06;18;4;3;3;2;0;0;0;1;1;0;0;0;559812,206200000020000;5405195,590599999800000;9,814445563000000;48,796874996000000
114815;114816;08;1;35;016;2016;06;18;6;2;5;3;0;0;1;1;0;0;0;0;591624,055799999970000;5386848,509700000300000;10,243456438999999;48,627988324000000
114817;114818;08;1;28;115;2016;06;14;6;3;5;3;0;0;1;1;0;0;0;0;547480,518099999990000;5496601,998300000100000;9,657352262000000;49,620112917000000
114818;114819;08;1;19;055;2016;06;19;3;3;4;6;0;0;1;0;0;0;0;0;543803,030799999950000;5404575,076200000000000;9,596401665000000;48,792627306999997
114822;114823;08;1;16;016;2016;06;17;7;2;0;1;0;1;1;0;0;0;0;0;533131,572900000030000;5384539,672899999700000;9,449501642000000;48,613052955999997
114825;114826;08;4;21;000;2016;06;19;3;3;8;1;0;0;1;0;0;0;0;0;573404,385499999970000;5362083,408699999600000;9,991876993000000;48,407629825000001
114827;114828;08;3;17;151;2016;06;18;6;2;5;3;0;0;1;1;0;0;0;0;411834,239500000030000;5365286,308000000200000;7,808027553000000;48,434546460999996
114828;114829;08;2;26;041;2016;06;14;1;3;5;6;0;0;1;0;1;0;0;0;476028,672199999970000;5466158,902300000200000;8,669961942000001;49,347676726000003
114831;114832;08;3;36;081;2016;06;07;2;3;6;7;0;0;0;0;1;0;0;1;412027,484899999980000;5277796,770399999800000;7,828620588000000;47,647586621000002
114832;114833;08;3;17;065;2016;06;12;6;3;4;6;0;0;1;0;0;0;0;0;413893,259499999990000;5354109,670099999800000;7,838149411000000;48,334300605000003
114833;114834;08;3;36;069;2016;06;12;2;3;5;3;0;0;1;1;0;0;0;0;408297,274299999990000;5267783,904400000300000;7,781057599000000;47,556995354000001
114834;114835;08;1;27;076;2016;06;20;6;3;3;2;0;0;1;1;0;0;0;0;555123,667099999960000;5440039,218899999700000;9,755326122000000;49,110723725000000
114837;114838;08;1;16;033;2016;06;13;2;3;5;2;0;0;1;1;0;0;0;0;533361,679600000030000;5387719,425200000400000;9,452879322999999;48,641645527000001
114838;114839;08;1;15;045;2016;06;18;2;3;5;3;0;0;1;1;0;0;0;0;501946,347000000010000;5394639,922299999700000;9,026454343999999;48,704790484999997
114840;114841;08;2;15;109;2016;06;12;1;3;0;1;0;1;1;0;0;0;0;0;458881,826599999970000;5438029,941700000300000;8,436775838000001;49,093746297000003
114841;114842;08;2;21;000;2016;06;16;7;3;5;7;0;1;1;1;0;0;0;0;474287,790299999990000;5472308,792799999900000;8,645596376000000;49,402923192999999
114842;114843;08;3;11;000;2016;06;08;4;3;1;5;0;0;1;1;0;0;0;0;410016,683599999990000;5316782,499499999900000;7,793753911000000;47,998005638000002
114844;114845;08;1;21;000;2016;06;16;6;3;6;4;0;0;0;1;1;0;0;0;514078,612000000020000;5442347,532499999700000;9,192999445000000;49,133797618000003
114849;114850;08;1;16;019;2016;06;07;2;3;6;7;0;0;0;0;1;0;0;1;520387,360700000020000;5399438,412800000000000;9,277336354999999;48,747627246000000
114852;114853;08;1;18;003;2016;06;10;1;2;0;1;0;0;1;0;0;0;0;0;510704,251099999990000;5417325,525799999900000;9,146081281000001;48,908778867999999
114855;114856;08;1;21;000;2016;06;15;6;3;4;2;0;0;1;1;0;0;0;0;515897,369400000030000;5442018,435899999900000;9,217919087000000;49,130792913000001
114859;114860;08;3;17;011;2016;06;07;6;2;6;4;0;0;0;1;1;0;0;0;428010,923200000020000;5354642,975700000300000;8,028518669000000;48,340864140000001
114860;114861;08;1;36;019;2016;06;16;1;2;0;1;0;0;1;0;0;0;0;0;583021,780799999950000;5423898,633000000400000;10,134225742000000;48,962425062000001
114861;114862;08;1;15;045;2016;06;12;7;3;0;7;0;0;1;1;0;0;0;0;500288,481700000000000;5394993,752299999800000;9,003921231000000;48,707976537000000
114864;114865;08;1;36;050;2016;06;17;2;3;3;2;0;0;1;1;0;0;0;0;582287,291600000000000;5404354,448099999700000;10,120261074000000;48,786741208000002
114866;114867;08;1;25;065;2016;06;13;1;3;0;1;0;0;1;0;0;0;0;0;517290,993800000000000;5451243,356700000400000;9,237419039000001;49,213735925999998
114867;114868;08;1;18;021;2016;06;14;7;3;1;5;0;0;1;1;0;0;0;0;521471,145299999970000;5428188,906499999600000;9,293588894999999;49,006221406000002
114868;114869;08;2;22;000;2016;06;18;4;3;5;3;0;0;1;1;0;0;0;0;466555,528600000020000;5474123,176400000200000;8,538869297000000;49,418867222000003
114869;114870;08;1;18;048;2016;06;09;6;3;3;2;0;0;1;1;0;0;0;0;513506,603400000020000;5415704,333999999800000;9,184271272000000;48,894140292000003
114871;114872;08;3;27;050;2016;06;11;7;3;6;2;0;0;0;1;1;0;0;0;486054,895000000020000;5314460,713200000100000;8,813117310000001;47,983297526999998
114874;114875;08;1;15;028;2016;06;11;6;2;6;4;0;0;0;1;1;0;0;0;501096,354999999980000;5404767,501500000200000;9,014928395000000;48,795900338999999
114875;114876;08;1;19;075;2016;06;15;4;3;6;1;0;0;1;0;1;0;0;0;536620,991500000000000;5427836,483900000300000;9,500704213000001;49,002338254000001
114878;114879;08;4;26;021;2016;06;07;3;3;0;3;0;0;1;0;0;1;0;0;559615,382800000020000;5326687,610700000100000;9,800588556999999;48,090667682000003
114879;114880;08;2;25;014;2016;06;14;4;2;5;3;0;0;1;1;0;0;0;0;523689,978500000030000;5485463,106599999600000;9,327317923000001;49,521324983000000
114883;114884;08;3;15;076;2016;06;18;6;3;0;1;0;0;1;0;0;0;0;0;392261,483699999980000;5296906,381500000100000;7,560778979000000;47,816484799999998
114885;114886;08;3;11;000;2016;06;16;7;3;1;5;0;0;1;1;0;0;0;0;414894,531100000020000;5316766,228699999900000;7,859131943000000;47,998527234000001
114886;114887;08;3;36;050;2016;06;09;6;2;5;3;0;0;1;0;0;1;0;0;400001,683900000000000;5274594,250300000400000;7,669267141000000;47,617032481999999
114888;114889;08;1;16;019;2016;06;19;6;3;5;3;0;0;0;1;1;0;0;0;525239,275400000040000;5397271,085300000400000;9,343204767000000;48,727952520000002
114889;114890;08;1;16;071;2016;06;07;4;2;5;3;0;0;1;1;0;0;0;0;528083,183800000000000;5391695,807500000100000;9,381496263000001;48,677676306000002
114891;114892;08;1;15;003;2016;06;21;2;3;6;7;0;0;0;1;1;0;0;0;501022,579000000030000;5392399,303999999500000;9,013893135000000;48,684635868000001
114893;114894;08;3;11;000;2016;06;22;6;3;0;1;2;0;1;0;0;0;0;0;413708,426500000000000;5317469,503300000000000;7,843093678000000;48,004694436000001
114894;114895;08;1;18;073;2016;06;17;1;2;0;1;0;0;1;0;0;0;0;0;497337,267300000010000;5420609,094200000200000;8,963640100999999;48,938403768000001
114896;114897;08;1;15;003;2016;06;21;2;3;0;1;1;0;1;0;0;0;0;0;501277,627099999980000;5392112,732099999700000;9,017357426000000;48,682057364999999
114899;114900;08;1;18;049;2016;06;17;1;2;0;1;0;0;1;0;0;0;0;0;517062,288899999990000;5419461,038099999500000;9,232938339000000;48,927846690000003
114900;114901;08;2;36;040;2016;06;14;7;3;6;4;0;0;0;0;1;0;0;1;488455,610800000020000;5421658,254099999600000;8,842330702000000;48,947739677999998
114903;114904;08;1;16;019;2016;06;22;6;2;4;6;2;0;1;1;0;0;0;0;522834,145000000020000;5399427,583999999800000;9,310619729000001;48,747444924000000
114904;114905;08;4;35;030;2016;06;18;3;3;5;3;0;0;1;1;0;0;0;0;539823,372399999990000;5272604,656299999900000;9,529832794000001;47,605625689000000
114906;114907;08;1;11;000;2016;06;13;2;2;5;3;0;0;1;1;0;0;0;0;509660,771200000020000;5396459,341000000000000;9,131349620000000;48,721086270000001
114907;114908;08;4;21;000;2016;06;13;2;2;5;3;0;0;1;1;0;0;0;0;575044,277000000000000;5364647,478900000500000;10,014491316999999;48,430500801000001
114908;114909;08;2;12;000;2016;06;15;6;3;5;3;0;0;1;1;0;0;0;0;452485,109500000020000;5431186,931800000400000;8,349964407000000;49,031733105000001
114910;114911;08;1;21;000;2016;06;12;7;3;5;3;0;0;1;1;0;0;0;0;516433,778600000020000;5442930,918100000400000;9,225309255000001;49,138986883999998
114911;114912;08;2;36;076;2016;06;12;4;3;5;3;0;0;1;1;0;0;0;0;471519,008399999990000;5423855,226599999700000;8,610866634000001;48,966954405000003
114912;114913;08;1;11;000;2016;06;15;6;3;5;3;0;0;1;1;0;0;0;0;511965,991900000020000;5402535,639100000300000;9,162868261000000;48,775708504000001
114913;114914;08;1;15;045;2016;06;21;3;3;0;1;0;0;1;0;0;0;0;0;500178,707999999980000;5395374,974600000300000;9,002429279999999;48,711406082000003
114915;114916;08;3;25;049;2016;06;11;2;3;3;2;0;0;1;1;0;0;0;0;473075,097200000020000;5334316,692900000100000;8,637922658999999;48,161524984000003
114916;114917;08;1;11;000;2016;06;20;6;3;5;2;0;0;1;1;0;0;0;0;511994,572500000010000;5401968,326999999600000;9,163240721999999;48,770604450999997
114917;114918;08;1;11;000;2016;06;07;3;3;5;2;0;0;1;1;0;0;0;0;512941,228100000010000;5409616,151700000300000;9,176365297000000;48,839384394000000
114920;114921;08;2;12;000;2016;06;13;6;3;6;4;0;0;0;1;1;0;0;0;455376,376600000020000;5428774,345599999700000;8,389781830000000;49,010247737000000
114922;114923;08;2;15;101;2016;06;22;4;3;5;3;1;0;1;1;0;0;0;0;464805,916600000000000;5428003,585900000300000;8,518790115000000;49,003924396000002
114923;114924;08;1;11;000;2016;06;16;6;2;8;1;0;0;1;0;0;0;0;0;514910,840800000010000;5402447,374800000300000;9,202946952000000;48,774850876999999
114930;114931;08;1;15;024;2016;06;17;1;3;8;1;0;0;1;0;0;0;0;0;501235,711899999990000;5388162,169800000300000;9,016776180000001;48,646517627000001
114931;114932;08;1;11;000;2016;06;11;7;3;1;5;0;0;1;1;0;0;0;0;515891,527699999980000;5399367,477400000200000;9,216175758000000;48,747120068000001
114935;114936;08;1;11;000;2016;06;21;2;3;6;7;2;0;0;1;1;0;0;0;514260,295600000010000;5406136,888000000300000;9,194220695000000;48,808056590000000
114937;114938;08;1;15;048;2016;06;12;1;3;0;1;0;0;1;0;0;0;0;0;509621,128900000010000;5387325,336699999900000;9,130598043000001;48,638916512999998
114938;114939;08;3;11;000;2016;06;10;7;3;6;4;0;0;1;0;1;0;0;0;414080,486800000010000;5315948,759700000300000;7,848385331000000;47,991064907000002
114939;114940;08;2;22;000;2016;06;09;6;3;5;7;0;0;1;1;0;0;0;0;467186,036199999970000;5484396,312800000400000;8,546710749000001;49,511304389000003
114943;114944;08;1;11;000;2016;06;11;4;3;6;7;0;0;0;1;1;0;0;0;512719,021799999990000;5402377,760700000500000;9,173112766999999;48,774273301999997
114945;114946;08;3;11;000;2016;06;16;2;3;6;3;0;0;1;0;1;0;0;0;413608,934499999970000;5316288,911299999800000;7,841997790000000;47,994061160000001
114946;114947;08;4;36;079;2016;06;17;5;3;0;7;0;0;1;1;0;0;0;0;553536,664800000030000;5289293,950100000000000;9,714316295000000;47,754791435000001
114947;114948;08;1;18;048;2016;06;09;4;3;3;3;0;0;1;1;0;0;0;0;513690,722499999970000;5415704,585599999900000;9,186783212000000;48,894138513999998
114948;114949;08;3;27;050;2016;06;17;3;2;5;3;0;0;1;0;0;0;1;0;485917,705399999980000;5314174,257000000200000;8,811288193999999;47,980717227000000
114950;114951;08;1;21;000;2016;06;20;2;2;5;3;0;0;1;1;0;0;0;0;516312,542000000020000;5443960,241000000400000;9,223688770000001;49,148249208000003
114953;114954;08;2;26;085;2016;06;15;7;3;0;3;0;0;0;1;1;0;0;0;492986,399800000010000;5455706,585799999500000;8,903619274000000;49,254087581000000
114955;114956;08;2;12;000;2016;06;06;2;1;5;3;0;0;1;0;0;0;1;0;452187,572999999970000;5429159,399000000200000;8,346133163999999;49,013472458999999
114956;114957;08;4;35;005;2016;06;12;5;3;7;7;0;0;1;0;0;0;0;0;524695,922400000040000;5285813,985700000100000;9,329319776000000;47,725230508000003
114958;114959;08;2;12;000;2016;07;18;2;3;5;3;0;0;1;1;0;0;0;0;452071,334700000010000;5426962,154600000000000;8,344802976000000;48,993699178999996
114960;114961;08;2;12;000;2016;07;10;6;2;6;4;0;0;1;0;1;0;0;0;454288,447300000000000;5428872,029900000400000;8,374894554000001;49,011046780999997
114963;114964;08;3;26;074;2016;07;12;6;3;5;3;0;0;1;1;0;0;0;0;465956,879699999990000;5323408,656499999600000;8,543072880000000;48,063047019999999
114964;114965;08;3;36;050;2016;06;13;5;2;6;4;0;0;0;1;1;0;0;0;399389,134399999980000;5273704,934999999600000;7,661322105000000;47,608937955000002
114965;114966;08;3;35;079;2016;07;08;3;2;0;7;0;0;1;0;0;0;0;0;500750,186700000020000;5299843,557199999700000;9,010028067000000;47,851933926000001
114970;114971;08;4;37;078;2016;07;18;6;2;7;1;0;0;1;0;0;0;0;0;508366,420999999970000;5315648,628399999800000;9,112144360000000;47,994082724999998
114972;114973;08;3;17;089;2016;07;19;6;2;4;6;0;0;1;0;0;0;0;1;429167,139900000010000;5378613,423499999600000;8,040063762000001;48,556614359999998
114973;114974;08;2;12;000;2016;06;13;5;3;5;2;0;0;1;1;0;0;0;0;456730,705299999970000;5428851,564500000300000;8,408292694000000;49,011038784000000
114974;114975;08;3;36;050;2016;07;15;3;3;6;4;0;0;0;1;1;0;0;0;399529,641799999980000;5273659,809299999800000;7,663201446000000;47,608553831999998
114975;114976;08;3;17;065;2016;07;13;6;2;5;3;0;0;1;0;0;0;1;0;414709,751800000030000;5354201,318799999500000;7,849145583000000;48,335235711999999
114977;114978;08;3;16;056;2016;07;17;3;3;3;2;0;0;1;1;0;0;0;0;422729,731700000000000;5327428,271300000100000;7,962221605000000;48,095434161999997
114980;114981;08;1;27;076;2016;07;19;6;3;4;6;0;0;1;0;0;0;0;0;553631,809000000010000;5440402,426000000000000;9,734934144000000;49,114122592999998
114981;114982;08;1;15;041;2016;07;00;1;3;6;4;2;0;0;1;1;0;0;0;495173,023200000000000;5401924,040599999900000;8,934307426000000;48,770302933000004
114982;114983;08;4;26;097;2016;07;14;6;2;6;3;0;0;0;1;1;0;0;0;535981,631999999980000;5332937,446399999800000;9,483748696999999;48,148668276000002
114983;114984;08;2;26;084;2016;06;15;5;2;0;1;0;0;1;0;0;0;0;0;469077,931400000000000;5469995,985200000000000;8,573968277000001;49,381877664000001
114984;114985;08;2;37;002;2016;07;12;3;3;6;6;0;0;1;0;1;0;0;0;455206,270499999980000;5354701,206700000000000;8,395481749000000;48,343901961000000
114985;114986;08;2;12;000;2016;07;17;2;3;5;3;0;0;1;0;0;0;0;1;455885,138500000000000;5427612,723899999600000;8,396864837000001;48,999835404999999
114991;114992;08;1;11;000;2016;07;16;2;3;6;7;0;0;0;1;1;0;0;0;512300,278999999980000;5408819,220300000200000;9,167606454000000;48,832228362000002
114992;114993;08;2;22;000;2016;07;16;3;3;5;3;0;0;1;1;0;0;0;0;464092,194900000000000;5486196,502299999800000;8,503810505000001;49,527320801000002
114994;114995;08;4;15;059;2016;07;17;6;2;0;1;0;1;1;0;0;0;0;0;517250,672399999980000;5365081,352699999700000;9,233240308999999;48,438639748000000
114995;114996;08;1;21;000;2016;07;16;3;3;5;3;0;0;1;1;0;1;0;0;515964,633500000000000;5443879,090200000400000;9,218914829999999;49,147528373999997
114996;114997;08;2;26;098;2016;06;08;5;3;4;6;0;0;1;0;0;0;0;0;477700,237000000020000;5460354,190999999600000;8,693300177999999;49,295526860000003
115001;115002;08;1;11;000;2016;07;12;2;3;5;3;0;0;1;1;0;0;0;0;513387,321000000000000;5402516,770999999700000;9,182213159000000;48,775509808000002
115002;115003;08;3;16;056;2016;07;19;6;2;4;6;0;0;1;1;0;0;0;0;420341,441200000000000;5326450,371500000400000;7,930333841000000;48,086343368000001
115004;115005;08;2;22;000;2016;06;18;5;3;0;5;0;0;1;1;0;0;0;0;465045,264000000020000;5483903,871100000100000;8,517182974000001;49,506755484000003
115005;115006;08;1;19;020;2016;07;17;3;3;6;7;0;0;0;1;1;0;0;0;520353,402999999990000;5406258,104000000300000;9,277212028999999;48,808977337000002
115006;115007;08;2;16;015;2016;06;15;5;3;6;2;0;0;0;1;1;0;0;0;450051,606600000000000;5406210,517500000100000;8,319732804999999;48,806875298999998
115007;115008;08;2;16;041;2016;07;19;2;2;8;1;0;0;1;0;0;0;0;0;434220,934000000010000;5391551,826999999600000;8,106492950000000;48,673547558000003
115008;115009;08;3;17;145;2016;07;11;2;2;0;1;0;0;1;0;0;0;0;0;442608,982499999980000;5349806,107200000400000;8,226154534999999;48,298847336000001
115010;115011;08;4;35;034;2016;07;17;7;2;5;3;0;1;1;1;0;0;0;0;530145,084599999940000;5284338,928200000000000;9,401880523999999;47,711727293000003
115011;115012;08;1;11;000;2016;07;19;2;3;5;3;0;0;1;1;0;0;0;0;513958,732000000020000;5403401,906999999700000;9,190020573000000;48,783459856000000
115012;115013;08;3;16;043;2016;07;15;6;2;0;7;0;0;1;0;0;0;0;0;412183,204299999980000;5330937,149500000300000;7,819883203000000;48,125630581999999
115014;115015;08;3;26;027;2016;07;17;3;3;0;1;0;0;1;0;0;0;0;0;462187,480300000000000;5308146,557000000000000;8,493826644000000;47,925523968999997
115015;115016;08;4;35;016;2016;07;16;2;2;3;6;0;0;1;1;0;0;0;0;531353,554099999950000;5279988,514999999700000;9,417678185000000;47,672527193000001
115016;115017;08;1;11;000;2016;07;12;2;3;6;4;0;0;0;1;1;0;0;0;511838,134000000020000;5406403,960000000000000;9,161239477000001;48,810509998999997
115017;115018;08;2;16;015;2016;07;12;3;3;6;7;0;0;0;1;1;0;0;0;449993,730600000010000;5405885,740799999800000;8,318984187000000;48,803949185000000
115018;115019;08;4;36;082;2016;07;19;2;3;0;1;0;0;1;0;0;0;0;0;546852,902800000040000;5293963,057900000400000;9,625647407000001;47,797319776000002
115020;115021;08;3;15;006;2016;07;14;2;3;5;3;0;0;1;1;0;0;0;0;401942,161299999980000;5310500,354399999600000;7,686974765000000;47,940311121999997
115021;115022;08;1;19;020;2016;07;12;6;3;3;2;0;0;1;0;0;0;0;0;519850,339700000010000;5408924,531700000200000;9,270489461000000;48,832980251999999
115023;115024;08;3;15;113;2016;07;15;6;3;1;5;0;0;1;1;0;0;0;0;440981,289800000030000;5307361,064500000300000;8,210082682000000;47,916855386000002
115024;115025;08;2;16;007;2016;06;21;5;2;8;6;1;0;1;0;0;0;0;1;438707,298000000010000;5393374,644999999600000;8,167156013000000;48,690400623999999
115026;115027;08;4;36;081;2016;07;12;2;3;0;1;0;0;1;0;0;0;0;0;562992,639399999990000;5282310,704699999700000;9,839460259000001;47,691111049000000