FID;OBJECTID;ULAND;UREGBEZ;UKREIS;UGEMEINDE;UJAHR;UMONAT;USTUNDE;UWOCHENTAG;UKATEGORIE;UART;UTYP1;ULICHTVERH;IstStrasse;IstRad;IstPKW;IstFuss;IstKrad;IstGkfz;IstSonstig;LINREFX;LINREFY;XGCSWGS84;YGCSWGS84
115028;115029;08;2;26;096;2016;07;17;3;2;6;4;0;0;0;1;1;0;0;0;474277,034300000000000;5487971,719200000200000;8,644429756999999;49,543806103999998
115029;115030;08;1;19;020;2016;07;15;6;3;5;3;0;0;1;1;0;0;0;0;519456,568099999970000;5406650,140900000000000;9,265015921000000;48,812532756000003
115030;115031;08;4;36;049;2016;07;13;7;3;6;7;0;0;0;1;1;0;0;0;578006,554299999960000;5283603,557699999800000;10,039741030000000;47,701103766999999
115031;115032;08;4;21;000;2016;07;09;6;3;6;4;0;0;0;1;1;0;0;0;570903,589200000050000;5362259,793399999800000;9,958119784000001;48,409502771000000
115036;115037;08;1;11;000;2016;07;16;2;3;6;4;0;0;0;0;1;0;0;1;517043,506500000020000;5405998,588399999800000;9,232121102000001;48,806742368999998
115037;115038;08;1;36;019;2016;06;20;5;3;8;1;0;0;1;0;0;0;0;0;586899,692400000060000;5422159,190000000400000;10,186822090000000;48,946247929000002
115038;115039;08;3;11;000;2016;07;13;6;3;3;2;0;0;1;1;0;0;0;0;414450,572900000030000;5318019,270200000100000;7,852931855000000;48,009739558000000
115039;115040;08;3;11;000;2016;07;21;3;3;0;1;1;0;1;0;0;0;0;0;410212,215600000000000;5314742,627999999600000;7,796801093000000;47,979684040999999
115041;115042;08;1;18;070;2016;07;17;6;3;5;3;0;0;1;0;0;0;0;0;520566,580100000020000;5424080,543499999700000;9,281012448000000;48,969295322999997
115043;115044;08;4;36;010;2016;07;15;1;2;0;7;0;0;1;0;0;0;0;0;562030,761599999970000;5299561,095900000100000;9,829106384999999;47,846399161000001
115044;115045;08;1;18;048;2016;07;15;6;3;5;3;0;0;1;1;0;0;0;0;512941,157599999980000;5415732,987300000200000;9,176557813000001;48,894410118000003
115046;115047;08;1;19;087;2016;07;17;3;3;4;2;0;0;1;0;0;1;0;0;528696,283900000040000;5423753,069100000000000;9,392067611000000;48,966025492000000
115047;115048;08;1;36;019;2016;06;20;5;3;0;1;0;0;1;0;0;0;0;0;588970,641999999990000;5424047,344999999700000;10,215511810000001;48,962934912000001
115049;115050;08;3;11;000;2016;07;12;2;3;3;2;0;0;1;1;0;0;0;0;412965,301900000020000;5317015,778500000000000;7,833224833000000;48,000512278999999
115051;115052;08;2;36;067;2016;07;18;3;2;5;3;0;0;1;1;0;0;0;0;487035,547000000020000;5410821,551000000000000;8,823280042000000;48,850227461000003
115052;115053;08;1;17;019;2016;07;05;2;2;6;4;0;0;0;1;1;0;0;0;552223,429400000020000;5394735,065600000300000;9,709793647000000;48,703463065000001
115055;115056;08;3;36;091;2016;07;13;7;3;5;3;0;0;1;1;0;0;0;0;395786,296299999990000;5274129,337100000100000;7,613297839000000;47,612186166000001
115056;115057;08;4;36;078;2016;07;16;1;2;2;6;0;0;1;0;0;0;0;0;559407,126999999980000;5291986,111800000100000;9,793004028000000;47,778497797000000
115057;115058;08;3;11;000;2016;07;00;6;3;0;1;2;0;1;0;0;0;0;0;410745,998900000010000;5315345,745400000400000;7,803827077000000;47,985183929999998
115058;115059;08;1;19;008;2016;07;20;3;3;3;2;0;0;1;1;0;0;0;0;532047,065300000020000;5420434,745400000400000;9,437585753000001;48,936011071999999
115060;115061;08;4;36;052;2016;07;12;2;3;3;3;0;0;1;1;0;0;0;0;566192,048700000040000;5293607,967899999600000;9,883810234000000;47,792427334000003
115064;115065;08;1;16;019;2016;07;12;6;3;4;1;0;0;1;0;0;0;0;0;525370,172600000050000;5396572,553299999800000;9,344941702000000;48,721663290999999
115066;115067;08;4;16;041;2016;07;18;1;2;5;3;0;0;1;0;0;0;0;1;503641,887999999980000;5372255,742999999800000;9,049303386000000;48,503409568000002
115067;115068;08;3;15;109;2016;07;08;6;3;5;3;0;0;1;1;0;0;0;0;422616,174000000000000;5314622,506000000100000;7,963011213000000;47,980224210000003
115068;115069;08;3;35;022;2016;07;08;7;2;6;2;0;1;0;1;1;0;0;0;482915,920800000020000;5300385,057799999600000;8,771609335000001;47,856579312999997
115071;115072;08;1;18;060;2016;07;06;3;3;3;2;0;0;1;1;0;0;0;0;523132,395200000030000;5429657,824099999900000;9,316387615000000;49,019374962999997
115072;115073;08;1;27;014;2016;06;07;5;2;0;1;0;1;1;0;0;0;0;0;578970,406899999940000;5442966,061700000400000;10,082604529999999;49,134447211000001
115073;115074;08;4;21;000;2016;07;17;2;3;0;1;0;1;1;0;0;0;0;0;570661,770699999990000;5358562,053000000300000;9,954230360000000;48,376267577000000
115075;115076;08;3;36;050;2016;07;09;2;2;6;4;0;0;0;1;1;0;0;0;399667,425099999990000;5274396,940100000200000;7,664865408000000;47,615205930000002
115076;115077;08;1;16;071;2016;07;17;6;3;5;7;0;0;1;0;0;0;0;0;527919,074700000000000;5391097,863400000100000;9,379226599000001;48,672304603999997
115077;115078;08;3;35;043;2016;07;00;7;3;0;2;2;0;1;1;0;0;0;0;512952,947999999970000;5278739,074099999900000;9,172518359000000;47,661915600999997
115079;115080;08;2;12;000;2016;07;20;6;3;5;3;0;0;1;1;0;0;0;0;460412,378000000030000;5427285,464300000100000;8,458789763000000;48,997198574000002
115080;115081;08;1;19;020;2016;06;17;5;3;4;2;0;0;1;1;0;0;0;0;520429,272999999990000;5406942,769299999800000;9,278279445000001;48,815133963000001
115082;115083;08;3;36;050;2016;07;10;1;3;0;7;0;0;1;0;0;0;0;0;399818,803499999980000;5275291,068199999600000;7,666674743000000;47,623272346999997
115083;115084;08;1;18;073;2016;06;06;5;3;5;3;0;1;1;0;0;0;0;1;496783,876500000010000;5421134,664699999600000;8,956079344999999;48,943129016999997
115085;115086;08;4;21;000;2016;07;08;2;3;6;4;0;0;1;0;1;0;0;0;573099,541800000010000;5361557,078999999900000;9,987666749000001;48,402930810999997
115086;115087;08;3;35;026;2016;07;16;1;2;8;7;0;0;1;0;0;0;0;0;482831,798200000020000;5281404,169900000100000;8,771234936999999;47,685796994999997
115088;115089;08;3;35;043;2016;07;20;7;3;0;1;0;0;1;0;0;0;0;0;514135,215900000010000;5279630,100499999700000;9,188293552999999;47,669908002000000
115090;115091;08;3;26;052;2016;07;00;1;3;6;7;2;0;0;1;1;0;0;0;450184,053799999990000;5330423,009200000200000;8,330563798000000;48,125114275999998
115093;115094;08;1;21;000;2016;07;18;2;3;4;6;0;0;1;0;0;0;0;0;516060,216900000000000;5444386,806200000500000;9,220245750000000;49,152092947000000
115096;115097;08;3;17;096;2016;07;00;1;3;9;7;2;0;1;0;0;0;0;0;421246,982000000020000;5370221,301000000000000;7,934331769000000;48,480183969999999
115097;115098;08;3;17;065;2016;07;10;7;3;8;7;0;0;1;0;0;0;0;0;415919,512400000010000;5354519,351200000400000;7,865402521000000;48,338258525999997
115098;115099;08;1;18;048;2016;07;08;3;3;3;2;0;0;0;1;1;0;0;0;512034,014900000010000;5415594,049200000200000;9,164177515000000;48,893178550000002
115099;115100;08;1;15;003;2016;07;17;6;2;5;3;0;0;1;1;0;0;0;0;501458,645100000020000;5393433,688099999900000;9,019821341000000;48,693940427999998
115100;115101;08;4;16;041;2016;07;10;6;3;0;7;0;0;1;1;0;0;0;0;503679,507700000020000;5374408,496600000200000;9,049831663000001;48,522776331999999
115101;115102;08;1;18;048;2016;07;08;3;2;6;4;0;0;1;0;1;0;0;0;513620,065699999980000;5415959,618700000500000;9,185827746999999;48,896434280999998
115102;115103;08;1;16;049;2016;06;05;5;3;5;3;1;1;1;1;0;0;0;0;525199,428300000030000;5384958,292700000100000;9,341912639000000;48,617188626999997
115103;115104;08;2;22;000;2016;07;14;3;3;0;7;0;0;1;0;0;0;0;0;462050,305899999980000;5481078,820100000100000;8,476087752000000;49,481165627000003
115104;115105;08;1;19;085;2016;07;16;2;3;0;1;0;0;1;0;0;0;0;1;528267,339599999950000;5412713,788700000400000;9,385442447999999;48,866740933999999
115105;115106;08;3;36;050;2016;07;11;2;2;5;3;0;0;1;1;0;0;0;0;399996,043500000030000;5274140,985500000400000;7,669295567000000;47,612954330000001
115107;115108;08;3;11;000;2016;07;20;7;2;0;1;0;0;1;0;0;0;0;0;414002,499200000020000;5315671,725200000200000;7,847395748000000;47,988562393000002
115108;115109;08;3;17;065;2016;07;15;1;3;0;7;0;0;1;0;0;0;0;0;412334,723999999990000;5353558,856499999800000;7,817239084000000;48,329131863000001
115110;115111;08;1;18;046;2016;07;14;3;3;6;4;0;0;0;1;1;0;0;0;516218,964500000000000;5412702,340499999900000;9,221156793000001;48,867070083000002
115112;115113;08;4;16;041;2016;07;16;2;3;5;3;0;0;1;1;0;0;0;0;504575,431999999970000;5375102,092400000400000;9,061972794000001;48,529010274999997
115114;115115;08;1;19;091;2016;07;08;2;3;0;1;0;0;1;0;0;0;0;1;526957,333300000060000;5406776,226800000300000;9,367189471000000;48,813386841000003
115115;115116;08;3;11;000;2016;07;13;2;3;1;5;0;0;1;1;0;0;0;0;411724,874900000000000;5316124,714200000300000;7,816782786000000;47,992326826000003
115116;115117;08;1;11;000;2016;07;09;6;3;6;4;0;0;0;0;1;0;0;1;512145,813000000020000;5403194,579500000000000;9,165335250000000;48,781632799000000
115117;115118;08;3;11;000;2016;07;18;7;3;5;3;0;0;1;0;0;0;0;0;412742,504499999980000;5315937,462100000100000;7,830457938000000;47,990782109000001
115118;115119;08;3;15;074;2016;07;17;1;3;1;5;0;0;1;1;0;0;0;0;397244,935600000030000;5295921,785699999900000;7,627563433000000;47,808443679000000
115119;115120;08;2;36;040;2016;07;19;6;3;4;6;0;0;1;1;0;0;0;0;488411,373000000020000;5422108,247999999700000;8,841713715999999;48,951786843000001
115120;115121;08;1;11;000;2016;06;18;5;2;5;3;0;0;1;1;0;0;0;0;513150,863900000000000;5406762,064700000000000;9,179130701000000;48,813705065999997
115121;115122;08;3;26;074;2016;07;07;3;2;5;3;0;0;1;0;0;0;0;0;459721,456799999990000;5323776,209300000200000;8,459349903000000;48,065990495000001
115122;115123;08;4;16;041;2016;07;06;2;3;3;6;0;0;1;0;0;0;0;1;504488,810000000000000;5373803,831000000200000;9,060785550000000;48,517331274000000
115124;115125;08;1;27;014;2016;07;17;3;2;6;4;0;0;0;1;1;0;0;0;577438,866599999950000;5443655,600200000200000;10,061744946999999;49,140843762000003
115125;115126;08;1;11;000;2016;07;11;6;3;0;1;0;0;1;0;0;0;0;0;513648,098000000000000;5405901,327999999700000;9,185874973000001;48,805951268999998
115129;115130;08;1;11;000;2016;06;16;5;3;6;7;0;0;0;1;1;0;0;0;515508,198399999990000;5406428,918700000300000;9,211227653000000;48,810653766999998
115131;115132;08;3;11;000;2016;07;11;2;3;5;2;0;0;1;1;0;0;0;0;414529,778799999970000;5316023,114000000100000;7,854391322000000;47,991793962999999
115134;115135;08;3;11;000;2016;07;15;1;2;4;6;0;0;1;0;0;1;0;0;402546,424999999990000;5313388,553000000300000;7,694409507000000;47,966382455000002
115135;115136;08;2;26;076;2016;07;08;6;3;5;3;0;0;1;1;0;0;0;0;475733,587200000010000;5465522,098299999700000;8,665938054000000;49,341937051999999
115146;115147;08;4;35;016;2016;06;17;4;3;5;3;0;0;1;0;0;0;0;0;535918,862899999950000;5279882,567800000300000;9,478484447000000;47,671336445999998
115150;115151;08;4;26;097;2016;06;21;5;3;3;6;1;0;1;1;0;0;0;0;535962,722300000020000;5332948,881000000100000;9,483495445000001;48,148772217999998
115152;115153;08;2;12;000;2016;07;15;1;3;1;5;0;0;1;1;0;0;0;0;455006,433100000020000;5429714,022800000400000;8,384619059000000;49,018673339999999
115153;115154;08;4;21;000;2016;06;10;5;3;6;2;0;0;0;1;1;0;0;0;573358,175599999960000;5361442,860100000200000;9,991140711000000;48,401873340999998
115154;115155;08;3;35;043;2016;07;22;6;3;0;7;2;0;1;0;0;0;0;1;513031,499000000010000;5279349,700000000200000;9,173582777000000;47,667408236000000
115155;115156;08;1;18;003;2016;07;18;3;2;5;3;0;0;1;1;0;0;0;0;510448,741199999990000;5417565,282300000100000;9,142600477000000;48,910940017000001
115156;115157;08;4;25;002;2016;06;11;4;3;5;3;0;0;1;1;0;0;0;0;553179,738999999940000;5352663,706000000200000;9,717426779000000;48,324922303000001
115160;115161;08;2;16;043;2016;07;15;7;2;6;7;0;0;0;1;1;0;0;0;442015,672000000020000;5411352,702800000100000;8,209571063000000;48,852431606000003
115161;115162;08;2;36;046;2016;07;19;1;3;1;7;0;0;1;1;0;0;0;0;485791,597000000010000;5416790,049999999800000;8,806116326000000;48,903891395999999
115163;115164;08;2;26;076;2016;07;17;2;3;4;6;0;0;1;0;0;0;0;0;475822,929999999990000;5465299,485999999600000;8,667181468000001;49,339938216999997
115165;115166;08;2;15;066;2016;07;18;7;3;5;3;0;0;1;1;0;0;0;0;460153,093500000020000;5453849,705299999600000;8,452622143999999;49,236127897999999
115167;115168;08;2;22;000;2016;07;17;6;3;5;3;0;0;1;1;0;0;0;0;461650,975700000010000;5483510,566300000100000;8,470339113000000;49,503012775999998
115168;115169;08;1;16;049;2016;07;16;3;3;0;1;0;0;1;0;0;0;0;0;525094,118999999950000;5387545,660000000100000;9,340640429000001;48,640468919000000
115171;115172;08;2;26;041;2016;07;19;2;3;4;6;0;0;1;1;0;0;0;0;476985,591000000010000;5465900,763700000000000;8,683151527000000;49,345391651000000
115174;115175;08;2;22;000;2016;07;11;1;2;3;6;0;0;1;1;0;0;0;0;462234,047399999980000;5477924,859299999700000;8,478925234000000;49,452808746000002
115175;115176;08;2;21;000;2016;07;06;6;3;5;3;0;0;1;1;0;0;0;0;476950,858000000010000;5472000,893100000000000;8,682319944000000;49,400260359999997
115178;115179;08;3;35;075;2016;07;08;2;3;0;1;0;0;1;0;0;0;0;0;488886,060000000000000;5288750,631799999600000;8,851719753999999;47,752029993000001
115181;115182;08;3;36;105;2016;06;19;4;2;0;1;0;0;1;0;0;0;0;0;402509,033200000010000;5266475,055200000300000;7,704428341000000;47,544378092999999
115183;115184;08;1;21;000;2016;07;11;3;2;6;6;0;0;1;0;1;0;0;0;516812,478999999990000;5443462,753600000400000;9,230523431000000;49,143760667999999
115184;115185;08;2;26;084;2016;07;09;2;3;0;7;0;0;1;0;0;0;0;0;469225,205599999990000;5470306,724800000000000;8,575973252000001;49,384680154999998
115185;115186;08;4;15;061;2016;06;17;5;3;1;6;0;0;1;1;0;0;0;0;516238,937700000010000;5370824,721599999800000;9,219784080000000;48,490336249999999
115187;115188;08;2;16;043;2016;07;13;6;3;8;7;0;0;1;0;0;0;0;0;441196,900399999980000;5413459,632299999700000;8,198108167999999;48,871306281000003
115189;115190;08;3;36;006;2016;07;10;3;2;3;2;0;0;1;0;0;0;0;0;391021,219700000020000;5286447,303100000100000;7,546839950000000;47,722200190999999
115192;115193;08;3;35;063;2016;06;13;5;2;6;2;0;0;0;1;1;0;0;0;497086,328900000020000;5287647,727300000400000;8,961133635000000;47,742195719999998
115193;115194;08;1;35;019;2016;07;19;7;2;6;4;0;0;0;1;1;0;0;0;582859,251900000030000;5392689,987400000000000;10,125701200000000;48,681751712999997
115199;115200;08;2;15;105;2016;07;03;1;2;0;1;2;0;1;0;0;0;0;0;456931,595399999990000;5441699,393600000100000;8,409672134999999;49,126619468999998
115203;115204;08;3;17;057;2016;06;15;5;3;4;6;0;0;1;1;0;0;0;0;413975,180100000000000;5372887,543600000400000;7,835402508000000;48,503212615000002
115206;115207;08;3;17;089;2016;06;10;5;3;0;7;0;0;1;0;0;0;0;0;431552,609500000020000;5376845,268000000200000;8,072678138000001;48,540974519000002
115207;115208;08;1;16;019;2016;07;16;7;3;2;1;0;0;1;0;0;0;0;1;522801,731000000030000;5400243,685999999800000;9,310223991000001;48,754787663000002
115209;115210;08;3;35;063;2016;06;15;4;3;0;7;0;0;1;0;0;0;0;0;498148,002600000010000;5287322,629900000100000;8,975297013000001;47,739274547999997
115211;115212;08;3;25;045;2016;06;19;4;3;6;6;0;0;1;0;1;0;0;0;469041,831999999990000;5348209,018199999800000;8,582671239000000;48,286324993000001
115212;115213;08;2;21;000;2016;07;16;3;2;1;6;0;0;1;1;0;0;0;0;476936,891899999990000;5472947,890499999700000;8,682072462000001;49,408777925999999
115214;115215;08;2;21;000;2016;07;17;2;2;5;3;0;0;1;0;0;0;0;1;478628,753499999990000;5473334,391400000100000;8,705373822000000;49,412316216999997
115218;115219;08;2;15;108;2016;07;17;6;2;6;7;0;0;0;1;1;0;0;0;450549,146000000010000;5425745,413999999900000;8,324143809000001;48,982634548999997
115220;115221;08;3;17;096;2016;06;14;4;3;6;4;0;0;0;0;1;1;0;0;422355,110500000010000;5369499,845099999600000;7,949458081000000;48,473832375999997
115221;115222;08;3;17;005;2016;07;13;7;3;0;1;0;0;1;0;0;0;0;0;424308,435100000000000;5376360,657800000200000;7,974638059000000;48,535783236000000
115223;115224;08;4;15;061;2016;07;14;4;3;0;1;0;0;1;0;0;0;0;0;513892,790600000010000;5371243,515300000100000;9,188044539000000;48,494160121000000
115225;115226;08;1;17;024;2016;07;20;7;3;3;6;0;0;1;0;0;0;0;0;561956,059899999990000;5386480,385999999900000;9,840824553999999;48,628320016000004
115228;115229;08;4;25;033;2016;07;11;1;3;5;3;0;0;1;1;0;0;0;0;553690,181699999960000;5347645,494800000500000;9,723673959999999;48,279735357000000
115229;115230;08;1;17;018;2016;07;02;1;3;0;1;2;0;1;0;0;0;0;0;539059,579299999980000;5396266,620000000100000;9,531031788000000;48,718203727000002
115230;115231;08;1;36;044;2016;07;17;1;3;8;1;0;0;1;0;0;0;0;0;558402,199400000040000;5408100,302899999500000;9,795661187000000;48,823137072000002
115237;115238;08;3;16;011;2016;07;14;1;3;0;1;0;0;1;1;0;0;0;0;416515,768999999970000;5329837,711000000100000;7,878309391000000;48,116323880000003
115238;115239;08;2;22;000;2016;07;18;6;3;5;3;0;0;1;0;0;1;0;0;462342,085199999970000;5480684,577999999700000;8,480153257000000;49,477637790999999
115239;115240;08;2;12;000;2016;07;13;5;3;1;5;0;0;1;0;0;0;0;1;455369,450799999990000;5428658,056099999700000;8,389699912999999;49,009201202000000
115242;115243;08;1;16;019;2016;07;17;7;3;0;1;0;0;1;0;0;0;0;0;522836,691999999980000;5397998,195000000300000;9,310575142999999;48,734586204000003
115243;115244;08;3;36;084;2016;07;20;4;3;6;4;0;0;0;0;1;1;0;0;405476,675899999970000;5277313,696499999600000;7,741520029000000;47,642317474000002
115244;115245;08;4;21;000;2016;07;23;5;3;6;7;2;0;0;0;1;1;0;0;573525,268000000040000;5360855,407999999800000;9,993295051000001;48,396569620999998
115245;115246;08;2;16;015;2016;07;20;6;3;4;2;0;0;1;1;0;0;0;0;449978,365200000000000;5406160,168100000400000;8,318741510000001;48,806416501000001
115248;115249;08;3;17;001;2016;07;10;7;2;3;2;0;0;1;1;0;0;0;0;431211,346699999990000;5386588,464200000300000;8,066442507000000;48,628577964000002
115249;115250;08;2;15;099;2016;07;11;7;3;0;1;0;0;1;0;0;0;0;0;461950,056999999970000;5445054,446700000200000;8,478138957000001;49,157129449000003
115250;115251;08;3;35;043;2016;07;12;4;2;5;3;0;0;1;1;0;0;0;0;512329,297900000010000;5280653,465699999600000;9,164266136000000;47,679152852000001
115252;115253;08;1;15;021;2016;07;20;7;3;5;3;0;0;1;1;0;0;0;0;492126,054500000030000;5380908,037200000100000;8,893240099000000;48,581209571000002
115253;115254;08;4;35;059;2016;07;01;4;2;8;1;2;0;1;0;0;0;0;0;512814,543899999990000;5289916,067499999900000;9,171003664000001;47,762484479999998
115254;115255;08;4;35;052;2016;07;15;6;3;6;7;0;0;0;1;1;0;0;0;524233,044700000030000;5294240,707700000100000;9,323617314000000;47,801066784000000
115255;115256;08;2;12;000;2016;07;13;1;3;0;7;0;0;1;0;0;0;0;0;455228,821899999980000;5429800,218799999900000;8,387650996000000;49,019464859999999
115259;115260;08;2;11;000;2016;07;12;5;2;0;7;0;0;1;0;0;0;0;1;445216,640100000020000;5399727,990399999500000;8,254752749000000;48,748156260999998
115262;115263;08;3;26;074;2016;07;06;4;3;5;3;0;0;1;1;0;0;0;0;459478,900900000010000;5320035,833599999500000;8,456448503000001;48,032324076000002
115263;115264;08;3;35;098;2016;07;14;5;3;0;1;0;0;1;0;0;0;0;0;504007,028999999980000;5295825,619400000200000;9,053526471000000;47,815770694999998
115265;115266;08;2;15;017;2016;07;10;6;3;5;3;0;0;1;1;0;0;0;0;456435,765100000020000;5421122,782599999600000;8,405087526000001;48,941496342999997
115267;115268;08;1;15;024;2016;07;14;5;2;5;4;0;0;0;1;1;0;0;0;500961,875000000000000;5387774,326700000100000;9,013057634999999;48,643029005000002
115269;115270;08;4;35;034;2016;07;18;3;2;4;2;0;0;1;1;0;0;0;0;529253,497500000060000;5285912,444199999800000;9,390100249000000;47,725925889000003
115273;115274;08;3;26;074;2016;07;17;4;3;3;2;0;0;1;1;0;0;0;0;462802,252800000020000;5323481,651999999800000;8,500726690000001;48,063527567999998
115274;115275;08;3;26;074;2016;07;12;5;3;1;5;0;0;1;1;0;0;0;0;464904,482200000030000;5323080,517199999700000;8,528975010000000;48,060037782000002
115275;115276;08;4;37;031;2016;07;18;6;3;5;2;0;0;1;1;0;0;0;0;515310,527100000010000;5343428,341000000000000;9,206221219000000;48,243886613999997
115277;115278;08;1;35;019;2016;07;17;5;2;8;1;0;0;1;0;0;0;0;0;584744,092100000010000;5395438,210900000300000;10,151866550999999;48,706216961000003
115279;115280;08;1;16;046;2016;07;20;1;2;0;1;0;0;1;0;0;0;0;0;527466,307999999960000;5377850,128999999700000;9,372199775000000;48,553147621999997
115283;115284;08;1;35;016;2016;07;16;1;3;0;3;0;0;1;1;0;0;0;0;591318,992699999940000;5385698,062199999600000;10,239064014000000;48,617685700000003
115284;115285;08;2;15;017;2016;07;16;7;3;0;4;0;0;1;0;1;0;0;0;454939,905900000010000;5422471,032599999600000;8,384512163000000;48,953516933000003
115285;115286;08;3;25;072;2016;07;18;4;2;5;2;0;0;1;1;0;0;0;0;472499,043500000030000;5329987,313299999600000;8,630455916000001;48,122549862000000
115286;115287;08;3;26;012;2016;07;17;5;3;5;3;0;0;1;1;0;0;0;0;462829,870600000020000;5311783,791799999800000;8,502111462000000;47,958285527000001
115287;115288;08;2;12;000;2016;07;07;6;3;0;2;0;0;1;0;0;0;0;0;453579,321100000000000;5431071,720999999900000;8,364946172000000;49,030780129999997
115288;115289;08;1;28;115;2016;07;17;5;3;5;3;0;0;1;1;0;0;0;0;546020,006599999960000;5501126,480800000000000;9,637664505000000;49,660919413999999
115289;115290;08;2;37;040;2016;07;20;1;2;0;1;0;0;1;0;0;0;0;0;477071,900299999980000;5366053,169599999700000;8,689945000000000;48,447201382999999
115290;115291;08;1;16;033;2016;07;15;1;2;0;1;0;0;1;0;0;0;0;0;533095,889800000000000;5387939,186999999900000;9,449288944999999;48,643636610999998
115291;115292;08;4;15;062;2016;07;18;6;2;0;1;0;0;1;0;0;0;0;0;519946,935100000000000;5378409,838999999700000;9,270331933000000;48,558467194999999
115292;115293;08;2;12;000;2016;07;00;1;3;0;7;2;0;1;0;0;0;0;0;456068,076599999970000;5428547,821899999900000;8,399264641000000;49,008259766000002
115295;115296;08;2;12;000;2016;07;10;6;3;0;7;0;0;1;0;0;0;0;0;454475,905000000030000;5427360,428999999500000;8,377627348000001;48,997463670999998
115296;115297;08;1;21;000;2016;07;17;5;3;4;2;0;0;1;1;0;0;0;0;516251,318299999980000;5442943,538900000000000;9,222808229000000;49,139105266999998
115298;115299;08;3;16;009;2016;07;17;5;3;5;2;0;0;1;1;0;0;0;0;416866,090000000030000;5325035,092799999800000;7,883950758000000;48,073168594999999
115302;115303;08;2;12;000;2016;07;14;6;3;5;3;0;0;1;0;0;0;0;0;457967,303900000000000;5429216,701200000000000;8,425164452000001;49,014408715000002
115305;115306;08;3;16;043;2016;07;07;4;2;5;3;0;0;1;0;0;0;0;1;411214,500100000000000;5331076,939799999800000;7,806839158000000;48,126753608000001
115306;115307;08;3;16;011;2016;07;19;5;3;5;3;0;0;1;1;0;0;0;0;414322,613000000010000;5329999,012099999900000;7,848815912000000;48,117483458999999
115307;115308;08;4;15;061;2016;07;12;6;3;0;1;0;0;1;0;0;0;0;0;516237,985999999980000;5370568,559000000400000;9,219761242000001;48,488031745000001
115309;115310;08;3;15;006;2016;07;18;5;3;5;3;0;0;1;1;0;0;0;0;403293,799699999970000;5306700,278500000000000;7,705921777000000;47,906334876999999
115310;115311;08;4;35;016;2016;07;17;3;3;5;3;0;0;1;1;0;0;0;0;537747,488600000040000;5278403,303500000400000;9,502715289999999;47,657922792999997
115311;115312;08;1;18;048;2016;07;19;5;3;2;2;0;0;1;1;0;0;0;0;513176,236900000020000;5415969,982900000200000;9,179772656999999;48,896537113000001
115312;115313;08;3;11;000;2016;07;19;7;3;5;2;0;0;1;1;0;0;0;0;413095,678200000020000;5316618,888500000400000;7,835052652000000;47,996959861000001
115313;115314;08;2;12;000;2016;07;12;7;3;3;2;0;0;1;1;0;0;0;0;454056,257199999990000;5428454,208599999500000;8,371766841000000;49,007271207999999
115316;115317;08;3;15;098;2016;07;23;7;2;6;6;2;0;1;0;1;0;0;0;406388,624200000020000;5311772,362900000100000;7,746222471000000;47,952418182000002
115317;115318;08;2;12;000;2016;07;09;7;3;5;3;0;0;1;1;0;0;0;0;456728,571200000010000;5423900,514299999900000;8,408790669000000;48,966503174000003
115318;115319;08;2;12;000;2016;07;07;4;2;6;2;0;0;0;1;1;0;0;0;450432,008199999980000;5428305,604299999800000;8,322230626000000;49,005654061000001
115319;115320;08;3;36;091;2016;07;14;5;3;5;3;0;0;1;1;0;0;0;0;396982,085199999970000;5272127,340699999600000;7,629675144000000;47,594368953999997
115320;115321;08;3;37;038;2016;07;22;6;3;5;3;2;0;1;1;0;0;0;0;430709,920600000010000;5277096,270399999800000;8,077455832000000;47,643554573000003
115321;115322;08;1;28;115;2016;07;12;6;3;8;4;0;0;0;1;1;0;0;0;548426,023000000040000;5497257,925400000100000;9,670522490000000;49,625937276999998
115324;115325;08;1;15;003;2016;07;18;1;2;8;1;0;0;1;0;0;0;0;0;500584,164600000020000;5390292,055700000400000;9,007933698000000;48,665679361999999
115326;115327;08;3;15;064;2016;07;08;7;3;6;4;0;0;0;1;1;0;0;0;421635,461000000010000;5314152,407999999800000;7,949957115000000;47,975875958000003
115328;115329;08;2;12;000;2016;07;11;4;2;5;2;0;0;1;0;0;0;1;0;459061,226399999990000;5428334,497700000200000;8,440213059000000;49,006546700999998
115330;115331;08;3;37;065;2016;07;16;6;3;5;3;0;0;1;1;0;0;0;0;447349,934599999980000;5275800,096500000000000;8,299141009000000;47,633460335999999
115331;115332;08;1;25;056;2016;07;18;6;3;0;3;0;0;1;1;0;0;0;0;510712,140000000010000;5436032,108000000000000;9,146682137000001;49,077055629999997
115332;115333;08;3;11;000;2016;07;14;5;3;3;2;0;0;1;1;0;0;0;0;413045,182700000000000;5316640,838800000000000;7,834371459000000;47,997150445999999
115334;115335;08;1;19;008;2016;07;17;6;3;4;3;0;0;1;1;0;0;0;0;530819,373299999980000;5422144,033900000200000;9,420952052000001;48,951449287999999
115335;115336;08;4;21;000;2016;07;16;3;3;5;3;0;0;1;0;0;0;0;0;572374,420000000040000;5360309,601900000100000;9,977655885000001;48,391793116999999