FID;OBJECTID;ULAND;UREGBEZ;UKREIS;UGEMEINDE;UJAHR;UMONAT;USTUNDE;UWOCHENTAG;UKATEGORIE;UART;UTYP1;ULICHTVERH;IstStrasse;IstRad;IstPKW;IstFuss;IstKrad;IstGkfz;IstSonstig;LINREFX;LINREFY;XGCSWGS84;YGCSWGS84
115337;115338;08;4;26;021;2016;07;09;1;3;8;1;0;0;1;0;0;0;0;0;559641,513500000000000;5326680,266099999700000;9,800938411000001;48,090599163999997
115340;115341;08;1;35;019;2016;07;16;7;2;5;3;0;0;1;1;0;0;0;0;584327,588400000010000;5392573,314899999600000;10,145621657000000;48,680505691999997
115341;115342;08;2;35;007;2016;07;16;4;3;6;7;0;0;0;1;1;0;0;0;484225,983799999990000;5398384,841000000000000;8,785460391000001;48,738283301000003
115345;115346;08;1;17;025;2016;07;13;5;3;5;3;0;0;1;1;0;0;0;0;557413,073699999950000;5389988,528099999800000;9,779662775000000;48,660310525000000
115346;115347;08;3;17;122;2016;07;23;1;3;8;7;2;0;1;0;0;0;0;0;417220,965099999970000;5365764,695000000300000;7,880744876000000;48,439580689000003
115347;115348;08;3;27;050;2016;07;08;6;3;6;2;0;0;0;0;1;0;0;1;485890,812700000010000;5314263,710599999900000;8,810924877000000;47,981521463000000
115348;115349;08;1;16;078;2016;07;07;5;3;5;3;0;0;1;1;0;0;0;0;512248,877900000020000;5392731,389700000200000;9,166427241999999;48,687503976999999
115351;115352;08;3;26;003;2016;07;08;6;3;0;1;0;0;1;0;0;0;0;0;465760,563900000010000;5318007,575299999700000;8,540869976000000;48,014443864999997
115353;115354;08;3;11;000;2016;07;10;5;2;5;3;0;0;1;1;0;0;0;0;413338,984300000010000;5315350,296699999800000;7,838569578000000;47,985581461000002
115354;115355;08;1;18;046;2016;07;21;6;3;5;3;1;0;1;1;0;0;0;0;513311,493100000020000;5412266,614900000400000;9,181497466000000;48,863219612999998
115355;115356;08;3;26;012;2016;07;08;6;2;5;3;0;0;1;1;0;0;0;0;461566,715299999980000;5311101,345099999600000;8,485253361000000;47,952071037000003
115356;115357;08;1;16;019;2016;07;17;5;3;6;6;0;0;0;1;1;0;0;0;523282,318700000000000;5396137,688699999800000;9,316530438999999;48,717832766999997
115357;115358;08;3;11;000;2016;07;03;1;3;1;7;2;0;1;1;0;0;0;0;414785,174799999980000;5316013,426699999700000;7,857815765000000;47,991740907999997
115358;115359;08;3;11;000;2016;07;12;7;3;4;1;0;0;1;0;0;0;0;0;414453,696799999980000;5316051,348299999700000;7,853366133000000;47,992037768000003
115360;115361;08;3;11;000;2016;07;08;5;3;0;7;0;0;0;0;1;0;1;0;414143,049799999980000;5318647,981399999900000;7,848683470000000;48,015353791999999
115361;115362;08;3;17;100;2016;07;14;6;3;5;3;0;0;1;1;0;0;0;0;423701,456499999970000;5366486,300499999900000;7,968220702000000;48,446890349999997
115362;115363;08;3;11;000;2016;07;12;5;3;4;2;0;0;1;1;0;0;0;0;413264,798499999980000;5316945,535100000000000;7,837253186000000;47,999921123000000
115366;115367;08;4;21;000;2016;07;08;3;3;0;1;0;0;1;0;0;0;0;0;570553,814400000030000;5360730,938000000100000;9,953136963000000;48,395789504000000
115367;115368;08;1;15;051;2016;07;18;5;2;0;1;0;0;1;0;0;0;0;0;502845,204099999970000;5385045,408400000100000;9,038605448000000;48,618473391999999
115372;115373;08;3;11;000;2016;07;11;5;3;5;3;0;0;1;1;0;0;0;0;413757,880200000010000;5315417,311900000100000;7,844168972000000;47,986240909000003
115373;115374;08;3;17;034;2016;07;07;6;3;0;7;0;0;1;0;0;0;0;0;426587,071699999970000;5362238,730999999700000;8,007980415000001;48,409025984000003
115377;115378;08;1;11;000;2016;07;10;1;3;0;1;0;0;1;0;0;0;0;0;512926,239699999980000;5408526,593899999700000;9,176126672000001;48,829583225999997
115381;115382;08;2;15;111;2016;07;18;4;3;4;2;0;0;1;1;0;0;0;0;457688,829399999990000;5445687,978299999600000;8,419631942000001;49,162549103000003
115383;115384;08;3;17;096;2016;07;18;6;2;5;7;0;0;1;1;0;0;0;0;422134,935600000030000;5369962,780700000000000;7,946393392000000;48,477969215000002
115387;115388;08;4;36;081;2016;07;23;7;3;8;1;2;0;1;0;0;0;0;0;562344,475800000010000;5282057,003899999900000;9,830787312000000;47,688891433999999
115388;115389;08;3;17;096;2016;07;13;6;3;5;3;0;0;1;1;0;0;0;0;420357,475500000000000;5368976,524299999700000;7,922534499000000;48,468875330000003
115389;115390;08;1;25;013;2016;07;16;1;3;1;5;0;0;1;1;0;0;0;0;504755,926500000000000;5436182,696399999800000;9,065125118999999;49,078485074000000
115390;115391;08;2;12;000;2016;07;10;4;3;5;7;0;0;1;1;0;0;0;0;453209,983400000030000;5429258,481599999600000;8,360102961000001;49,014442092000003
115392;115393;08;1;11;000;2016;07;09;6;2;6;4;0;0;0;0;1;0;0;1;519638,049799999980000;5403796,637799999700000;9,267351379000001;48,786857410000003
115396;115397;08;1;21;000;2016;07;10;7;3;4;6;0;0;1;0;0;0;0;0;515684,878099999970000;5443080,640999999800000;9,215047635000000;49,140353271000002
115397;115398;08;1;36;049;2016;07;17;4;2;2;6;0;0;1;0;0;0;0;1;566372,775099999970000;5416140,960199999600000;9,905541359000001;48,894659928000003
115398;115399;08;2;12;000;2016;07;09;5;3;5;3;0;0;1;1;0;0;0;0;460412,519099999980000;5427286,039699999600000;8,458791636000001;48,997203759000001
115405;115406;08;1;35;020;2016;07;17;4;3;5;1;0;0;1;1;0;0;0;0;586641,190300000020000;5385995,520999999700000;10,175669581999999;48,621026444999998
115407;115408;08;4;37;104;2016;07;15;5;3;0;1;0;0;1;0;0;0;0;0;516163,240300000000000;5325865,847600000000000;9,217038903000001;48,085858094000002
115408;115409;08;1;11;000;2016;07;17;5;3;0;1;0;0;1;0;0;0;0;0;515819,581200000020000;5394656,482800000300000;9,215016316000000;48,704741873000003
115409;115410;08;2;35;079;2016;07;15;1;2;6;6;0;0;1;0;1;0;0;0;469587,945899999990000;5401275,137500000200000;8,586161665000001;48,763741127999999
115410;115411;08;4;37;100;2016;07;15;5;2;0;7;0;0;1;0;0;0;0;0;537084,953100000040000;5317815,126100000000000;9,497268598000000;48,012553605000001
115412;115413;08;3;16;011;2016;07;02;1;3;6;1;2;0;0;0;1;1;0;0;414255,048499999980000;5330236,763600000200000;7,847860465000000;48,119612981000003
115413;115414;08;4;16;036;2016;07;07;7;3;0;1;0;0;1;0;0;0;0;0;486032,363399999970000;5371078,462000000300000;8,810947916000000;48,492673582000002
115414;115415;08;2;12;000;2016;07;09;7;3;6;4;0;0;0;1;1;0;0;0;457063,076000000000000;5427360,321300000000000;8,412995296000000;48,997648064000003
115417;115418;08;3;15;033;2016;07;08;6;2;7;7;0;0;0;0;1;0;1;0;396531,306500000010000;5305229,838499999600000;7,615808280000000;47,892053400000002
115418;115419;08;1;35;019;2016;07;17;4;3;0;4;0;0;0;0;1;0;0;1;585684,709599999940000;5391167,256699999800000;10,163763373000000;48,667674423999998
115419;115420;08;4;37;044;2016;07;19;5;3;0;1;0;0;1;0;0;0;0;0;532547,449000000020000;5323050,160000000100000;9,436825534000001;48,059899764000001
115421;115422;08;1;11;000;2016;07;20;5;3;4;7;0;0;1;1;0;0;0;0;512204,469900000030000;5403210,536799999900000;9,166134188999999;48,781775201000002
115423;115424;08;1;19;085;2016;07;11;7;3;6;1;0;0;0;1;1;0;0;0;529104,926199999990000;5413701,164599999800000;9,396933426000000;48,875584232000001
115424;115425;08;1;28;139;2016;07;17;4;2;5;3;0;0;1;1;0;0;0;0;553156,787499999980000;5488521,280000000300000;9,734839520000000;49,546962370999999
115426;115427;08;3;36;008;2016;07;12;6;3;3;6;0;0;1;1;0;0;0;0;395279,031499999980000;5277235,753899999900000;7,605807081000000;47,640046945999998
115427;115428;08;2;21;000;2016;07;13;7;3;4;2;0;0;1;1;0;0;0;0;477844,632999999970000;5473258,731999999800000;8,694568238000000;49,411607625000002
115428;115429;08;1;19;079;2016;07;19;7;2;0;1;0;0;1;0;0;0;0;0;523730,758600000000000;5408928,679399999800000;9,323365188000000;48,832881380000003
115433;115434;08;4;15;050;2016;07;15;3;3;5;2;0;0;1;1;0;0;0;0;520602,893500000010000;5377183,662499999600000;9,279161047000001;48,547415037000000
115434;115435;08;4;37;076;2016;07;22;4;3;8;6;2;0;1;1;0;0;0;0;520780,551900000020000;5319628,975900000000000;9,278736128000000;48,029611195000001
115435;115436;08;2;22;000;2016;07;09;7;3;1;5;0;0;1;1;0;0;0;0;465893,318499999990000;5482112,000699999700000;8,529051110999999;49,490686738999997
115437;115438;08;1;27;014;2016;07;17;4;2;6;4;0;0;0;0;1;1;0;0;579134,267499999960000;5442118,599299999900000;10,084684163000000;49,126804223000001
115440;115441;08;4;36;082;2016;07;08;5;3;6;4;0;0;0;1;1;0;0;0;547348,742600000000000;5295144,892300000400000;9,632397201000000;47,807916403000000
115445;115446;08;4;15;050;2016;07;07;3;2;5;3;0;0;1;0;0;0;0;0;521219,484400000020000;5377532,645499999600000;9,287533288000001;48,550534001999999
115446;115447;08;4;21;000;2016;07;19;4;2;0;7;0;0;1;0;0;0;0;0;572590,091600000040000;5360653,557599999900000;9,980628256999999;48,394862293999999
115448;115449;08;3;37;123;2016;07;19;7;2;4;6;0;0;1;0;0;1;0;0;450643,846900000000000;5275555,088000000500000;8,343012957999999;47,631515428999997
115450;115451;08;1;18;011;2016;07;10;7;3;6;4;0;0;0;1;1;0;0;0;504943,242900000010000;5408219,475300000000000;9,067350669000000;48,826935286000001
115452;115453;08;2;26;062;2016;07;13;5;3;4;6;0;0;1;1;0;0;0;0;469631,359000000000000;5469247,765800000200000;8,581650093000000;49,375175437999999
115456;115457;08;3;27;046;2016;07;13;7;3;5;3;0;0;1;1;0;0;0;0;480684,724200000000000;5324879,753999999700000;8,740680782000000;48,076898507999999
115457;115458;08;2;15;105;2016;07;17;6;3;5;3;0;0;1;1;0;0;0;0;457362,212000000000000;5441350,475999999800000;8,415611049000001;49,123510998999997
115458;115459;08;1;18;048;2016;07;15;4;3;5;3;0;0;1;1;0;0;0;0;512930,135400000030000;5416614,123900000000000;9,176435332000001;48,902336818000002
115460;115461;08;4;21;000;2016;07;08;5;3;0;4;0;0;0;0;1;1;0;0;574452,427000000030000;5361981,063000000100000;10,006018242000000;48,406586269999998
115462;115463;08;1;18;019;2016;07;12;4;3;1;6;0;0;1;1;0;0;0;0;506045,040299999990000;5405427,725499999700000;9,082321288999999;48,801811241000003
115463;115464;08;2;21;000;2016;07;19;5;3;5;3;0;0;1;0;0;0;0;0;476307,328500000000000;5469450,301400000200000;8,673602529000000;49,377293432000002
115465;115466;08;2;35;046;2016;07;13;6;3;6;4;0;0;0;1;1;0;0;0;478929,958400000000000;5377370,298200000100000;8,714499917000000;48,549078530999999
115467;115468;08;3;36;084;2016;07;00;1;1;0;1;2;0;1;0;0;0;0;0;405348,657100000010000;5277228,056900000200000;7,739834546000000;47,641528389000001
115469;115470;08;1;16;019;2016;07;14;4;3;2;6;0;0;1;0;0;0;0;1;523298,524800000010000;5398507,509100000400000;9,316884688000000;48,739150838999997
115470;115471;08;2;21;000;2016;07;12;5;3;1;7;0;0;1;0;0;0;0;1;477543,744499999970000;5473933,322800000200000;8,690382117000000;49,417664428000002
115471;115472;08;2;31;000;2016;07;17;6;3;6;4;0;0;1;0;1;0;0;0;480925,527500000030000;5411549,988800000400000;8,739960478000000;48,856622571999999
115472;115473;08;1;16;046;2016;07;19;4;3;6;4;0;0;0;1;1;0;0;0;527707,656399999980000;5378033,122100000300000;9,375482430000000;48,554783231000002
115473;115474;08;2;11;000;2016;07;17;5;2;0;7;0;0;1;0;0;0;0;0;440584,926800000020000;5403747,312900000300000;8,191170946000000;48,783885750000003
115474;115475;08;3;35;075;2016;07;20;3;3;5;3;0;0;1;1;0;0;0;0;488595,388800000020000;5290145,878800000100000;8,847805077000000;47,764578702999998
115476;115477;08;3;35;075;2016;07;07;3;3;0;7;0;0;1;0;0;0;0;0;488691,971699999990000;5289875,937300000300000;8,849100998999999;47,762151598000003
115477;115478;08;4;15;061;2016;07;12;4;3;6;4;0;0;0;1;1;0;0;0;515008,840299999980000;5371449,716799999600000;9,203158040000000;48,495989512999998
115478;115479;08;2;26;049;2016;07;12;1;2;5;3;0;0;1;1;0;0;0;0;486138,664899999970000;5463493,188199999700000;8,809248244000001;49,324012136000000
115481;115482;08;1;16;080;2016;07;16;4;3;1;5;0;0;1;1;0;0;0;0;522305,965399999990000;5395713,001699999900000;9,303233844999999;48,714048009000003
115482;115483;08;2;16;043;2016;07;23;5;3;0;7;2;0;1;0;0;0;0;0;441890,680899999980000;5412982,245400000400000;8,207636039000001;48,867077608000002
115484;115485;08;4;21;000;2016;07;08;5;3;3;2;0;0;1;1;0;0;0;0;571401,307400000050000;5360595,860299999800000;9,964561404000000;48,394479034000000
115486;115487;08;3;37;096;2016;07;22;5;3;0;7;2;0;1;0;0;0;0;0;419676,356600000000000;5267501,433199999900000;7,932334700000000;47,555961799000002
115487;115488;08;1;11;000;2016;07;18;6;2;6;4;0;0;0;1;1;0;0;0;516020,920199999990000;5405481,229600000200000;9,218174083999999;48,802115485000002
115488;115489;08;3;35;043;2016;07;19;3;2;0;1;0;1;1;0;0;0;0;0;512800,570699999980000;5278709,843999999600000;9,170488022000001;47,661655631999999
115490;115491;08;2;36;046;2016;07;12;5;3;5;3;0;0;1;0;0;0;0;1;484313,225600000010000;5418336,481300000100000;8,785883610999999;48,917766939000003
115491;115492;08;2;31;000;2016;07;06;2;2;6;4;0;0;0;1;1;0;0;0;477023,455000000020000;5415412,578999999900000;8,686547850000000;48,891236952000000
115492;115493;08;2;12;000;2016;07;18;4;3;0;1;0;0;1;0;0;0;0;0;457097,379100000020000;5428122,483300000400000;8,413383725999999;49,004506204999998
115494;115495;08;1;28;007;2016;07;18;6;3;0;1;0;0;1;0;0;0;0;0;555680,183800000000000;5482969,106499999800000;9,768936223000001;49,496799428000003
115495;115496;08;3;37;022;2016;07;11;6;2;1;5;0;0;1;1;0;0;0;0;450012,243299999970000;5295842,046099999900000;8,332277724000001;47,813989028000002
115497;115498;08;4;25;020;2016;07;10;4;3;4;6;0;0;1;1;0;0;0;0;558121,528799999970000;5361975,498100000400000;9,785375234000000;48,408253887999997
115498;115499;08;2;26;095;2016;07;22;2;3;1;5;2;0;1;1;0;0;0;0;474609,935100000000000;5461530,076700000100000;8,650723742000000;49,305983308999998
115499;115500;08;2;12;000;2016;07;09;4;3;2;6;0;0;1;1;0;0;0;0;455789,163000000000000;5426401,139999999700000;8,395684587000000;48,988930191000001
115500;115501;08;2;26;076;2016;07;21;2;3;0;7;1;0;1;1;0;0;0;0;475207,704700000000000;5466047,366000000400000;8,658665981000000;49,346640641999997
115505;115506;08;1;11;000;2016;07;06;3;3;1;7;0;0;1;1;0;0;0;0;511253,445499999970000;5408506,576999999600000;9,153333532000000;48,829435725000003
115508;115509;08;3;26;074;2016;07;05;3;3;5;3;1;1;1;1;0;0;0;0;458954,095800000010000;5324037,543600000400000;8,449025177999999;48,068292706999998
115509;115510;08;4;16;036;2016;07;16;4;3;1;7;0;0;1;0;0;0;0;1;494936,844900000030000;5369475,796400000300000;8,931489405000001;48,478390183000002
115513;115514;08;3;36;050;2016;07;10;5;3;5;3;0;0;1;0;0;0;0;0;401770,849200000000000;5276246,678399999600000;7,692433329000000;47,632167445999997
115514;115515;08;1;11;000;2016;07;16;6;2;6;4;0;0;0;1;1;0;0;0;517832,427800000000000;5402380,803000000300000;9,242708562000001;48,774175126000003
115515;115516;08;3;26;074;2016;07;07;3;3;3;2;0;1;1;0;0;0;0;1;459851,996300000000000;5323715,413300000100000;8,461107735000001;48,065451762999999
115516;115517;08;4;16;041;2016;07;17;4;3;6;3;0;0;0;1;1;0;0;0;507973,110099999990000;5377682,937099999700000;9,108042614000000;48,552194411999999
115518;115519;08;3;25;014;2016;07;17;3;3;6;7;0;0;0;1;1;0;0;0;464158,524800000010000;5339644,670900000300000;8,517569727000000;48,209018319000002
115519;115520;08;2;26;098;2016;07;09;5;3;6;4;0;0;1;0;1;0;0;0;477137,332300000010000;5459908,708700000300000;8,685583876000001;49,291498931000000
115521;115522;08;2;26;084;2016;07;12;2;3;6;5;0;0;0;1;1;0;0;0;468939,166000000030000;5470620,339999999900000;8,572007703000001;49,387486527000000
115523;115524;08;1;36;002;2016;07;15;4;1;6;3;0;0;0;1;1;0;0;0;572692,256599999960000;5420045,597299999600000;9,992442217000001;48,929070623999998
115525;115526;08;3;35;075;2016;07;07;5;3;0;7;0;1;1;0;0;0;0;0;488633,763600000010000;5289933,403300000400000;8,848322745999999;47,762667626999999
115530;115531;08;2;21;000;2016;07;17;2;3;5;3;0;0;1;1;0;0;0;0;473924,966699999990000;5472720,141300000300000;8,640568500000001;49,406607756000000
115533;115534;08;4;35;030;2016;07;10;2;2;3;6;0;0;1;1;0;0;0;0;540413,507899999970000;5271782,896599999600000;9,537608182000000;47,598195441999998
115534;115535;08;2;12;000;2016;07;15;6;3;6;7;0;0;1;0;1;0;0;0;456421,371999999970000;5428619,144399999600000;8,404087753000001;49,008926369999998
115537;115538;08;4;36;081;2016;07;06;5;3;1;5;1;1;1;1;0;0;0;0;561674,981900000010000;5281485,165900000400000;9,821785933999999;47,683810991999998
115538;115539;08;3;17;021;2016;07;07;3;3;5;5;0;0;1;1;0;0;0;0;427600,546399999990000;5371671,727900000300000;8,020041765000000;48,493994565000001
115539;115540;08;3;26;074;2016;07;08;4;3;0;1;0;0;1;0;0;0;0;0;460816,348699999970000;5322372,658099999700000;8,474174354000001;48,053431355000001
115540;115541;08;2;26;062;2016;07;08;5;3;3;5;0;0;1;1;0;0;0;0;470088,006200000000000;5469089,405600000200000;8,587952472000000;49,373773612000001
115541;115542;08;2;21;000;2016;07;10;2;3;6;6;0;0;0;1;1;0;0;0;478634,264199999980000;5473346,961199999800000;8,705449116000001;49,412429474000000
115542;115543;08;1;27;076;2016;07;12;4;3;6;4;0;0;1;0;1;0;0;0;553487,803599999980000;5440250,089200000300000;9,732940772999999;49,112764914000003
115546;115547;08;3;35;043;2016;07;10;6;3;5;2;0;0;1;0;0;0;0;0;513308,699000000020000;5278556,075000000200000;9,177250956000000;47,660261812000002
115547;115548;08;1;19;008;2016;07;08;6;3;5;3;0;0;1;1;0;0;0;0;530709,449499999990000;5418031,470599999700000;9,419140872000000;48,914460274000000
115548;115549;08;3;26;074;2016;07;17;6;3;8;6;0;0;1;0;0;0;0;0;462714,555100000000000;5323966,403400000200000;8,499507366000000;48,067883629999997
115549;115550;08;4;36;055;2016;07;09;5;3;6;6;0;0;0;1;1;0;0;0;576509,756999999980000;5297512,097799999600000;10,022242387000000;47,826405805999997
115550;115551;08;3;17;096;2016;07;19;3;3;5;3;0;0;1;1;0;0;0;0;422144,447500000010000;5368666,979600000200000;7,946763356000000;48,466314763000000
115551;115552;08;3;26;074;2016;07;15;4;3;5;3;0;1;1;1;0;0;0;0;465207,755000000000000;5323397,965499999900000;8,533019333000000;48,062910412000001
115552;115553;08;2;22;000;2016;07;21;2;3;5;5;2;0;1;0;0;0;0;0;461932,220299999990000;5481052,787999999700000;8,474460106000000;49,480924086999998
115553;115554;08;1;26;066;2016;07;11;4;2;6;4;0;1;0;1;1;0;0;0;536636,524899999960000;5450006,439500000300000;9,502927731000000;49,201758546000001
115554;115555;08;4;36;049;2016;07;12;2;3;5;3;0;0;1;1;0;0;0;0;578194,788599999970000;5283013,365299999700000;10,042143736000000;47,695771536000002
115556;115557;08;2;26;105;2016;07;20;5;3;1;5;0;0;1;1;0;0;0;0;471039,623700000000000;5479168,180900000000000;8,600325428000000;49,464475569999998
115558;115559;08;3;25;057;2016;07;17;4;2;1;5;0;0;1;1;0;0;0;0;474394,043500000030000;5356673,470400000000000;8,654305517999999;48,362714728000000
115564;115565;08;2;22;000;2016;07;12;2;3;5;3;0;0;1;1;0;0;0;0;462249,853000000000000;5482942,261500000000000;8,478664503999999;49,497938752000003
115565;115566;08;2;21;000;2016;07;17;5;3;5;3;0;0;1;1;0;0;0;0;477767,183100000020000;5473468,995299999600000;8,693488761999999;49,413496084999998
115566;115567;08;1;19;076;2016;07;05;4;3;5;3;0;0;1;0;0;0;0;0;541758,811100000050000;5406557,158300000200000;9,568771562000000;48,810597743999999
115567;115568;08;2;16;009;2016;07;17;2;3;6;7;0;0;0;1;1;0;0;0;447444,832999999980000;5421689,111100000300000;8,282243671000000;48,945891912000000
115568;115569;08;4;36;064;2016;07;15;2;3;0;1;0;0;1;0;0;0;0;0;545583,969300000000000;5291915,598799999800000;9,608488725999999;47,778989862000003
115570;115571;08;3;16;056;2016;07;19;3;2;8;1;0;0;1;0;0;0;0;0;424855,995300000010000;5328123,015300000100000;7,990651394000000;48,101938146999998
115573;115574;08;3;15;074;2016;07;07;3;3;5;3;0;0;1;1;0;0;0;0;397531,135200000020000;5296230,937900000300000;7,631311822000000;47,811270110000002
115574;115575;08;3;11;000;2016;07;20;4;2;5;2;0;0;1;1;0;0;0;0;414162,665500000000000;5317499,533699999600000;7,849176350000000;48,005025734999997
115576;115577;08;1;18;006;2016;07;07;4;2;5;3;0;0;1;1;0;0;0;0;518123,433100000020000;5420971,970999999900000;9,247492369000000;48,941408324000001
115578;115579;08;3;17;096;2016;07;18;5;2;0;4;0;0;1;0;1;0;0;0;424969,116600000010000;5368177,933100000000000;7,985057084000000;48,462259090000003
115579;115580;08;4;35;059;2016;07;16;5;3;0;3;0;1;1;1;0;0;0;0;512281,185999999990000;5290724,661000000300000;9,163909156000001;47,769770198000003
115582;115583;08;3;15;074;2016;07;13;5;3;1;6;0;0;1;1;0;0;0;0;397466,861299999990000;5295888,523799999600000;7,630534549000000;47,808179887000001
115583;115584;08;4;35;016;2016;07;07;5;3;6;4;0;1;0;0;1;0;1;0;536145,071200000010000;5277697,188099999900000;9,481316947000000;47,651661099999998
115585;115586;08;2;12;000;2016;07;09;4;2;6;4;0;0;0;0;1;0;0;1;453373,602200000020000;5429438,766400000100000;8,362319741000000;49,016076147000000
115586;115587;08;2;21;000;2016;07;11;5;2;6;4;0;0;1;0;1;0;0;0;476977,586399999970000;5472842,747100000300000;8,682639527999999;49,407833719000003
115587;115588;08;2;15;039;2016;07;15;2;3;0;3;0;0;1;0;0;0;0;0;473505,554100000010000;5452697,110500000400000;8,636116489999999;49,226483708000004
115588;115589;08;2;31;000;2016;07;18;6;3;4;2;0;0;1;1;0;0;0;0;475633,359400000020000;5413845,722900000400000;8,667677524000000;48,877088962999999
115592;115593;08;3;36;050;2016;07;17;5;3;5;3;0;0;1;1;0;0;0;0;400588,051600000010000;5275435,791899999600000;7,676877089000000;47,624692711999998
115593;115594;08;4;35;016;2016;07;09;5;3;0;7;0;1;1;1;0;0;0;0;536324,256199999950000;5278515,274100000000000;9,483770915999999;47,659011720000002
115596;115597;08;2;12;000;2016;07;11;5;3;1;6;0;0;1;1;0;0;0;0;460098,715800000010000;5430639,616800000000000;8,454172084000000;49,027349616000002
115597;115598;08;2;12;000;2016;07;15;2;3;1;3;0;0;1;1;0;0;0;0;456617,938000000020000;5427168,891400000100000;8,406930452999999;48,995895005000001
115599;115600;08;1;35;031;2016;07;15;5;2;5;3;0;0;1;1;0;0;0;0;595377,743900000000000;5378728,824099999900000;10,292521321000001;48,554398988000003
115600;115601;08;2;12;000;2016;07;09;2;3;6;7;0;0;0;1;1;0;0;0;453011,291499999990000;5429315,223399999600000;8,357379272999999;49,014937386000000
115602;115603;08;1;16;049;2016;07;14;4;3;5;3;0;0;1;1;0;0;0;0;525198,582999999980000;5386158,184000000400000;9,341974084000000;48,627982940999999
115603;115604;08;4;25;137;2016;07;07;2;3;5;3;0;0;1;1;0;0;0;0;574054,149100000040000;5354415,507399999500000;9,999304818000001;48,338579285999998
115604;115605;08;1;18;046;2016;07;11;6;3;6;4;0;0;0;1;1;0;0;0;513937,547299999980000;5411650,402499999900000;9,190012460000000;48,857662546000000
115606;115607;08;4;35;059;2016;07;17;5;1;6;7;0;0;0;1;1;0;0;0;510216,975900000020000;5291265,523199999700000;9,136372271000001;47,774672652000000
115607;115608;08;2;12;000;2016;07;21;3;3;6;2;1;1;0;1;1;0;0;0;455525,518300000000000;5428762,682099999900000;8,391822468000001;49,010153590000002
115609;115610;08;2;12;000;2016;07;17;2;3;0;1;0;1;1;0;0;0;0;0;457630,173300000020000;5430184,852699999700000;8,420453027000001;49,023094301000000
115610;115611;08;1;36;042;2016;07;14;2;3;0;1;0;0;1;0;0;0;0;0;549817,807900000010000;5405202,809600000300000;9,678366565999999;48,797821149999997
115611;115612;08;1;15;045;2016;07;13;4;3;5;3;0;1;1;1;0;0;0;0;500489,958700000020000;5394538,262000000100000;9,006659297000001;48,703878785000001
115612;115613;08;4;15;061;2016;07;15;2;3;3;2;0;0;1;1;0;0;0;0;513617,246199999990000;5371327,488500000000000;9,184317693000001;48,494921607000002
115615;115616;08;4;16;041;2016;07;17;2;3;6;4;0;0;0;1;1;0;0;0;504205,534800000020000;5373418,775899999800000;9,056945678000000;48,513869137000000
115617;115618;08;1;28;064;2016;07;11;5;3;4;6;0;0;1;1;0;0;0;0;537839,137299999940000;5502037,407999999800000;9,524401981000001;49,669681202000000
115619;115620;08;2;31;000;2016;07;18;4;3;6;4;0;1;0;1;1;0;0;0;478313,412000000010000;5415016,968999999600000;8,704166530000000;48,887724665000000
115620;115621;08;1;36;019;2016;07;09;2;2;6;4;0;0;0;0;1;0;0;1;582722,570799999990000;5423978,114199999700000;10,130154987999999;48,963180025000000
115621;115622;08;2;25;109;2016;07;08;5;2;0;1;0;0;1;0;0;0;0;0;526069,126399999950000;5494364,355100000300000;9,360778705000000;49,601290136999999
115623;115624;08;4;15;014;2016;07;11;2;3;6;6;0;0;0;1;1;0;0;0;525483,769500000050000;5375195,970800000200000;9,345172263000000;48,529354068000004
115624;115625;08;3;36;091;2016;07;11;5;3;5;3;0;1;1;1;0;0;0;0;395931,110099999990000;5271942,175800000300000;7,615743391000000;47,592535523000002
115626;115627;08;2;36;076;2016;07;18;4;3;5;3;0;0;1;1;0;0;0;0;471346,347000000010000;5423470,433000000200000;8,608534728000000;48,963485028000001
115629;115630;08;2;26;032;2016;07;12;6;3;6;4;0;0;1;0;1;0;0;0;466959,137500000010000;5462966,336199999800000;8,545360398000000;49,318536234000000
115630;115631;08;2;26;062;2016;07;15;3;3;1;5;0;0;1;1;0;0;0;0;469722,533799999980000;5468281,276499999700000;8,582979601000000;49,366486600999998
115632;115633;08;2;25;052;2016;07;14;6;3;1;1;0;0;0;1;1;0;0;0;515270,869000000010000;5478932,286999999500000;9,210742113000000;49,462852261000002
115633;115634;08;1;11;000;2016;07;14;4;3;6;4;0;0;0;1;1;0;0;0;515828,580299999970000;5405621,759300000000000;9,215560222000001;48,803384598999997
115637;115638;08;4;26;128;2016;07;07;5;3;5;3;0;1;1;1;0;0;0;0;558695,090100000030000;5330441,984699999900000;9,788747609000000;48,124528081999998
115638;115639;08;2;22;000;2016;07;14;3;3;6;2;0;0;0;1;1;0;0;0;462149,062199999990000;5480762,166899999600000;8,477481372000000;49,478323658999997
115640;115641;08;1;21;000;2016;07;16;5;2;6;4;0;0;0;1;1;0;0;0;515871,058000000020000;5441268,862999999900000;9,217528918999999;49,124050920999998
115648;115649;08;4;16;041;2016;07;14;5;3;6;7;0;0;1;0;1;0;0;0;504337,750799999980000;5373737,437900000300000;9,058739280999999;48,516735038999997
115650;115651;08;2;36;040;2016;07;16;4;3;0;1;0;0;1;0;0;0;0;0;489047,329700000000000;5422282,046400000300000;8,850395388999999;48,953361866000002