FID;OBJECTID;ULAND;UREGBEZ;UKREIS;UGEMEINDE;UJAHR;UMONAT;USTUNDE;UWOCHENTAG;UKATEGORIE;UART;UTYP1;ULICHTVERH;IstStrasse;IstRad;IstPKW;IstFuss;IstKrad;IstGkfz;IstSonstig;LINREFX;LINREFY;XGCSWGS84;YGCSWGS84
115970;115971;08;2;21;000;2016;07;16;3;3;6;7;0;0;0;1;1;0;0;0;477325,854500000020000;5469024,070899999700000;8,687658124000000;49,373498294999997
115974;115975;08;3;11;000;2016;07;13;2;2;0;3;0;0;1;1;0;0;0;0;411036,755999999990000;5318463,172000000300000;7,807076521000000;48,013266428999998
115976;115977;08;2;15;066;2016;07;16;1;2;5;3;0;0;1;0;0;0;0;0;460348,201300000020000;5453818,093399999700000;8,455305343999999;49,235856222000002
115978;115979;08;2;22;000;2016;07;19;4;3;5;3;0;0;1;1;0;0;0;0;462397,124499999980000;5478371,322900000000000;8,481132798000001;49,456834594000000
115981;115982;08;3;35;043;2016;07;13;3;3;6;4;0;0;0;1;1;0;0;0;512925,216699999990000;5278175,175400000100000;9,172132334000001;47,656842374000000
115983;115984;08;1;25;006;2016;07;16;2;2;0;1;0;0;1;0;0;0;0;0;506832,949800000000000;5453656,368400000000000;9,093863273000000;49,235647467000000
115986;115987;08;4;15;078;2016;07;13;3;3;2;2;0;0;1;1;0;0;0;0;529212,809099999950000;5371363,664900000200000;9,395411797000000;48,494715487000001
115987;115988;08;2;12;000;2016;07;18;2;3;5;2;0;0;1;1;0;0;0;0;457875,884599999990000;5428455,249099999700000;8,423993297999999;49,007553109000000
115991;115992;08;3;17;096;2016;07;12;3;2;0;7;0;0;1;0;0;0;0;0;421845,548699999980000;5368881,911000000300000;7,942680379000000;48,468210982000002
115992;115993;08;1;18;060;2016;07;06;3;3;0;7;0;0;1;1;0;0;0;0;523332,762500000010000;5430464,127600000200000;9,319174425000000;49,026620471999998
115993;115994;08;1;18;046;2016;07;11;2;3;5;3;0;0;1;1;0;0;0;0;513320,110900000030000;5412804,810700000300000;9,181632487000000;48,868060919999998
115995;115996;08;1;11;000;2016;07;09;3;3;2;7;0;0;1;1;0;0;0;0;516185,563399999980000;5408300,036999999500000;9,220527383000000;48,827468760999999
115996;115997;08;2;12;000;2016;07;18;3;3;5;3;0;0;1;1;0;0;0;0;453167,600199999990000;5428822,463800000000000;8,359573680000001;49,010516881000001
116000;116001;08;1;16;019;2016;07;14;3;3;5;2;0;0;1;1;0;0;0;0;525250,171300000050000;5396651,275799999900000;9,343314973000000;48,722376343000001
116001;116002;08;1;16;020;2016;07;18;2;3;5;3;0;0;1;0;0;0;0;0;524188,080299999970000;5380296,284099999800000;9,327919092000000;48,575288641000000
116002;116003;08;4;16;041;2016;07;13;1;3;0;7;0;0;1;0;0;0;0;0;505634,725900000020000;5373734,487200000300000;9,076302104000000;48,516698192000000
116003;116004;08;4;16;041;2016;07;12;2;3;3;6;0;0;1;1;0;0;0;0;504430,883600000000000;5374880,751600000100000;9,060012580000000;48,527020051999997
116004;116005;08;3;11;000;2016;07;18;4;3;4;2;0;0;1;1;0;0;0;0;418739,765000000010000;5314353,680100000500000;7,911125391000000;47,977325295999997
116005;116006;08;2;22;000;2016;07;09;3;2;5;3;0;0;1;1;0;0;0;0;460152,287699999990000;5487896,683699999900000;8,449197864000000;49,542366579999999
116006;116007;08;3;17;096;2016;07;10;7;3;6;4;0;0;0;0;1;0;0;1;422668,533000000000000;5369733,716000000000000;7,953654716000000;48,475974655000002
116007;116008;08;2;36;074;2016;07;20;2;2;5;3;0;0;1;1;0;0;0;0;473175,614999999990000;5420083,324000000000000;8,633748641000000;48,933098340000001
116008;116009;08;1;19;091;2016;07;14;1;3;0;1;0;0;1;0;0;0;0;0;528829,809699999980000;5406006,165599999900000;9,392640028000001;48,806375537999998
116009;116010;08;3;15;006;2016;07;09;2;3;5;3;0;0;1;1;0;0;0;0;403177,841699999990000;5308288,906499999600000;7,704013671000000;47,920607122000000
116010;116011;08;3;17;096;2016;07;12;5;3;0;7;0;0;1;0;0;0;0;0;421038,749200000020000;5368404,926099999800000;7,931857529000000;48,463819776000001
116012;116013;08;1;11;000;2016;07;12;7;3;1;5;0;0;1;1;0;0;0;0;511422,265599999980000;5396756,647500000000000;9,155307370999999;48,723731055000002
116013;116014;08;1;16;033;2016;07;13;6;3;5;3;0;0;1;1;0;0;0;0;534267,319499999980000;5387194,358000000000000;9,465129388999999;48,636873090000002
116014;116015;08;2;21;000;2016;07;11;6;3;5;2;0;0;1;0;0;0;0;1;476607,039400000010000;5471967,328099999600000;8,677583241000001;49,399945332000001
116016;116017;08;4;21;000;2016;07;07;5;3;5;3;0;1;1;1;0;0;0;0;571879,087999999990000;5359890,868900000100000;9,970894130000000;48,388083154000000
116017;116018;08;1;36;088;2016;07;13;6;3;0;1;0;0;1;0;0;0;0;0;580147,276700000050000;5409438,780700000000000;10,092125264000000;48,832750578999999
116018;116019;08;1;16;081;2016;07;11;2;3;1;1;0;0;1;1;0;0;0;0;517859,139800000000000;5385882,167000000400000;9,242358532000001;48,625752527000003
116019;116020;08;4;36;049;2016;07;11;4;2;4;2;0;0;1;1;0;0;0;0;578779,567000000040000;5283736,973000000200000;10,050066760000000;47,702210176999998
116021;116022;08;2;15;105;2016;07;14;5;3;5;3;0;0;1;1;0;0;0;0;457002,458700000020000;5441671,653199999600000;8,410646344000000;49,126374908000003
116022;116023;08;3;15;015;2016;07;12;2;3;5;3;0;0;1;1;0;0;0;0;396125,262700000020000;5319687,523000000000000;7,606885859000000;48,022028869000003
116023;116024;08;2;15;090;2016;07;17;5;2;0;7;0;0;1;0;0;0;0;0;465019,965399999990000;5434045,613500000000000;8,521195434999999;49,058286135000003
116025;116026;08;2;12;000;2016;07;16;5;3;1;5;0;0;1;1;0;0;0;0;450118,909999999970000;5428580,113500000000000;8,317916060000000;49,008098037000003
116026;116027;08;4;36;069;2016;07;11;6;3;6;7;0;0;0;0;1;0;0;1;550616,849999999980000;5290982,581000000200000;9,675558035000000;47,770219781999998
116029;116030;08;1;28;007;2016;07;16;6;3;8;1;0;0;1;0;0;0;0;0;556069,805199999940000;5482521,131500000100000;9,774252767000000;49,492734445000004
116031;116032;08;2;26;096;2016;07;22;1;3;0;7;1;1;1;0;0;0;0;1;475852,024700000010000;5488919,728299999600000;8,666142446000000;49,552397919999997
116036;116037;08;1;18;046;2016;07;18;2;3;5;3;0;0;1;1;0;0;0;0;513692,017700000030000;5411483,089700000400000;9,186659545000000;48,856162902999998
116040;116041;08;3;35;043;2016;07;10;1;3;5;7;0;0;1;0;0;0;0;0;511780,519099999980000;5281673,947999999900000;9,156982201000000;47,688345030999997
116046;116047;08;3;26;074;2016;07;08;6;3;0;1;0;0;1;0;0;0;0;0;460154,983899999990000;5322518,947999999900000;8,465285929000000;48,054706525000000
116051;116052;08;2;26;018;2016;07;10;7;3;0;5;0;0;1;1;0;0;0;0;473078,033899999980000;5472023,626799999700000;8,628941415000000;49,400305871999997
116053;116054;08;1;16;004;2016;07;16;7;2;4;6;0;0;1;0;0;1;0;0;527387,064699999990000;5396474,708700000300000;9,372356990000000;48,720697741000002
116055;116056;08;1;16;047;2016;07;09;6;3;0;1;0;0;1;0;0;0;0;0;519385,937299999990000;5392351,867399999900000;9,263380804000001;48,683908895999998
116056;116057;08;2;22;000;2016;07;15;6;2;5;3;0;0;1;1;0;0;0;0;461524,077200000000000;5482929,378700000200000;8,468643129000000;49,497777278000001
116057;116058;08;2;12;000;2016;07;14;7;3;6;7;0;0;0;0;1;0;0;1;454928,391000000000000;5428822,613400000100000;8,383650736000000;49,010649350999998
116059;116060;08;2;12;000;2016;07;18;7;3;5;2;0;0;1;1;0;0;0;0;453614,389000000020000;5428085,485000000300000;8,365767260000000;49,003921464999998
116060;116061;08;3;11;000;2016;07;15;6;3;3;2;0;0;1;0;0;0;0;1;411938,328500000000000;5318959,412800000000000;7,819061248000000;48,017855128000001
116061;116062;08;1;16;079;2016;07;10;6;2;4;7;0;0;1;0;0;0;1;0;533807,405299999980000;5379120,848600000100000;9,458229511000001;48,564269205000002
116062;116063;08;2;21;000;2016;07;08;6;2;3;6;0;0;1;1;0;0;0;0;477249,617399999990000;5468034,786799999900000;8,686664515000000;49,364596937999998
116063;116064;08;2;22;000;2016;07;17;2;3;5;2;0;0;1;1;0;0;0;0;463688,989599999970000;5478018,026899999900000;8,498990396000000;49,453735444000003
116068;116069;08;2;15;099;2016;07;05;2;3;6;4;0;0;1;0;1;0;0;0;463424,841100000020000;5446676,188900000400000;8,498217649000001;49,171806678999999
116069;116070;08;4;16;041;2016;07;20;5;3;0;7;0;0;1;0;0;0;0;0;504212,246099999990000;5373294,733400000300000;9,057035300000001;48,512753158999999
116070;116071;08;1;36;033;2016;07;09;6;2;2;1;0;0;1;1;0;0;0;0;578015,446699999970000;5415476,969999999700000;10,064232114999999;48,887331275000001
116071;116072;08;1;15;045;2016;07;20;2;3;0;7;0;0;1;0;0;0;0;0;499871,000500000020000;5395078,275500000500000;8,998246528999999;48,708736967999997
116074;116075;08;2;12;000;2016;07;12;6;3;3;6;0;0;1;1;0;0;0;0;455527,725199999990000;5428762,510099999600000;8,391852663000000;49,010152202000000
116075;116076;08;3;26;074;2016;07;15;4;3;0;1;0;0;1;0;0;0;0;0;460029,410099999980000;5321401,625199999700000;8,463705203000000;48,044646436000001
116076;116077;08;3;16;014;2016;07;06;5;3;4;6;0;0;1;0;0;0;0;1;425815,119799999990000;5330380,088700000200000;8,003139843000000;48,122354408000000
116077;116078;08;1;28;007;2016;07;12;5;2;6;4;0;0;0;1;1;0;0;0;555255,878799999950000;5482348,452100000300000;9,762990392000001;49,491256030999999
116078;116079;08;4;35;016;2016;07;09;6;3;0;7;0;0;1;0;0;0;0;0;535942,675599999960000;5277816,178000000300000;9,478631675999999;47,652742975999999
116079;116080;08;1;35;019;2016;07;10;2;2;6;4;0;0;0;1;1;0;0;0;584970,376700000020000;5389975,895399999800000;10,153818777000000;48,657056537000003
116082;116083;08;4;25;137;2016;07;15;1;3;0;1;0;0;1;0;0;0;0;0;574287,074700000000000;5354426,047700000000000;10,002449331999999;48,338646752000002
116083;116084;08;2;15;090;2016;07;15;1;3;5;3;0;0;1;1;0;0;0;0;465021,794400000010000;5434043,111499999600000;8,521220684999999;49,058263732999997
116084;116085;08;1;16;049;2016;07;19;6;3;1;7;0;0;1;1;0;0;0;0;525264,094999999970000;5385658,210599999900000;9,342832675000000;48,623482516000003
116090;116091;08;1;25;006;2016;07;12;5;2;8;1;0;1;1;0;0;0;0;0;506827,681800000020000;5454439,680499999800000;9,093804251000000;49,242693598000002
116094;116095;08;3;17;009;2016;07;13;1;2;8;7;0;0;1;0;0;0;0;0;425066,861099999980000;5362871,482200000400000;7,987328284000000;48,414538739999998
116095;116096;08;1;15;046;2016;07;17;1;3;5;3;0;0;1;1;0;0;0;0;510509,152999999990000;5390162,732300000300000;9,142724146000001;48,664427807999999
116096;116097;08;3;16;009;2016;07;20;7;3;1;1;0;0;1;1;0;0;0;0;418388,795800000020000;5325004,583900000000000;7,904394569000000;48,073090866000001
116097;116098;08;3;15;074;2016;07;16;2;3;4;6;0;0;1;1;0;0;0;0;397654,374300000020000;5296432,886500000000000;7,632909772000000;47,813106234000003
116098;116099;08;1;19;086;2016;07;21;5;3;0;1;2;0;1;0;0;0;0;0;534706,341999999950000;5405675,071499999600000;9,472643322000000;48,803096754999999
116100;116101;08;2;26;037;2016;07;15;6;3;5;7;0;0;1;1;0;0;0;0;465712,660199999980000;5468651,434100000200000;8,527720404000000;49,369603654000002
116102;116103;08;1;16;049;2016;07;15;2;3;2;2;0;0;1;0;0;1;0;0;525087,268500000010000;5385649,158200000400000;9,340432644000000;48,623408198000000
116103;116104;08;2;12;000;2016;07;01;1;3;0;6;2;0;1;0;0;0;0;1;458499,422700000000000;5427237,345700000400000;8,432643599000000;48,996640106000001
116104;116105;08;4;36;081;2016;07;00;7;3;6;4;2;0;0;1;1;0;0;0;562350,616099999980000;5281604,765300000100000;9,830804511000000;47,684822171999997
116106;116107;08;1;19;020;2016;07;07;5;3;0;3;0;1;1;0;0;0;0;1;519787,728899999990000;5408332,433500000300000;9,269607730000001;48,827655864000000
116109;116110;08;1;16;047;2016;07;11;6;2;6;4;0;0;0;1;1;0;0;0;520505,089800000020000;5392173,328499999800000;9,278576769000001;48,682266994999999
116110;116111;08;2;22;000;2016;07;08;6;2;0;7;0;0;1;0;0;0;0;0;462406,945499999970000;5486071,503499999600000;8,480535902000000;49,526094303999997
116111;116112;08;2;21;000;2016;07;09;2;3;5;3;0;0;1;0;0;0;0;1;476702,123599999990000;5471808,155299999800000;8,678903065000000;49,398517243000001
116112;116113;08;3;35;043;2016;07;17;5;2;5;3;0;0;1;1;0;0;0;0;512630,365800000030000;5280057,983300000400000;9,168260090000000;47,673789093000003
116113;116114;08;2;15;106;2016;07;14;6;3;2;6;0;0;1;1;0;0;0;0;463788,497500000000000;5455088,412100000300000;8,502447767000000;49,247495768000000
116114;116115;08;3;17;039;2016;07;18;4;3;5;3;0;0;1;0;0;0;0;1;440366,005200000010000;5347142,320700000000000;8,196289940000000;48,274676853999999
116117;116118;08;4;36;081;2016;07;12;6;2;5;3;0;0;1;1;0;0;0;0;558956,620499999960000;5283107,276100000400000;9,785788033999999;47,698658516000002
116118;116119;08;3;35;063;2016;07;12;7;3;5;2;0;0;1;1;0;0;0;0;497337,786199999970000;5287750,036500000400000;8,964487275000000;47,743117343000002
116119;116120;08;3;11;000;2016;07;13;5;3;5;3;0;0;1;1;0;0;0;0;413144,554300000020000;5318397,540400000300000;7,835347526000000;48,012966044000002
116120;116121;08;2;21;000;2016;07;15;7;3;0;1;0;0;1;0;0;0;0;0;476492,093400000010000;5472857,198599999800000;8,675946336999999;49,407945146000003
116121;116122;08;1;16;033;2016;07;22;5;3;1;1;2;0;1;1;0;0;0;0;534048,043500000030000;5387377,251699999900000;9,462168165000000;48,638530361999997
116125;116126;08;2;21;000;2016;07;23;6;3;5;3;2;1;1;1;0;0;0;0;478709,554799999980000;5473048,217400000400000;8,706503089000000;49,409744957000001
116126;116127;08;3;35;043;2016;07;19;5;2;5;3;0;0;1;1;0;0;0;0;512895,202700000020000;5279290,616999999600000;9,171765540999999;47,666879358999999
116128;116129;08;3;17;088;2016;07;19;4;2;2;6;0;0;1;0;0;0;0;0;437760,504200000020000;5355135,257799999800000;8,159999123000000;48,346328415000002
116132;116133;08;1;19;086;2016;07;13;2;3;0;1;0;0;1;0;0;0;0;0;535202,434000000010000;5405126,111999999700000;9,479351975000000;48,798130628999999
116134;116135;08;3;37;116;2016;07;19;1;3;5;2;0;0;1;1;0;0;0;0;417702,391799999980000;5275749,888100000100000;7,904553881000000;47,629919197000000
116136;116137;08;1;36;088;2016;07;13;2;3;0;3;0;0;1;1;0;0;0;0;580106,539100000050000;5409748,499200000400000;10,091630788000000;48,835541519000003
116137;116138;08;3;35;043;2016;07;15;5;3;5;2;0;0;1;1;0;0;0;0;512960,170999999970000;5278338,607200000400000;9,172602683999999;47,658312183000000
116138;116139;08;1;35;019;2016;07;07;6;2;3;2;0;0;1;1;0;0;0;0;584587,766199999950000;5391384,336799999700000;10,148912306000000;48,669776448000000
116140;116141;08;1;15;003;2016;07;17;5;3;0;4;0;0;0;1;1;0;0;0;501517,737700000000000;5391705,527200000400000;9,020617995000000;48,678393565000000
116141;116142;08;3;11;000;2016;07;10;2;3;5;3;0;0;1;0;0;0;0;0;413796,455000000020000;5315052,138000000300000;7,844759158000000;47,982961230999997
116142;116143;08;1;18;046;2016;07;09;2;3;5;3;0;0;1;1;0;0;0;0;513291,250100000000000;5410915,378999999700000;9,181177589000001;48,851064606000001
116143;116144;08;3;11;000;2016;07;00;1;3;0;1;2;1;1;0;0;0;0;0;413743,061500000010000;5316484,379400000000000;7,843755987000000;47,995837575000003
116144;116145;08;1;11;000;2016;07;19;1;3;6;4;0;0;0;1;1;0;0;0;511410,293999999990000;5403543,335000000000000;9,155332696000000;48,784784104000003
116148;116149;08;3;15;076;2016;07;00;6;2;5;3;2;0;1;0;0;1;0;0;392289,974300000000000;5296980,961199999800000;7,561140909000000;47,817160387999998
116149;116150;08;2;25;109;2016;07;13;6;3;5;3;0;0;1;1;0;0;0;0;526624,464200000050000;5492376,343600000300000;9,368329356000000;49,583384752000001
116150;116151;08;3;17;031;2016;07;15;7;3;0;4;0;0;0;1;1;0;0;0;418616,794999999980000;5358645,743499999900000;7,900994969000000;48,375728520999999
116152;116153;08;1;15;003;2016;07;12;5;3;0;1;0;1;1;0;0;0;0;0;500208,288300000010000;5392969,474800000000000;9,002830168999999;48,689765989000001
116153;116154;08;3;35;043;2016;07;17;6;3;5;3;0;1;1;1;0;0;0;0;512089,393500000010000;5279902,874699999600000;9,161049064000000;47,672403819000003
116154;116155;08;2;31;000;2016;07;17;6;3;0;2;0;0;0;0;1;0;0;1;477948,610700000020000;5415598,188699999800000;8,699158868000000;48,892940248999999
116156;116157;08;4;35;059;2016;07;17;7;3;5;3;0;0;1;1;0;0;0;0;512760,534099999990000;5289881,694299999600000;9,170281923999999;47,762176277999998
116157;116158;08;2;12;000;2016;07;09;5;3;6;4;0;0;0;0;1;0;0;1;456883,987000000020000;5427701,672899999700000;8,410510812000000;49,000706088000001
116159;116160;08;1;11;000;2016;07;15;5;3;6;7;0;0;0;1;1;0;0;0;518303,547700000000000;5402813,739699999800000;9,249139956000001;48,778056092999996
116160;116161;08;1;16;080;2016;07;18;7;3;1;5;0;1;1;1;0;0;0;0;522228,622399999990000;5395362,651399999900000;9,302163564000001;48,710899040000001
116164;116165;08;3;27;049;2016;07;04;5;3;7;1;2;1;1;0;0;0;0;0;473762,016000000000000;5323823,222000000100000;8,647805701999999;48,067145664000002
116165;116166;08;2;12;000;2016;07;20;6;3;0;1;0;1;1;0;0;0;0;0;451836,977399999970000;5429720,682000000000000;8,341272247999999;49,018493929999998
116166;116167;08;2;26;084;2016;07;08;2;3;5;2;0;0;1;1;0;0;0;0;469855,364999999990000;5469691,634399999900000;8,584702212000000;49,379179067999999
116167;116168;08;2;12;000;2016;07;17;5;3;4;6;0;0;1;0;0;0;0;0;457055,634900000000000;5428470,952800000100000;8,412776123000000;49,007637832000000
116169;116170;08;1;11;000;2016;07;15;7;2;5;7;0;0;1;0;0;0;0;0;508588,228999999990000;5396327,608000000000000;9,116764430000000;48,719916894999997
116170;116171;08;1;11;000;2016;07;11;6;3;5;2;0;0;1;1;0;0;0;0;516686,617700000000000;5405626,541699999900000;9,227245435000000;48,803405177000002
116173;116174;08;3;26;074;2016;07;12;5;3;6;4;0;0;0;1;1;0;0;0;459251,367700000000000;5323344,533499999900000;8,453081439000000;48,062076984999997
116178;116179;08;3;35;043;2016;07;12;4;2;6;4;0;0;0;0;1;0;0;1;513931,617900000010000;5280036,886199999600000;9,185594439000001;47,673572538000002
116180;116181;08;2;26;082;2016;07;08;5;2;5;3;0;1;1;1;0;0;0;0;474998,261999999990000;5480306,302000000100000;8,654884525000000;49,474888518999997
116184;116185;08;3;26;005;2016;07;18;5;3;5;3;0;0;1;1;0;0;0;0;465716,149099999980000;5298431,945200000000000;8,541832506000000;47,838319261999999
116185;116186;08;1;19;020;2016;07;15;6;3;0;1;0;0;1;0;0;0;0;0;519756,666399999990000;5408054,839300000100000;9,269171134000001;48,825159673999998
116186;116187;08;4;35;029;2016;07;15;1;2;0;1;0;0;1;0;0;0;0;0;546026,030700000000000;5271501,187599999800000;9,612236111000000;47,595286625999996
116188;116189;08;3;26;031;2016;07;13;7;3;0;7;0;0;1;0;0;0;0;1;458198,420800000020000;5331287,146599999600000;8,438171717000000;48,133465371000000
116190;116191;08;4;16;031;2016;07;12;6;3;4;7;0;0;1;1;0;0;0;0;502454,313000000020000;5362969,576000000400000;9,033171681000001;48,419872703000003
116191;116192;08;2;12;000;2016;07;09;2;3;5;2;0;0;1;0;0;1;0;0;455647,401399999970000;5428325,058600000100000;8,393536901999999;49,006225895999997
116192;116193;08;1;17;019;2016;07;07;2;3;5;3;0;0;1;1;0;0;0;0;552209,511300000010000;5394699,460099999800000;9,709599991999999;48,703143945000001
116194;116195;08;4;35;016;2016;07;18;4;3;5;3;0;0;1;1;0;0;0;0;536731,435799999980000;5279696,247100000300000;9,489292868000000;47,669614398999997
116195;116196;08;1;18;048;2016;07;12;2;3;5;7;0;0;1;1;0;0;0;0;515506,083400000000000;5415620,020200000100000;9,211546896000000;48,893335014000002
116197;116198;08;3;26;003;2016;07;14;1;3;6;6;0;0;1;0;1;0;0;0;465082,486399999990000;5319702,477500000000000;8,531639568999999;48,029655951000002
116201;116202;08;4;21;000;2016;07;06;4;3;5;3;0;0;1;1;0;0;0;0;570640,389899999950000;5361114,366800000000000;9,954370888000000;48,399228872000002
116202;116203;08;3;25;049;2016;07;19;6;3;6;6;0;1;0;1;1;0;0;0;472383,138500000000000;5335083,918700000300000;8,628567790000000;48,168397827000000
116203;116204;08;2;26;076;2016;07;11;6;3;1;2;0;0;1;1;0;0;0;0;475158,605300000000000;5465531,617200000200000;8,658022158000000;49,341999526000002
116204;116205;08;2;36;028;2016;07;19;2;3;6;4;0;0;1;0;1;0;0;0;493973,135400000030000;5422423,799499999700000;8,917675708000001;48,954704667999998
116205;116206;08;3;36;050;2016;07;12;7;3;0;1;0;0;1;0;0;0;0;0;400989,909999999970000;5276323,728000000100000;7,682023338000000;47,632741596999999
116208;116209;08;2;15;108;2016;07;08;1;3;1;5;0;0;1;1;0;0;0;0;448466,130699999980000;5423243,183600000100000;8,295993951000000;48,959956753999997
116209;116210;08;4;37;104;2016;07;12;7;3;2;6;0;0;1;1;0;0;0;0;516518,268500000010000;5325958,034900000300000;9,221809727000000;48,086678397999997
116211;116212;08;4;26;070;2016;07;08;4;2;0;2;0;0;1;1;0;0;0;0;565342,834000000030000;5343104,125400000300000;9,880017566999999;48,237786950999997
116212;116213;08;1;36;088;2016;07;03;7;3;6;7;2;0;0;1;1;0;0;0;580309,795999999970000;5409869,601200000400000;10,094423819999999;48,836604479999998
116214;116215;08;1;11;000;2016;07;17;6;3;1;5;0;0;1;1;0;0;0;0;514129,131500000020000;5408954,453300000200000;9,192531346000001;48,833405972000001
116215;116216;08;2;26;037;2016;07;17;6;2;6;4;0;0;0;1;1;0;0;0;466255,766100000010000;5468675,990199999900000;8,535198893000001;49,369854848000003
116216;116217;08;2;22;000;2016;07;11;2;3;0;3;0;0;1;0;0;0;0;1;463231,801600000010000;5483915,255599999800000;8,492134230000000;49,506750639000003
116217;116218;08;2;16;043;2016;07;18;6;2;8;1;0;0;1;0;0;0;0;0;441652,223200000010000;5411671,671600000000000;8,204571656000001;48,855266653000001
116219;116220;08;4;17;002;2016;07;18;4;3;6;4;0;0;0;1;1;0;0;0;490954,208500000010000;5346581,193300000400000;8,878092345000001;48,272372443000002
116220;116221;08;4;36;049;2016;07;14;6;3;0;7;0;0;1;0;0;0;0;0;578233,160000000030000;5283219,085000000000000;10,042691945000000;47,697617579999999
116226;116227;08;4;36;064;2016;07;23;5;1;0;1;2;0;1;0;0;0;0;0;546743,546899999960000;5292503,861899999900000;9,624030031000000;47,784199364999999
116230;116231;08;3;36;050;2016;07;17;4;3;5;3;0;0;1;1;0;0;0;0;398659,599899999970000;5272953,700400000400000;7,651791729000000;47,602066692000001
116233;116234;08;4;26;070;2016;07;09;6;2;6;4;0;0;0;1;1;0;0;0;565444,817599999950000;5341945,451000000400000;9,881211885000001;48,227353278999999
116234;116235;08;1;35;032;2016;07;09;2;2;6;4;0;0;0;0;1;0;0;1;579352,156300000030000;5393243,003600000400000;10,078170018000000;48,687181508000002
116235;116236;08;3;17;096;2016;07;07;5;3;5;3;0;0;1;1;0;0;0;0;421389,115300000000000;5369827,785500000200000;7,936328749000000;48,476662134000001
116236;116237;08;1;19;020;2016;07;11;6;3;6;4;0;0;0;0;1;0;0;1;520076,571200000010000;5407073,735899999700000;9,273481546999999;48,816323609999998
116238;116239;08;2;12;000;2016;07;01;1;2;0;7;2;0;1;0;0;0;0;0;455633,872700000010000;5428576,866600000300000;8,393324408000000;49,008489961999999
116239;116240;08;3;25;049;2016;07;14;7;2;5;3;0;0;1;0;0;0;0;1;472203,901000000010000;5333205,214999999900000;8,626279978000000;48,151487795999998
116241;116242;08;4;15;061;2016;07;16;4;3;6;4;0;0;0;1;1;0;0;0;516311,391999999990000;5370832,251799999700000;9,220764990999999;48,490402117000002
116242;116243;08;1;35;020;2016;07;23;6;2;0;1;2;0;1;0;0;0;0;0;586071,665799999960000;5386022,318000000000000;10,167948712999999;48,621346086999999
116243;116244;08;1;15;021;2016;07;18;2;3;0;7;0;0;1;0;0;0;0;0;489666,423799999990000;5381898,748100000400000;8,859866334000000;48,590086495999998
116246;116247;08;3;11;000;2016;07;08;2;3;0;7;0;0;1;0;0;0;0;0;414998,477300000030000;5317017,932000000000000;7,860475226000000;48,000805235999998
116251;116252;08;4;15;050;2016;07;06;4;3;0;2;0;0;1;0;0;0;0;1;522016,098000000000000;5375786,231999999800000;9,298235285000001;48,534795432999999
116254;116255;08;2;26;084;2016;07;07;2;3;5;3;0;0;1;1;0;0;0;0;466820,242099999970000;5467742,088100000300000;8,543051712000001;49,361485623000000
116255;116256;08;3;35;043;2016;07;10;6;3;0;1;0;0;1;0;0;0;0;0;513031,499000000010000;5279349,700000000200000;9,173582777000000;47,667408236000000
116257;116258;08;2;36;043;2016;07;17;2;2;4;6;0;0;1;0;0;1;0;0;470556,796600000000000;5409686,110399999700000;8,598742049000000;48,839450362000001
116258;116259;08;4;35;059;2016;07;09;7;3;0;7;0;0;1;0;0;0;0;0;514528,260400000030000;5288820,073900000200000;9,193835595000000;47,752586907999998
116260;116261;08;1;25;056;2016;07;15;7;3;0;7;0;0;1;1;0;0;0;0;510918,809499999970000;5435913,409199999600000;9,149508862999999;49,075984247999997
116265;116266;08;2;15;007;2016;07;12;6;3;1;5;0;0;1;0;0;1;0;0;478040,157400000030000;5432188,093999999600000;8,699512406000000;49,042178720999999
116266;116267;08;3;36;050;2016;07;10;4;3;5;3;0;0;1;1;0;0;0;0;399278,851100000030000;5273672,607699999600000;7,659862574000000;47,608630028999997
116268;116269;08;2;12;000;2016;07;19;4;3;2;6;0;0;1;0;0;0;0;0;455412,599600000020000;5428681,303200000000000;8,390287362000001;49,009413430999999
116269;116270;08;2;35;079;2016;07;14;3;2;6;4;0;0;0;0;1;0;0;1;466922,185000000000000;5400141,196000000500000;8,549979023000001;48,753404549000003
116271;116272;08;2;35;060;2016;07;18;4;3;0;1;0;0;1;0;0;0;0;0;477379,397000000000000;5379465,000099999800000;8,693376173000001;48,567868832000002
116272;116273;08;4;36;082;2016;07;18;4;3;6;4;0;0;0;1;1;0;0;0;548412,626099999990000;5295030,914699999600000;9,646592942000000;47,806811799999998
116273;116274;08;3;35;075;2016;07;13;2;2;8;1;0;1;1;0;0;0;0;0;486754,176700000010000;5289970,143000000200000;8,823239508000000;47,762962305999999
116275;116276;08;3;25;011;2016;07;15;4;3;0;1;0;0;1;0;0;0;0;0;473415,366199999990000;5341227,790000000000000;8,642065624000001;48,223716433000000
116277;116278;08;2;12;000;2016;07;18;4;3;5;3;0;0;1;0;0;0;0;0;456753,597000000010000;5430252,949000000000000;8,408456360000001;49,023645995999999
116278;116279;08;2;31;000;2016;07;12;3;2;6;4;0;0;0;1;1;0;0;0;478379,494400000030000;5414858,207000000400000;8,705076367000000;48,886298801999999