FID;OBJECTID;ULAND;UREGBEZ;UKREIS;UGEMEINDE;UJAHR;UMONAT;USTUNDE;UWOCHENTAG;UKATEGORIE;UART;UTYP1;ULICHTVERH;IstStrasse;IstRad;IstPKW;IstFuss;IstKrad;IstGkfz;IstSonstig;LINREFX;LINREFY;XGCSWGS84;YGCSWGS84
116281;116282;08;2;31;000;2016;07;11;7;3;4;6;0;0;1;0;0;0;0;0;475676,390799999990000;5414611,144999999600000;8,668218854999999;48,883976124000000
116282;116283;08;2;36;046;2016;07;14;3;3;6;4;0;0;0;1;1;0;0;0;483716,917499999980000;5418135,688900000400000;8,777752389000000;48,915945278000002
116283;116284;08;2;21;000;2016;07;03;5;3;0;1;2;0;1;0;0;0;0;0;477760,529299999990000;5473602,654699999800000;8,693389542000000;49,414698086999998
116284;116285;08;4;35;016;2016;07;13;2;3;3;6;0;0;1;0;0;0;0;0;536914,628700000000000;5278825,424900000000000;9,491659472000000;47,661768846999998
116287;116288;08;1;18;048;2016;07;09;6;3;0;5;0;0;1;1;0;0;0;0;513726,098899999980000;5415671,370400000400000;9,187264736000000;48,893838936000002
116289;116290;08;1;36;065;2016;07;11;5;3;1;1;0;0;1;1;0;0;0;0;561080,113400000030000;5405537,335900000300000;9,831759234000000;48,799825714999997
116290;116291;08;3;17;065;2016;07;12;6;3;5;3;0;0;1;1;0;0;0;0;415471,832999999980000;5354672,813199999700000;7,859331896000000;48,339579157000003
116291;116292;08;4;16;025;2016;07;16;6;3;0;7;0;0;0;1;1;0;0;0;504291,929500000030000;5361465,679300000000000;9,057992898000000;48,406333007000001
116293;116294;08;1;36;088;2016;07;11;6;2;6;4;0;0;0;1;1;0;0;0;580089,535999999960000;5410157,804499999600000;10,091479114000000;48,839225102000000
116294;116295;08;1;11;000;2016;07;19;7;3;1;5;0;0;1;1;0;0;0;0;509994,511100000000000;5408207,901300000000000;9,136172727000000;48,826770418000002
116296;116297;08;2;15;017;2016;07;11;6;3;5;3;0;0;1;1;0;0;0;0;456655,629299999970000;5421345,667100000200000;8,408066109000000;48,943516684999999
116297;116298;08;3;26;003;2016;07;21;4;3;6;6;1;0;1;0;1;0;0;0;464943,964900000020000;5319485,104799999900000;8,529799387000001;48,027692694000002
116300;116301;08;2;25;014;2016;07;18;3;3;0;1;0;0;1;0;0;0;0;0;523342,988599999980000;5485304,259999999800000;9,322514342000000;49,519909675999997
116302;116303;08;4;36;064;2016;07;15;4;3;0;1;0;0;1;0;0;0;0;0;546584,894199999980000;5293718,666600000100000;9,622042543999999;47,795140443000001
116303;116304;08;3;11;000;2016;07;12;6;3;4;6;0;0;1;0;0;0;0;0;417182,772400000020000;5315628,345300000200000;7,890020127000000;47,988591921999998
116304;116305;08;4;36;049;2016;07;14;3;3;6;7;0;0;1;1;1;0;0;0;578165,375499999970000;5282988,788900000000000;10,041747395000000;47,695554000999998
116305;116306;08;1;19;008;2016;07;11;6;3;0;1;0;0;1;0;0;0;0;0;532111,156700000050000;5420496,658400000100000;9,438465738000000;48,936564683999997
116306;116307;08;2;16;059;2016;07;14;4;2;5;3;0;0;1;1;0;0;0;0;452158,223200000010000;5397604,313199999700000;8,349422563999999;48,729624803000000
116308;116309;08;2;22;000;2016;07;17;3;3;1;7;0;1;1;1;0;0;0;0;461328,888600000010000;5481823,639800000000000;8,466055872000000;49,487819348000002
116309;116310;08;3;11;000;2016;07;17;5;2;1;7;0;0;1;1;0;0;0;0;414772,420199999990000;5315257,410500000200000;7,857794927000000;47,984938528000001
116310;116311;08;1;11;000;2016;07;11;5;3;0;1;0;0;1;0;0;0;0;0;507305,420999999970000;5396882,731599999600000;9,099333404999999;48,724927162000000
116311;116312;08;2;31;000;2016;07;18;4;3;5;3;0;0;1;1;0;0;0;0;476972,852100000020000;5415312,892199999700000;8,685863141000001;48,890338325000002
116312;116313;08;3;36;081;2016;07;16;4;3;0;1;0;0;1;0;0;0;0;0;411386,469199999990000;5277999,158599999700000;7,820046129000000;47,649319816999999
116313;116314;08;4;37;076;2016;07;18;5;2;1;5;0;0;1;1;0;0;0;0;525120,533999999990000;5322034,462700000000000;9,337089888000000;48,051097302999999
116314;116315;08;2;26;084;2016;07;10;3;3;3;6;0;0;1;0;0;0;1;0;468958,464600000010000;5470209,900299999900000;8,572305660000000;49,383795704000001
116315;116316;08;3;35;021;2016;07;18;5;3;1;1;0;1;1;1;0;0;0;0;491906,019600000000000;5300740,887299999600000;8,891787597000000;47,859957021000000
116317;116318;08;2;31;000;2016;07;15;4;2;0;1;0;0;1;0;0;0;0;0;475892,959199999980000;5414772,574400000300000;8,671163339000000;48,885436747999996
116318;116319;08;4;16;036;2016;07;21;4;3;0;7;2;0;1;0;0;0;0;0;495328,643199999990000;5369488,801599999900000;8,936790759000001;48,478510217000000
116319;116320;08;2;26;084;2016;07;12;6;3;5;2;0;0;1;1;0;0;0;0;469246,078900000020000;5469744,421900000400000;8,576304333000000;49,379623422999998
116322;116323;08;2;26;012;2016;07;09;3;3;5;3;0;0;1;1;0;0;0;0;476090,096200000030000;5477922,145300000000000;8,670099575000000;49,453487631000002
116324;116325;08;3;26;074;2016;07;14;4;3;5;3;0;0;1;1;0;0;0;0;459500,483100000010000;5320093,419200000400000;8,456732548000000;48,032843526999997
116325;116326;08;4;26;097;2016;07;14;2;3;2;6;0;0;1;0;0;0;0;0;535377,289800000030000;5333373,583599999500000;9,475660279000000;48,152625952000001
116327;116328;08;3;17;040;2016;07;16;4;3;5;3;0;0;1;1;0;0;0;0;431811,203400000000000;5347460,560899999900000;8,080956714999999;48,276676092000002
116328;116329;08;4;21;000;2016;07;09;2;2;2;6;0;0;1;0;0;0;0;0;570406,179299999960000;5357093,973600000100000;9,950533477000001;48,363090239999998
116329;116330;08;3;16;009;2016;07;11;4;3;3;6;0;0;1;0;0;0;0;0;416759,264000000020000;5324810,251000000200000;7,882560726000000;48,071132124999998
116331;116332;08;1;36;044;2016;07;18;4;3;5;3;0;0;1;1;0;0;0;0;558261,910599999940000;5408329,822200000300000;9,793782715000001;48,825214780000003
116333;116334;08;2;12;000;2016;07;18;5;3;0;7;0;0;1;0;0;0;0;0;454254,465000000030000;5428880,097000000100000;8,374428966000000;49,011116827000002
116334;116335;08;3;16;011;2016;07;03;7;2;0;1;2;0;1;0;0;0;0;0;413956,924699999970000;5330609,299100000400000;7,843780268000000;48,122923772999997
116337;116338;08;2;21;000;2016;07;18;6;3;2;6;0;0;1;1;0;0;0;0;478435,993599999990000;5471139,029199999800000;8,702835640000000;49,392562429000002
116339;116340;08;1;16;080;2016;07;13;6;3;0;7;0;0;1;0;0;0;0;0;519058,467699999980000;5394753,854000000300000;9,259042624999999;48,705527261000000
116340;116341;08;2;21;000;2016;07;12;3;3;5;7;0;0;1;1;0;0;0;0;477699,364400000020000;5472751,499699999600000;8,692594099000001;49,407039841000000
116343;116344;08;3;17;096;2016;07;12;3;2;8;7;0;0;1;0;0;0;0;0;421837,787100000020000;5368864,035000000100000;7,942578735000000;48,468049223999998
116344;116345;08;4;21;000;2016;07;17;4;2;6;4;0;0;0;1;1;0;0;0;572176,564600000040000;5356620,324400000300000;9,974350122000001;48,358629659999998
116346;116347;08;3;35;043;2016;07;15;6;3;6;6;0;0;0;1;1;0;0;0;511079,703600000010000;5280409,105499999600000;9,147611356000001;47,676976807000003
116349;116350;08;4;35;029;2016;07;11;6;3;1;7;0;0;1;1;0;0;0;0;545059,238000000010000;5271126,150700000100000;9,599338081999999;47,591980208999999
116353;116354;08;3;36;050;2016;07;14;3;3;0;7;0;0;0;0;1;0;0;1;399275,916900000010000;5274048,087700000000000;7,659737239000000;47,612007140999999
116354;116355;08;2;16;043;2016;07;18;3;3;5;3;0;0;1;1;0;0;0;0;440596,552000000030000;5412773,992800000100000;8,190021682999999;48,865081783999997
116355;116356;08;1;11;000;2016;07;07;5;3;3;6;0;0;1;0;0;0;0;0;513935,137999999980000;5405535,324000000000000;9,189771757999999;48,802652373000001
116356;116357;08;4;35;030;2016;07;15;4;3;4;6;0;1;1;1;0;0;0;0;540803,417999999950000;5271637,593799999900000;9,542781272999999;47,596863667000001
116357;116358;08;2;15;109;2016;07;20;6;2;6;4;0;0;0;1;1;0;0;0;462119,734500000020000;5435061,639499999600000;8,481403801000001;49,067253930000000
116359;116360;08;4;15;061;2016;07;21;6;3;0;1;2;0;1;0;0;0;0;0;516573,793699999980000;5372773,548800000000000;9,224393481000000;48,507859805999999
116361;116362;08;1;35;019;2016;07;15;6;2;9;7;0;0;0;1;1;0;0;0;583446,123600000050000;5393219,170900000300000;10,133779485000000;48,686433196999999
116363;116364;08;2;16;009;2016;07;20;3;3;5;2;0;1;1;1;0;0;0;0;446336,459900000020000;5419881,458200000200000;8,267345699000000;48,929536935000002
116364;116365;08;3;35;043;2016;07;19;5;2;0;7;1;0;1;0;0;0;0;0;514014,747299999990000;5280049,127399999600000;9,186702260000001;47,673680883999999
116365;116366;08;1;11;000;2016;07;09;5;3;5;2;0;0;1;1;0;0;0;0;510338,799999999990000;5402145,389899999800000;9,140710932999999;48,772227012999998
116366;116367;08;2;26;095;2016;07;18;4;2;0;3;0;0;1;1;0;0;0;0;474405,221800000000000;5461255,492200000200000;8,647925275000000;49,303504885000002
116368;116369;08;2;26;018;2016;07;09;6;3;5;3;0;0;1;1;0;0;0;0;473255,233599999980000;5472798,401800000100000;8,631331487000001;49,407282627999997
116370;116371;08;3;15;006;2016;07;17;4;3;5;2;0;0;1;1;0;0;0;0;403829,789500000010000;5307923,461699999900000;7,712819406000000;47,917418068000003
116371;116372;08;4;15;059;2016;07;17;3;2;3;6;0;0;1;0;0;0;0;0;516381,269700000000000;5368652,898699999800000;9,221625311000000;48,470794044999998
116372;116373;08;1;28;014;2016;07;11;4;2;4;2;0;0;1;1;0;0;0;0;546294,356099999980000;5481275,185899999900000;9,639130106000000;49,482352702000000
116375;116376;08;1;18;048;2016;07;18;6;3;4;6;0;0;1;0;0;0;0;0;511852,655199999980000;5417545,767599999900000;9,161759924000000;48,910739186000001
116376;116377;08;1;27;014;2016;07;20;4;3;0;3;0;0;1;0;0;1;0;0;579210,559200000020000;5442415,382700000000000;10,085787977000001;49,129463604999998
116377;116378;08;4;16;041;2016;07;17;5;3;0;7;0;1;1;0;0;0;0;0;503679,472699999980000;5374231,737099999600000;9,049829630000000;48,521186139999998
116380;116381;08;4;36;064;2016;07;04;4;3;0;1;2;0;1;0;0;0;0;0;546478,974200000060000;5293498,162600000400000;9,620604670000001;47,793164226999998
116381;116382;08;2;26;105;2016;07;16;4;3;1;7;0;0;1;0;0;0;0;1;470107,478899999990000;5477996,526499999700000;8,587549943000001;49,453891765999998
116382;116383;08;4;36;064;2016;07;07;4;3;4;6;0;0;1;1;0;0;0;0;545632,976400000040000;5290583,876000000200000;9,609002957000000;47,767004835000002
116383;116384;08;4;16;041;2016;07;18;2;2;0;1;0;0;1;0;0;0;0;0;504564,400399999980000;5376428,973199999900000;9,061837910000000;48,540947426999999
116387;116388;08;2;15;102;2016;07;09;3;3;7;7;0;0;1;0;0;0;0;0;456140,886400000020000;5437007,187400000200000;8,399344362000001;49,084357359000002
116388;116389;08;2;12;000;2016;07;14;3;3;5;2;0;0;1;0;0;1;0;0;452235,856000000030000;5430980,770499999600000;8,346578968999999;49,029859430000002
116389;116390;08;3;11;000;2016;07;16;7;3;0;7;0;0;0;0;1;0;0;1;413212,482200000030000;5315444,046500000200000;7,836855609000000;47,986407620000001
116390;116391;08;4;25;031;2016;07;11;7;2;0;1;0;0;1;0;0;0;0;0;566517,125299999960000;5367296,790300000500000;9,899652945000000;48,455290830999999
116391;116392;08;1;17;025;2016;07;11;4;3;6;2;0;0;0;1;1;0;0;1;557339,517499999960000;5389847,964900000000000;9,778644511000000;48,659052871000000
116393;116394;08;4;15;061;2016;07;13;2;2;6;4;0;0;0;1;1;0;0;0;516107,241800000020000;5371241,785400000400000;9,218017755000000;48,494091689999998
116394;116395;08;1;27;008;2016;07;07;7;3;4;2;0;0;1;1;0;0;0;0;570825,454299999980000;5461456,023199999700000;9,974226691000000;49,301738401999998
116395;116396;08;2;12;000;2016;07;20;3;3;0;7;0;0;1;0;0;0;0;0;456224,300999999980000;5428707,740700000000000;8,401383522000000;49,009709354999998
116396;116397;08;3;26;074;2016;07;14;6;3;0;1;0;0;1;0;0;0;0;0;454905,191500000020000;5322725,911399999600000;8,394816527000000;48,056219038999998
116397;116398;08;4;26;070;2016;07;21;6;3;0;7;2;0;1;0;0;0;0;0;564953,962399999960000;5341858,862200000300000;9,874590069000000;48,226624807999997
116398;116399;08;1;15;042;2016;07;16;4;3;1;7;0;0;1;1;0;0;0;0;494931,266200000010000;5406235,270100000300000;8,930964060000001;48,809084572000003
116400;116401;08;1;11;000;2016;07;16;6;3;5;3;0;0;0;1;1;0;0;0;515360,539999999980000;5399183,540500000100000;9,208945812000000;48,745478703000003
116401;116402;08;2;11;000;2016;07;11;3;3;8;7;0;0;1;0;0;0;0;0;440056,694000000020000;5403901,193000000000000;8,183958325000001;48,785219224000002
116402;116403;08;3;36;081;2016;07;08;5;3;5;3;0;0;1;1;0;0;0;0;411740,221499999990000;5278275,979799999900000;7,824699698000000;47,651858400999998
116403;116404;08;1;11;000;2016;07;07;5;3;5;2;0;0;1;1;0;0;0;1;515294,803100000020000;5397384,743300000200000;9,207984848000001;48,729298397000001
116404;116405;08;4;26;021;2016;07;08;4;2;1;1;0;1;1;0;0;0;0;1;560119,340199999980000;5329098,635499999900000;9,807695345999999;48,112310235000002
116405;116406;08;1;16;014;2016;07;07;6;3;5;3;0;1;1;1;0;0;0;0;527021,555500000020000;5395877,537300000000000;9,367348483000001;48,715341614000003
116407;116408;08;2;16;041;2016;07;19;3;2;0;7;0;1;1;0;0;0;0;0;434092,272400000020000;5391801,689000000200000;8,104705678000000;48,675781505000003
116408;116409;08;1;19;008;2016;07;11;5;3;6;4;0;0;0;1;1;0;0;0;532047,334099999980000;5421105,248300000100000;9,437642152000001;48,942042532999999
116412;116413;08;1;25;026;2016;07;14;6;2;6;4;0;0;0;1;1;0;0;0;493428,762800000030000;5442312,684700000100000;8,909917250000000;49,133610310999998
116414;116415;08;4;21;000;2016;07;16;5;3;0;6;0;0;1;1;0;0;0;0;570092,550799999970000;5356246,688500000200000;9,946158710000001;48,355503482000003
116415;116416;08;1;36;019;2016;07;08;3;3;0;1;0;0;1;0;0;0;0;0;583151,030200000040000;5424469,969499999700000;10,136107895000000;48,967546233000000
116416;116417;08;3;36;105;2016;07;09;5;2;5;2;0;0;1;1;0;0;0;0;399224,320899999990000;5267267,132799999800000;7,660607872000000;47,551001841000001
116418;116419;08;2;26;095;2016;07;18;4;2;5;3;0;0;1;0;0;0;0;1;473939,902599999970000;5460556,331799999800000;8,641570215000000;49,297196280999998
116419;116420;08;3;36;091;2016;07;16;4;3;5;2;0;0;1;1;0;0;0;0;397164,826599999970000;5272149,084300000200000;7,632100123000000;47,594593551999999
116423;116424;08;1;21;000;2016;07;17;4;3;5;3;0;0;1;1;0;0;0;0;516524,097000000010000;5444455,528099999800000;9,226610052000000;49,152698813000001
116426;116427;08;2;22;000;2016;07;14;4;3;5;3;0;0;1;1;0;0;0;0;465972,821300000010000;5482741,807199999700000;8,530094627000000;49,496356022999997
116427;116428;08;3;35;043;2016;07;23;4;2;0;7;2;1;1;0;0;0;0;0;513065,468600000020000;5278795,721099999700000;9,174018691000001;47,662423029999999
116428;116429;08;4;15;061;2016;07;06;2;3;3;2;0;0;1;0;0;1;0;0;513084,244699999980000;5371459,032599999600000;9,177107353000000;48,496116350999998
116429;116430;08;2;21;000;2016;07;19;7;3;1;5;0;0;1;1;0;0;0;0;477370,462799999980000;5472793,705099999900000;8,688057979000000;49,407407331000002
116430;116431;08;3;36;091;2016;07;16;4;3;6;4;0;0;0;1;1;0;0;0;395707,354600000020000;5271927,521499999800000;7,612771524000000;47,592367754999998
116431;116432;08;3;17;096;2016;07;13;3;3;5;3;0;0;1;1;0;0;0;0;422668,533000000000000;5369733,716000000000000;7,953654716000000;48,475974655000002
116434;116435;08;2;26;032;2016;07;22;4;2;5;3;2;0;1;1;0;0;0;0;466369,687700000010000;5464197,323699999600000;8,537146118000001;49,329576549000002
116435;116436;08;3;35;063;2016;07;10;3;3;0;2;0;0;1;1;0;0;0;0;496942,839099999980000;5288025,767099999800000;8,959216924000000;47,745596501999998
116436;116437;08;1;19;079;2016;07;09;4;3;5;3;0;0;1;1;0;0;0;0;522788,392100000000000;5408571,347799999600000;9,310504448000000;48,829702216999998
116437;116438;08;4;21;000;2016;07;12;3;2;5;3;0;0;1;1;0;0;0;0;572157,096000000020000;5360758,066999999800000;9,974797710000001;48,395852085000001
116439;116440;08;3;17;009;2016;07;20;7;3;0;7;0;0;1;0;0;0;0;0;425048,845700000010000;5362060,281800000000000;7,987229782000000;48,407239740999998
116440;116441;08;3;35;075;2016;07;17;2;3;0;7;0;0;1;0;0;0;0;0;487572,592300000020000;5290496,801699999700000;8,834145843000000;47,767717228000002
116441;116442;08;1;18;073;2016;07;15;7;3;5;3;0;0;1;1;0;0;0;0;499094,681999999970000;5418228,838000000500000;8,987643070000001;48,916996695000002
116442;116443;08;2;21;000;2016;07;05;6;3;1;5;0;0;1;1;0;0;0;0;477435,238499999980000;5469856,178999999500000;8,689117686000000;49,380987079999997
116443;116444;08;1;16;049;2016;07;17;6;3;5;3;0;0;1;1;0;0;0;0;525461,138999999970000;5384678,217199999800000;9,345446343000001;48,614658456000001
116446;116447;08;3;17;096;2016;07;17;6;3;0;7;0;0;1;0;0;0;0;0;421578,585399999980000;5369304,205099999900000;7,938990192000000;48,471976243999997
116449;116450;08;2;31;000;2016;07;11;7;3;2;2;0;0;1;1;0;0;0;0;481493,788000000000000;5417677,173000000400000;8,747430002000000;48,911758159999998
116450;116451;08;3;35;043;2016;07;18;2;3;0;1;0;0;1;0;0;0;0;0;512808,286100000030000;5281630,337100000100000;9,170676448000000;47,687933082000001
116452;116453;08;1;16;078;2016;07;17;4;3;5;3;0;0;1;1;0;0;0;0;510277,801199999990000;5394252,074799999600000;9,139683873999999;48,701219739999999
116454;116455;08;1;15;050;2016;07;16;6;3;0;1;0;0;1;0;0;0;0;0;490727,926800000020000;5399669,054499999600000;8,873862960000000;48,749966786000002
116455;116456;08;3;11;000;2016;07;08;3;3;0;7;0;0;1;1;0;0;0;0;414192,168500000030000;5318220,353799999700000;7,849427587000000;48,011513731000001
116456;116457;08;1;18;048;2016;07;08;3;3;3;7;0;0;1;0;0;0;0;0;513432,434599999980000;5415678,367200000200000;9,183258535000000;48,893908314000001
116459;116460;08;2;15;009;2016;07;13;6;2;6;4;0;0;0;1;1;0;0;0;470340,962100000000000;5441047,660699999900000;8,593512948000001;49,121550458999998
116460;116461;08;4;35;024;2016;07;12;3;3;5;3;0;0;1;1;0;0;0;0;527898,309499999970000;5279809,036399999600000;9,371638539999999;47,671070651999997
116462;116463;08;1;19;001;2016;07;16;4;3;5;3;0;0;1;1;0;0;0;0;553430,190999999990000;5414834,529600000000000;9,728808192000001;48,884159836000002
116463;116464;08;4;25;039;2016;07;11;5;3;5;3;0;0;1;1;0;0;0;0;565672,192799999960000;5352303,697100000500000;9,885882488000000;48,320509258000001
116464;116465;08;4;16;041;2016;07;17;6;3;6;7;0;0;0;1;1;0;0;0;504412,125600000030000;5373891,381799999600000;9,059748049000000;48,518119456999997
116465;116466;08;1;11;000;2016;07;07;4;3;5;3;0;0;1;0;0;0;0;1;509889,886999999990000;5406761,754400000000000;9,134712386000000;48,813762738999998
116467;116468;08;4;36;064;2016;07;13;5;3;5;3;0;0;1;1;0;0;0;0;546019,695100000010000;5291965,306699999600000;9,614310043000000;47,779406104000003
116468;116469;08;1;18;071;2016;07;07;3;3;5;3;0;1;1;1;0;0;0;0;508582,745300000010000;5418982,262799999700000;9,117163938999999;48,923715463000001
116469;116470;08;3;35;043;2016;07;18;5;3;6;4;0;0;0;1;1;0;0;0;510756,561099999990000;5281508,845700000400000;9,143333347000000;47,686877353000000
116470;116471;08;1;11;000;2016;07;08;5;3;5;3;0;0;1;1;0;0;0;0;514462,152899999990000;5401694,217600000100000;9,196813552000000;48,768086126000000
116472;116473;08;4;16;036;2016;07;16;4;3;0;1;0;0;1;0;0;0;0;0;495475,495400000010000;5370016,073099999700000;8,938772142000000;48,483254850000002
116476;116477;08;1;17;023;2016;07;13;3;3;5;3;0;0;1;1;0;0;0;0;547887,560900000040000;5387593,110100000200000;9,650039945000000;48,639565202999997
116477;116478;08;2;22;000;2016;07;14;5;3;5;3;0;0;1;1;0;0;0;0;461662,548799999990000;5483453,887500000200000;8,470504450000000;49,502503713000003
116478;116479;08;3;35;098;2016;07;10;2;3;2;6;0;0;1;0;0;0;0;0;502196,180400000010000;5294405,562599999800000;9,029329705000000;47,803002483999997
116480;116481;08;3;11;000;2016;07;14;5;3;4;2;0;0;1;1;0;0;0;0;414529,735999999980000;5316023,791400000500000;7,854390613000000;47,991800050999998
116482;116483;08;2;15;102;2016;07;06;4;3;3;2;0;0;1;1;0;0;0;0;455295,660199999980000;5436311,599800000000000;8,387846483000001;49,078039752999999
116483;116484;08;3;35;079;2016;07;11;4;3;6;4;0;0;0;1;1;0;0;0;500686,145599999990000;5299827,583800000100000;9,009171976999999;47,851790278999999
116485;116486;08;2;15;066;2016;07;21;4;3;5;3;1;0;1;1;0;0;0;0;461263,866600000010000;5449462,009800000100000;8,468303669000001;49,196732353000002
116486;116487;08;3;35;043;2016;07;23;3;3;5;3;2;1;1;1;0;0;0;0;511060,290400000000000;5281094,238599999800000;9,147370080000000;47,683141736000003
116489;116490;08;2;16;015;2016;07;21;5;2;5;3;2;0;1;1;0;0;0;0;449853,607900000000000;5405838,993200000400000;8,317081762000001;48,803517388000003
116490;116491;08;3;16;017;2016;07;17;7;2;5;3;0;0;1;1;0;0;0;0;410471,859500000020000;5340469,462700000000000;7,794883286000000;48,211134680999997
116491;116492;08;3;25;009;2016;07;14;2;3;0;1;0;0;1;0;0;0;0;0;468874,532300000020000;5341325,300599999700000;8,580922443000000;48,224387116999999
116492;116493;08;1;18;003;2016;07;21;7;3;0;7;2;0;0;1;1;0;0;0;510746,535500000000000;5415982,031499999600000;9,146622977000000;48,896692410999997
116493;116494;08;2;16;039;2016;07;18;6;3;5;2;0;0;1;1;0;0;0;0;443945,511000000000000;5415411,177600000100000;8,235319550000000;48,889114997999997
116497;116498;08;2;12;000;2016;07;10;7;3;5;3;0;0;1;1;0;0;0;0;456231,554999999990000;5428469,906700000200000;8,401508355000001;49,007570526000002
116498;116499;08;3;15;074;2016;07;18;3;3;0;7;0;0;1;0;0;0;0;0;396767,115999999980000;5296454,608000000000000;7,621056504000000;47,813159882000001
116499;116500;08;1;18;027;2016;07;15;4;3;5;3;0;0;1;1;0;0;0;0;502961,434000000010000;5412634,252999999600000;9,040380859000001;48,866662595999998
116500;116501;08;1;11;000;2016;07;15;3;3;6;4;0;0;0;1;1;0;0;0;515633,149600000000000;5405894,349200000100000;9,212909163999999;48,805841725999997
116501;116502;08;3;25;001;2016;07;17;6;3;0;7;0;0;1;0;0;0;0;0;455883,746900000030000;5345716,867200000200000;8,405563445000000;48,263124511999997
116503;116504;08;4;35;029;2016;07;15;6;3;5;3;0;0;1;1;0;0;0;0;542275,241400000060000;5270741,512600000000000;9,562272654999999;47,588706962000003
116504;116505;08;1;15;045;2016;07;14;4;3;0;4;0;0;0;1;1;0;0;0;497428,663000000000000;5396904,514700000200000;8,965036809000001;48,725160635000002
116508;116509;08;1;11;000;2016;07;22;5;3;0;6;2;1;1;1;0;0;0;0;513654,047100000030000;5407857,575100000000000;9,186021092000001;48,823549262000000
116511;116512;08;1;25;026;2016;07;11;5;3;0;6;0;0;1;1;0;0;0;0;495475,314100000020000;5446613,766800000300000;8,937924347999999;49,172318623000002
116512;116513;08;4;36;081;2016;07;12;4;3;6;2;0;0;0;1;1;0;0;0;562553,188100000030000;5281552,826200000000000;9,833495986999999;47,684335316000002
116513;116514;08;3;15;113;2016;07;10;6;3;5;3;0;0;1;1;0;0;0;0;440883,597699999980000;5306973,147800000400000;8,208828487000000;47,913356507000003
116515;116516;08;1;27;076;2016;07;06;6;2;5;3;0;0;1;0;0;0;0;0;554879,766999999990000;5440354,315000000400000;9,752027249999999;49,113579725000001
116516;116517;08;4;35;013;2016;07;21;5;3;4;6;1;0;1;0;0;0;0;0;539968,384199999970000;5275136,034300000400000;9,531993009000001;47,628392587999997
116517;116518;08;3;26;074;2016;07;16;5;3;0;1;0;0;1;0;0;0;0;0;463701,902000000000000;5324150,470999999900000;8,512744656000001;48,069596603000001
116518;116519;08;1;11;000;2016;07;16;5;3;5;3;0;0;1;1;0;0;0;0;510143,167699999990000;5409920,080600000000000;9,138240502000000;48,842170516000003
116519;116520;08;2;15;017;2016;07;08;4;3;3;3;0;0;1;1;0;0;0;0;456912,353599999970000;5421608,867700000300000;8,411544041999999;48,945902171999997
116520;116521;08;4;15;061;2016;07;21;4;2;1;5;2;0;1;1;0;0;0;0;516155,721200000030000;5371679,900399999700000;9,218690887999999;48,498031877999999
116523;116524;08;3;17;057;2016;08;15;4;3;5;3;0;0;1;1;0;0;0;0;411937,213899999970000;5380738,270200000100000;7,806159388000000;48,573542689999996
116527;116528;08;1;21;000;2016;08;12;5;2;5;3;0;0;1;1;0;0;0;0;511505,356099999980000;5442267,577800000100000;9,157721329999999;49,133131972000001
116529;116530;08;1;15;041;2016;07;15;1;3;7;7;0;0;1;0;0;0;0;0;494900,201300000020000;5401374,161100000100000;8,930601285000000;48,765354055000003
116530;116531;08;3;15;102;2016;08;18;1;3;0;1;0;0;1;0;0;0;0;0;438700,947800000020000;5294487,620000000100000;8,181390622000000;47,800825615999997
116531;116532;08;2;21;000;2016;08;09;5;3;1;5;0;0;1;1;0;0;0;0;477335,803799999990000;5473888,804300000000000;8,687517700000001;49,417256279999997
116535;116536;08;3;35;063;2016;08;15;3;2;8;7;0;0;1;0;0;0;0;0;497969,644299999990000;5287352,580900000400000;8,972917829000000;47,739543498000003
116537;116538;08;3;25;045;2016;08;09;2;3;0;7;0;0;0;1;1;0;0;0;467924,190300000020000;5348581,127799999900000;8,567577149000000;48,289617010999997
116538;116539;08;3;35;075;2016;08;16;2;3;5;3;0;0;1;1;0;0;0;0;490442,939100000020000;5288941,882399999500000;8,872487101999999;47,753775736999998
116544;116545;08;1;11;000;2016;08;13;7;3;6;7;0;0;1;0;1;0;0;0;512875,071500000020000;5402265,551199999600000;9,175233164000000;48,773260663999999
116546;116547;08;3;17;096;2016;08;13;2;3;0;5;0;0;1;1;0;0;0;0;421546,953400000000000;5368777,341300000400000;7,938661141000000;48,467233210000003
116547;116548;08;3;11;000;2016;08;17;3;3;0;7;0;1;1;0;0;0;0;0;414070,415500000000000;5315240,227900000300000;7,848392182000000;47,984690036000003
116548;116549;08;2;26;085;2016;08;19;7;3;0;7;1;0;1;0;0;0;0;0;492460,216200000020000;5454248,415099999900000;8,896415927000000;49,240964765000001
116549;116550;08;3;35;043;2016;08;00;7;3;0;7;2;0;1;0;0;0;0;0;512864,625799999980000;5278882,291699999900000;9,171346230999999;47,663205990000002
116550;116551;08;3;15;004;2016;08;18;4;3;5;3;0;0;1;1;0;0;0;0;394372,912000000010000;5293568,832800000000000;7,589788350000000;47,786814428000000
116551;116552;08;2;15;106;2016;08;14;6;1;5;3;0;0;1;1;0;0;0;0;466339,824499999990000;5454941,339399999900000;8,537514548000001;49,246318510999998