FID;OBJECTID;ULAND;UREGBEZ;UKREIS;UGEMEINDE;UJAHR;UMONAT;USTUNDE;UWOCHENTAG;UKATEGORIE;UART;UTYP1;ULICHTVERH;IstStrasse;IstRad;IstPKW;IstFuss;IstKrad;IstGkfz;IstSonstig;LINREFX;LINREFY;XGCSWGS84;YGCSWGS84
116553;116554;08;4;37;088;2016;08;15;7;3;5;3;0;0;1;1;0;0;0;0;520392,220600000000000;5303247,525899999800000;9,272750592000000;47,882237281000002
116556;116557;08;2;26;031;2016;08;19;5;3;5;3;0;0;1;1;0;0;0;0;474729,267100000000000;5493173,360200000000000;8,650346884999999;49,590611623000001
116557;116558;08;1;21;000;2016;08;14;6;3;4;6;0;0;1;0;0;0;0;0;516099,962999999990000;5443075,242999999800000;9,220738401000000;49,140293974000002
116559;116560;08;3;17;096;2016;08;11;2;3;6;6;0;0;1;0;1;0;0;0;422496,196600000020000;5369692,794300000200000;7,951330885000000;48,475585346999999
116560;116561;08;2;12;000;2016;08;09;3;3;6;4;0;0;1;0;1;0;0;0;456522,780499999990000;5428034,191800000100000;8,405537016000000;49,003671803000003
116564;116565;08;1;11;000;2016;08;16;5;2;0;7;0;0;1;0;0;0;0;0;514076,151799999990000;5402534,708999999800000;9,191589310000000;48,775655972999999
116565;116566;08;4;26;108;2016;08;10;5;2;5;3;0;0;1;0;0;0;0;0;572354,783999999990000;5336477,690899999800000;9,973308700000001;48,177416979000000
116566;116567;08;3;17;096;2016;08;12;2;2;6;2;0;0;0;1;1;0;0;0;420475,134800000000000;5370181,915300000500000;7,923896709000000;48,479732534000000
116569;116570;08;1;16;019;2016;08;15;3;3;0;1;0;0;1;0;0;0;0;0;522390,271300000020000;5396873,547600000200000;9,304442905000000;48,724485176000002
116571;116572;08;3;11;000;2016;08;16;2;3;0;7;0;0;1;1;0;0;0;0;414585,611199999980000;5318371,499099999700000;7,854671942000000;48,012926049999997
116574;116575;08;2;15;017;2016;08;08;3;3;3;2;0;0;1;1;0;0;0;0;455424,311999999980000;5422189,785000000100000;8,391159188000000;48,951022172000002
116577;116578;08;1;11;000;2016;08;15;5;3;6;7;0;0;0;1;1;0;0;0;518435,030000000030000;5403053,301000000000000;9,250940361000000;48,780207273999999
116578;116579;08;3;11;000;2016;08;08;2;3;2;2;0;0;1;1;0;0;0;0;414072,407499999970000;5317972,066599999600000;7,847871837000000;48,009264207999998
116579;116580;08;3;15;022;2016;08;13;5;1;6;4;0;0;0;0;1;0;1;0;398269,518800000020000;5301267,095900000100000;7,639988234000000;47,856687067000003
116583;116584;08;2;21;000;2016;08;10;5;3;3;2;0;0;1;0;0;0;0;1;476335,892300000010000;5471754,527200000400000;8,673858857000001;49,398020739000003
116585;116586;08;2;15;090;2016;08;17;5;3;0;1;0;1;1;0;0;0;0;0;464462,641699999980000;5433279,118599999700000;8,513634378000001;49,051359456999997
116587;116588;08;4;37;076;2016;08;14;4;3;3;6;0;0;1;0;0;0;0;0;526536,867199999980000;5322450,765900000000000;9,356120974000000;48,054785422999998
116588;116589;08;2;15;007;2016;08;08;2;1;6;4;0;0;0;1;1;0;0;0;479048,027999999990000;5431300,041000000200000;8,713349331000000;49,034225374000002
116589;116590;08;2;31;000;2016;08;06;5;3;0;5;0;0;1;1;0;0;0;0;476059,242000000030000;5415444,554899999900000;8,673392144999999;48,891488092000003
116590;116591;08;3;35;063;2016;08;12;2;3;6;4;0;0;0;1;1;0;0;0;497913,558599999990000;5287544,710199999600000;8,972168802000001;47,741272021000000
116592;116593;08;3;35;063;2016;08;12;1;3;5;2;0;0;1;1;0;0;0;0;498393,147699999970000;5287215,254200000300000;8,978567292999999;47,738309082000001
116593;116594;08;2;15;102;2016;08;19;1;3;0;6;0;0;1;1;0;0;0;0;456069,895200000030000;5436348,870900000400000;8,398443711000001;49,078430744000002
116595;116596;08;2;22;000;2016;08;20;5;2;3;2;2;1;1;1;0;0;0;0;461522,684699999980000;5481590,684500000400000;8,468754227000000;49,485736359000001
116598;116599;08;3;11;000;2016;08;17;3;3;5;3;0;1;1;1;0;0;0;0;412980,582600000020000;5316370,078999999900000;7,833560585000000;47,994706082999997
116599;116600;08;2;26;032;2016;08;11;7;3;5;3;0;0;1;1;0;0;0;0;467204,607499999980000;5463044,269000000300000;8,548731530000000;49,319250464000000
116601;116602;08;4;36;082;2016;08;07;4;3;5;3;0;0;1;1;0;0;0;0;547811,541300000040000;5294941,159099999800000;9,638555550000000;47,806049211999998
116606;116607;08;3;35;043;2016;08;17;2;3;1;5;0;0;1;1;0;0;0;0;513459,709199999980000;5279848,737300000200000;9,179301991999999;47,671889634999999
116607;116608;08;3;17;065;2016;08;21;1;2;6;4;1;0;0;1;1;0;0;0;413631,958199999990000;5355399,159599999900000;7,834359957000000;48,345863627000000
116608;116609;08;4;26;021;2016;08;18;7;2;5;3;0;0;1;1;0;0;0;0;557492,792200000030000;5328104,659199999600000;9,772277439000000;48,103610799999998
116609;116610;08;2;35;079;2016;08;11;4;3;5;3;0;0;1;0;0;1;0;0;466866,620999999980000;5399406,162999999700000;8,549282247000001;48,746789436000000
116610;116611;08;3;25;070;2016;08;18;6;2;5;3;0;0;1;1;0;0;0;0;461467,386799999980000;5350122,434500000400000;8,480393919000001;48,303122926000000
116611;116612;08;1;18;048;2016;08;16;6;3;5;3;0;1;1;0;0;0;0;1;510937,625000000000000;5418546,453599999700000;9,149298856000000;48,919757914999998
116612;116613;08;2;31;000;2016;08;16;4;2;5;2;0;0;1;1;0;0;0;0;482812,807099999980000;5411056,675599999700000;8,765709959000001;48,852239996000002
116615;116616;08;2;25;032;2016;08;14;7;3;0;1;0;0;1;0;0;0;0;0;534183,687099999980000;5496193,866499999500000;9,473234338999999;49,617340947999999
116624;116625;08;1;15;021;2016;08;16;3;2;5;3;0;0;1;1;0;0;0;0;488132,261999999990000;5384434,633000000400000;8,838989148000000;48,612872643000003
116625;116626;08;1;11;000;2016;08;15;7;3;5;3;0;0;1;1;0;0;0;0;513215,666299999980000;5402411,048000000400000;9,179873403000000;48,774562400999997
116627;116628;08;2;12;000;2016;08;17;5;3;5;3;0;1;1;1;0;0;0;0;452378,396599999980000;5427660,951299999800000;8,348918385999999;49,000008643000001
116630;116631;08;2;15;064;2016;08;18;2;3;0;6;0;0;1;1;0;0;0;0;478309,238000000010000;5451426,619500000000000;8,702159525000001;49,215244435000002
116631;116632;08;2;35;020;2016;08;12;5;3;6;4;0;0;0;1;1;0;0;0;476076,711599999980000;5381707,039500000000000;8,675589439000000;48,587990144000003
116632;116633;08;1;35;021;2016;08;20;6;3;6;7;1;0;0;0;1;0;0;1;592076,978200000010000;5385291,906999999700000;10,249256074000000;48,613921613000002
116634;116635;08;4;15;061;2016;08;09;5;2;6;7;0;0;0;1;1;0;0;0;515970,590800000010000;5371404,204599999800000;9,216174356000000;48,495556358000002
116636;116637;08;3;16;037;2016;08;06;5;2;5;3;0;0;1;1;0;0;0;0;404992,941799999970000;5334641,080000000100000;7,722455038000000;48,157913765000004
116639;116640;08;4;36;011;2016;07;13;7;3;5;3;0;0;1;1;0;0;0;0;548924,745800000030000;5296918,612400000000000;9,653645409999999;47,823756484000000
116642;116643;08;4;35;016;2016;08;16;4;3;0;1;0;0;1;0;0;0;0;0;535538,724999999980000;5279775,243999999900000;9,473411978000000;47,670391815999999
116644;116645;08;1;35;020;2016;08;18;2;3;8;1;0;0;1;0;0;0;0;0;586387,170300000000000;5386764,911700000100000;10,172383726000000;48,627981722000001
116646;116647;08;3;25;001;2016;08;16;1;3;0;7;0;0;1;0;1;0;0;0;456397,909600000010000;5345696,843999999600000;8,412493122000001;48,262979979999997
116648;116649;08;2;12;000;2016;08;14;4;3;5;2;0;0;1;0;0;0;0;0;457210,536100000030000;5428060,597000000100000;8,414937382000000;49,003957385000000
116649;116650;08;3;35;075;2016;08;13;6;3;1;7;0;0;1;1;0;0;0;0;488471,156100000020000;5289868,074199999700000;8,846154564000001;47,762076938000000
116650;116651;08;4;21;000;2016;07;07;7;2;0;1;0;0;1;0;0;0;0;0;572407,997600000000000;5361008,485799999900000;9,978229910000000;48,398075900000002
116651;116652;08;2;35;046;2016;08;10;1;3;0;7;0;0;1;0;0;0;0;0;478494,771100000010000;5376449,997800000000000;8,708650712000001;48,540784537999997
116654;116655;08;2;26;098;2016;08;17;7;3;5;3;0;0;1;1;0;0;0;0;478179,083500000010000;5460097,952600000400000;8,699899890999999;49,293239278999998
116655;116656;08;3;35;098;2016;08;22;7;3;0;7;2;1;1;0;0;0;0;0;502321,536499999990000;5294317,360899999700000;9,031003347000000;47,802208450000002
116656;116657;08;2;16;041;2016;08;12;4;3;5;3;0;0;1;1;0;0;0;0;434927,451799999980000;5391404,705699999800000;8,116111856000000;48,672298224000002
116657;116658;08;3;11;000;2016;08;08;6;3;5;1;0;0;1;1;0;0;0;0;412757,292000000020000;5317972,690000000400000;7,830242251000000;48,009091632999997
116658;116659;08;1;17;019;2016;08;21;6;3;0;1;2;0;1;0;0;0;0;0;551824,763500000000000;5393925,853799999700000;9,704274055999999;48,696217128000001
116660;116661;08;4;16;041;2016;08;19;5;2;5;3;1;1;1;1;0;0;0;0;504289,737199999970000;5374044,507500000300000;9,058092267999999;48,519497880000003
116661;116662;08;1;25;056;2016;08;15;6;3;4;2;0;1;1;1;0;0;0;0;511196,563000000020000;5436031,152400000000000;9,153315326000000;49,077038414000000
116663;116664;08;1;11;000;2016;08;12;2;3;6;7;0;0;0;1;1;0;0;0;512742,020800000000000;5402290,057000000000000;9,173423077000001;48,773483855000002
116664;116665;08;3;11;000;2016;08;16;3;3;5;2;0;0;0;1;1;0;0;0;412064,574700000000000;5317587,207899999800000;7,821035305000000;48,005529176000003
116666;116667;08;1;36;088;2016;08;19;4;2;5;3;0;0;1;1;0;0;0;0;579108,556300000050000;5408749,639600000300000;10,077840827999999;48,826685449000003
116668;116669;08;4;26;021;2016;08;09;4;3;5;3;0;0;1;1;0;0;0;0;558995,533799999980000;5327457,683600000100000;9,792371728999999;48,097653082999997
116669;116670;08;4;37;044;2016;08;19;5;3;5;2;1;1;1;0;0;0;0;0;529550,213400000010000;5324257,747899999800000;9,396683585000000;48,070910159999997
116670;116671;08;4;37;078;2016;07;20;1;3;0;1;0;0;1;0;0;0;0;0;507903,943000000030000;5316040,269600000200000;9,105952481999999;47,997612275999998
116672;116673;08;1;17;049;2016;08;16;5;2;6;1;0;0;0;1;1;0;0;0;556669,525099999970000;5392177,082000000400000;9,769866294000000;48,680065165999999
116673;116674;08;1;16;033;2016;08;12;3;3;5;2;0;0;1;0;0;0;0;0;533276,091000000010000;5387949,397300000300000;9,451735984000001;48,643718894000003
116677;116678;08;1;19;024;2016;08;03;4;2;6;6;2;0;0;0;1;0;0;1;538092,111999999960000;5433944,042999999600000;9,521391160000000;49,057187919000000
116678;116679;08;4;16;041;2016;08;12;4;3;6;6;0;0;1;0;1;0;0;0;504217,689599999980000;5373763,804399999800000;9,057113749999999;48,516973059999998
116679;116680;08;4;35;016;2016;07;16;1;3;6;6;0;1;1;0;1;0;0;0;536000,120200000000000;5277475,602599999900000;9,479368568000000;47,649675481999999
116680;116681;08;3;36;069;2016;08;12;5;2;5;3;0;0;1;1;0;0;0;0;407491,371700000020000;5268769,422899999700000;7,770140311000000;47,565746549000004
116681;116682;08;1;16;033;2016;08;11;5;3;1;1;0;0;1;1;0;0;0;0;532653,764199999980000;5387397,066999999800000;9,443244382000000;48,638783003000000
116683;116684;08;4;17;002;2016;07;16;7;2;6;4;0;0;0;1;1;0;0;0;488962,485400000010000;5346748,207999999600000;8,851246162000001;48,273843442000000
116686;116687;08;1;17;018;2016;08;11;4;3;0;1;0;0;1;0;0;0;0;0;539641,537499999980000;5396297,722900000400000;9,538946385999999;48,718446782999997
116687;116688;08;4;15;061;2016;08;08;4;3;0;1;0;0;1;0;0;0;0;0;515451,235900000030000;5370279,705699999800000;9,209102936000001;48,485452952999999
116688;116689;08;3;36;050;2016;07;11;1;3;5;3;0;0;1;1;0;0;0;0;399477,011999999990000;5273826,719999999700000;7,662463096000000;47,610047090000002
116690;116691;08;1;28;039;2016;08;12;5;3;0;7;0;0;1;0;1;0;0;0;529215,697799999970000;5512438,217000000200000;9,405674320999999;49,763708397999999
116691;116692;08;1;16;048;2016;08;10;4;2;0;1;0;0;1;0;0;0;0;0;534335,452700000020000;5391423,961400000400000;9,466405022000000;48,674918263000002
116695;116696;08;3;35;043;2016;08;14;2;3;0;6;0;0;1;0;0;0;0;1;513321,126400000010000;5278733,700500000300000;9,177421883999999;47,661859774000000
116696;116697;08;3;37;126;2016;07;15;7;3;5;3;0;0;1;1;0;0;0;0;441173,680600000020000;5274710,416500000300000;8,217078839999999;47,623124865000001
116699;116700;08;4;26;097;2016;08;19;6;3;5;2;1;1;1;1;0;0;0;0;536104,697900000030000;5332957,257000000200000;9,485404854000000;48,148839529000000
116701;116702;08;3;17;057;2016;07;21;1;3;6;2;2;0;0;1;1;0;0;0;411989,313800000000000;5380815,263100000100000;7,806849234000000;48,574242509999998
116702;116703;08;3;15;015;2016;08;15;3;3;3;2;0;0;1;0;0;0;0;0;394480,663799999980000;5320685,437800000400000;7,584590495000000;48,030734965999997
116705;116706;08;2;12;000;2016;07;14;1;3;3;6;0;0;1;0;0;0;0;0;455507,170999999970000;5426632,629800000200000;8,391804936000000;48,990992216999999
116706;116707;08;3;27;007;2016;08;15;2;3;5;3;0;0;1;1;0;0;0;0;487200,493299999970000;5328903,032700000300000;8,828037741999999;48,113260050000001
116711;116712;08;3;25;012;2016;08;02;6;3;0;7;2;1;0;1;1;0;0;0;463863,619799999990000;5355700,970400000000000;8,512227117000000;48,353450797999997
116712;116713;08;1;19;020;2016;08;17;6;3;1;5;0;1;1;1;0;0;0;0;519983,976199999980000;5407401,523199999700000;9,272236207000001;48,819275304000001
116714;116715;08;2;21;000;2016;07;11;1;3;1;5;0;0;1;1;0;0;0;0;477576,928100000020000;5474340,784699999700000;8,690816607000000;49,421330701999999
116715;116716;08;2;37;040;2016;08;19;3;2;1;5;0;1;1;0;0;0;0;1;475761,169500000020000;5370715,645800000100000;8,671950141000000;48,489097315999999
116717;116718;08;1;15;050;2016;08;14;4;3;6;1;0;0;0;1;1;0;0;0;489160,596699999990000;5401593,017199999700000;8,852490442000001;48,767249378000002
116718;116719;08;2;11;000;2016;08;10;6;3;5;2;0;0;1;1;0;0;0;0;442980,073099999980000;5406458,572100000500000;8,223396970000000;48,808498008000001
116719;116720;08;3;35;043;2016;08;19;4;3;1;5;0;0;1;1;0;0;0;0;513009,879299999970000;5279287,157399999900000;9,173292934999999;47,666845934000001
116721;116722;08;3;27;050;2016;08;14;7;2;6;6;0;0;1;0;1;0;0;0;487375,934000000010000;5315514,112099999600000;8,830789904000000;47,992802570999999
116724;116725;08;4;36;003;2016;08;12;5;3;5;3;0;0;1;0;0;0;0;0;580867,237800000000000;5305604,511800000400000;10,081965947000000;47,898670408000001
116727;116728;08;1;16;019;2016;08;14;5;3;6;7;0;0;0;0;1;1;0;0;522580,240899999980000;5398937,060700000300000;9,307138955999999;48,743041490000003
116728;116729;08;1;36;065;2016;08;08;3;3;6;1;0;0;1;0;1;0;0;0;558889,233899999990000;5405273,726499999900000;9,801890215000000;48,797665944000002
116729;116730;08;1;15;003;2016;08;06;7;3;5;3;0;0;1;1;0;0;0;0;500802,209299999990000;5391359,635599999700000;9,010897093000001;48,675283211000000
116730;116731;08;1;11;000;2016;08;13;4;3;6;4;0;0;1;0;1;0;0;0;513274,985800000020000;5402693,502999999600000;9,180689893000000;48,777102081999999
116731;116732;08;4;36;064;2016;08;07;4;2;5;3;0;0;1;1;0;0;0;0;545782,335500000040000;5293220,543399999800000;9,611274147000000;47,790716398999997
116733;116734;08;3;11;000;2016;08;13;5;3;2;1;0;0;1;1;0;0;0;0;414663,006999999980000;5316638,892000000000000;7,856054247000000;47,997350926999999
116738;116739;08;1;11;000;2016;08;14;3;2;5;3;0;0;1;1;0;0;0;0;517532,240999999980000;5402589,211600000000000;9,238631786999999;48,776058479000000
116739;116740;08;3;27;050;2016;07;12;7;3;6;4;0;0;0;1;1;0;0;0;486335,900000000020000;5314399,524100000000000;8,816885073000000;47,982753062999997
116740;116741;08;1;27;014;2016;08;15;5;2;6;7;0;0;0;1;1;0;0;0;579084,593299999950000;5442522,395700000200000;10,084082596000000;49,130442283000001
116741;116742;08;4;36;064;2016;08;16;3;3;5;3;0;0;1;0;0;0;0;1;545948,801699999950000;5292915,012400000400000;9,613464280000001;47,787955678000003
116742;116743;08;3;26;012;2016;08;11;4;2;9;1;0;0;1;0;0;0;0;0;467858,074000000020000;5305208,657999999800000;8,569952108000001;47,899400960999998
116744;116745;08;2;31;000;2016;08;14;5;3;0;1;0;0;1;0;0;0;0;0;478338,508099999980000;5415148,496700000000000;8,704501898000000;48,888908721999996
116745;116746;08;3;27;049;2016;08;14;2;3;5;3;0;0;1;1;0;0;0;0;472813,118800000000000;5325054,572499999800000;8,634990512000000;48,078184243000003
116746;116747;08;3;25;049;2016;07;23;7;3;0;1;2;0;1;0;0;0;0;0;475786,706599999980000;5330593,768400000400000;8,674598636000001;48,128139601999997
116748;116749;08;1;27;076;2016;08;15;1;3;8;1;0;0;1;0;0;0;0;0;554839,270600000050000;5442485,852800000500000;9,751762137000000;49,132755772000003
116749;116750;08;4;15;050;2016;08;11;6;2;6;4;0;0;1;0;1;0;0;0;520726,565699999980000;5376867,864400000300000;9,280821016999999;48,544569973000002
116751;116752;08;4;35;016;2016;08;14;3;3;6;4;0;0;1;0;1;0;0;0;536205,571099999940000;5277563,655199999900000;9,482111492000000;47,650456265999999
116755;116756;08;3;17;034;2016;08;13;4;3;9;7;0;0;1;1;0;0;0;0;426567,565999999990000;5362213,714999999900000;8,007721256000000;48,408798687999997
116756;116757;08;1;21;000;2016;07;13;1;3;5;3;0;0;1;1;0;0;0;0;514575,552000000030000;5443994,669999999900000;9,199871377999999;49,148602593000000
116760;116761;08;3;16;009;2016;08;18;1;2;0;1;0;0;1;0;0;0;0;0;418116,880400000020000;5324228,326799999900000;7,900893595000000;48,066073246000002
116762;116763;08;4;21;000;2016;08;14;3;3;0;7;0;0;1;1;0;0;0;0;572050,974500000010000;5360483,753800000100000;9,973317220000000;48,393396701000000
116763;116764;08;3;11;000;2016;08;08;6;3;0;3;0;0;1;0;0;0;0;1;414098,171199999980000;5316110,221099999700000;7,848590000000000;47,992519688999998
116765;116766;08;1;16;056;2016;07;17;1;3;0;7;0;0;1;1;0;0;0;0;531830,142800000030000;5395779,067800000300000;9,432710129000000;48,714228849999998
116767;116768;08;1;19;085;2016;08;13;7;3;1;5;0;0;1;1;0;0;0;0;529210,201800000040000;5414184,613400000100000;9,398403675999999;48,879928188999997
116768;116769;08;3;11;000;2016;08;11;3;3;5;2;0;0;1;1;0;0;0;0;410367,419300000010000;5315710,282599999600000;7,798678443000000;47,988410084000002
116769;116770;08;2;22;000;2016;08;20;7;2;5;2;1;0;1;1;0;0;0;0;461622,839800000020000;5483685,805400000000000;8,469933502000000;49,504587174000001
116772;116773;08;4;35;016;2016;08;08;5;2;0;1;0;0;1;0;0;0;0;0;536628,109900000040000;5282206,269899999700000;9,488127152000001;47,692203845999998
116773;116774;08;4;35;016;2016;08;13;5;2;5;3;0;0;1;1;0;0;0;0;536890,863600000040000;5278069,872700000200000;9,491279185000000;47,654972202000003
116775;116776;08;1;17;051;2016;08;17;3;3;5;3;0;1;1;1;0;0;0;0;541817,909300000060000;5395748,534199999600000;9,568478093000000;48,713364298999998
116776;116777;08;3;17;096;2016;07;17;7;3;0;3;0;0;1;1;0;0;0;0;419724,528799999970000;5368055,931499999900000;7,914149773000000;48,460514271000001
116777;116778;08;2;21;000;2016;08;19;4;3;6;7;0;0;0;1;1;0;0;0;481113,601399999990000;5474271,877299999800000;8,739585179000001;49,420830989999999
116778;116779;08;3;35;043;2016;08;14;4;3;0;1;0;1;1;0;0;0;0;0;511101,921399999990000;5282130,007299999700000;9,147951132999999;47,692460505000000
116779;116780;08;2;26;010;2016;08;10;3;1;0;1;0;0;1;0;0;0;0;0;483923,583999999970000;5458771,706100000100000;8,778955838000000;49,281487720000001
116780;116781;08;4;35;034;2016;08;10;5;3;3;2;0;0;1;1;0;0;0;0;529196,763599999950000;5285428,236100000300000;9,389311249000000;47,721571836999999
116781;116782;08;2;22;000;2016;08;07;5;3;5;2;0;0;1;1;0;0;0;0;463592,976100000030000;5478837,960699999700000;8,497590296000000;49,461104638000002
116784;116785;08;1;15;045;2016;08;18;2;3;4;2;0;0;1;1;0;0;0;0;500564,438100000030000;5396226,319199999800000;9,007673896000000;48,719064600999999
116785;116786;08;3;11;000;2016;08;14;5;2;0;7;0;0;1;0;0;0;0;0;402559,614999999990000;5313374,508000000400000;7,694589350000000;47,966258130000000
116786;116787;08;2;15;109;2016;08;10;4;3;3;3;0;0;1;1;0;0;0;0;461146,056600000010000;5434154,473700000000000;8,468161436000001;49,059033194999998
116788;116789;08;2;16;043;2016;08;12;3;3;5;2;0;0;1;0;0;0;0;0;442381,975800000010000;5411500,275200000000000;8,214543172999999;48,853793142000001
116791;116792;08;3;35;043;2016;08;11;7;1;6;4;0;0;0;0;1;0;0;1;511057,500300000010000;5281020,961199999800000;9,147331048000000;47,682482458000003
116792;116793;08;2;15;039;2016;08;18;3;3;8;1;0;0;1;0;0;0;0;0;473040,309000000010000;5452249,758800000000000;8,629756864000001;49,222439440999999
116793;116794;08;2;25;058;2016;08;11;2;3;5;3;0;0;1;1;0;0;0;0;507669,562299999990000;5465745,949900000400000;9,105587673000001;49,344385121999998
116794;116795;08;2;15;017;2016;08;13;3;3;5;3;0;0;1;0;0;0;0;0;456269,684100000010000;5421662,276399999900000;8,402761747000000;48,946337485999997
116795;116796;08;3;35;043;2016;08;14;5;3;5;3;0;0;1;1;0;0;0;0;512911,782699999980000;5279349,740700000000000;9,171988134999999;47,667411004000002
116796;116797;08;1;21;000;2016;08;09;5;3;0;5;0;0;1;1;0;0;0;0;513938,888199999990000;5442859,143400000400000;9,191101716000000;49,138402925000001
116797;116798;08;4;15;019;2016;08;01;1;2;0;1;2;0;1;0;0;0;0;0;517855,368699999990000;5369535,502899999700000;9,241606196999999;48,478694140999998
116798;116799;08;1;28;131;2016;08;17;7;3;5;3;0;0;1;1;0;0;0;0;539089,357199999970000;5512701,992100000400000;9,542795746000000;49,765519685000001
116799;116800;08;3;11;000;2016;08;14;6;3;1;5;0;0;1;1;0;0;0;0;413922,550300000000000;5315719,769600000200000;7,846314803000000;47,988983814000001
116800;116801;08;2;15;096;2016;08;11;3;3;5;3;0;0;1;1;0;0;0;0;463775,909999999970000;5418755,915000000000000;8,505530416999999;48,920678862000003
116802;116803;08;2;22;000;2016;08;18;2;3;0;1;0;0;1;0;0;0;0;0;460704,378700000000000;5482214,485100000200000;8,457394618000000;49,491294666000002
116803;116804;08;3;15;095;2016;08;16;7;3;0;4;0;0;1;0;1;0;0;0;429080,130400000020000;5319406,705699999800000;8,048828188000000;48,024011891999997
116806;116807;08;2;35;079;2016;08;15;1;3;0;7;0;0;0;1;1;0;0;0;468879,739999999990000;5398410,848600000100000;8,576741354999999;48,737939660999999
116808;116809;08;1;18;046;2016;08;14;7;3;5;3;0;0;1;1;0;0;0;0;513380,727599999980000;5411919,602199999600000;9,182430103000000;48,860096470999999
116809;116810;08;3;15;115;2016;08;09;5;3;0;1;0;0;1;0;0;0;0;0;408185,287900000000000;5321835,911500000400000;7,768126837000000;48,043201066000002
116812;116813;08;2;12;000;2016;08;08;3;3;0;7;0;1;1;1;0;0;0;0;456768,438499999990000;5427185,918999999800000;8,408985995000000;48,996058728000001
116813;116814;08;4;16;041;2016;08;10;7;3;4;6;0;0;1;0;0;0;0;0;503559,331999999990000;5373826,220999999900000;9,048199152000001;48,517538661000003
116815;116816;08;2;21;000;2016;08;19;7;3;0;7;0;0;1;1;0;0;0;0;478698,234400000020000;5473038,252000000300000;8,706347569000000;49,409654922999998
116818;116819;08;3;17;096;2016;08;08;4;2;0;7;0;0;1;0;0;0;0;0;425155,942400000000000;5369873,031700000200000;7,987280482000000;48,477528829000001
116819;116820;08;1;35;019;2016;08;07;6;2;0;1;0;1;1;0;0;0;0;0;584604,895400000040000;5391382,447800000200000;10,149144528000001;48,669757136999998
116821;116822;08;1;11;000;2016;08;07;6;3;1;5;0;1;1;1;0;0;0;0;511684,719300000000000;5405916,457299999900000;9,159136046000000;48,806127386000000
116822;116823;08;2;22;000;2016;08;14;5;3;5;2;0;0;1;1;0;0;0;0;464537,878600000000000;5485042,166299999700000;8,510072664000001;49,516964406000000
116823;116824;08;2;12;000;2016;08;10;2;2;6;6;0;0;1;0;1;0;0;0;456929,543300000020000;5427302,858400000300000;8,411175921000000;48,997121874999998
116826;116827;08;1;19;020;2016;08;08;6;3;0;7;0;1;1;0;0;0;0;1;519660,447400000000000;5405503,156000000400000;9,267737972999999;48,802208268000001
116827;116828;08;2;22;000;2016;08;17;5;2;1;5;0;0;1;1;0;0;0;0;463262,064599999980000;5478884,759700000300000;8,493019628000001;49,461505647999999
116828;116829;08;2;12;000;2016;08;11;2;3;5;2;0;0;1;1;0;0;0;0;456536,614899999990000;5426821,065899999800000;8,405855968999999;48,992760546000000
116829;116830;08;2;11;000;2016;08;14;7;3;5;3;0;0;1;1;0;0;0;0;443738,963700000020000;5400954,742100000400000;8,234485339000001;48,759059395000001
116832;116833;08;1;28;131;2016;08;18;3;2;0;1;0;0;1;0;0;0;0;0;536697,029199999990000;5510705,466699999800000;9,509389118000000;49,747713638000000
116833;116834;08;4;26;008;2016;08;17;5;3;0;1;0;0;1;0;0;0;0;0;529367,809400000030000;5331740,525299999900000;9,394750188000000;48,138239706999997
116836;116837;08;4;35;059;2016;08;01;1;3;1;1;2;0;1;1;0;0;0;0;513423,678100000020000;5289992,265499999700000;9,179134568000000;47,763157673999999
116837;116838;08;3;11;000;2016;08;12;5;2;5;3;0;0;1;0;0;0;0;0;414028,047399999980000;5314939,832299999900000;7,847884633000000;47,981982166000002
116838;116839;08;1;19;068;2016;08;15;5;2;5;3;0;0;1;1;0;0;0;0;525799,924600000030000;5413226,894799999900000;9,351830791999999;48,871464214000000
116840;116841;08;2;12;000;2016;08;09;5;2;1;3;0;0;1;0;0;0;0;0;453356,317199999990000;5428838,271900000100000;8,362152374000001;49,010673369000003
116841;116842;08;1;15;028;2016;08;16;4;2;0;1;0;0;1;0;0;0;0;0;502712,044700000030000;5403844,869099999800000;9,036922159000000;48,787595443999997
116842;116843;08;3;36;091;2016;08;10;4;3;3;6;0;0;1;1;0;0;0;0;396801,009399999980000;5272789,617700000300000;7,627111364000000;47,600297496000003
116843;116844;08;2;25;058;2016;08;13;1;3;8;1;0;0;1;0;0;0;0;0;511408,384599999990000;5469398,486200000200000;9,157164931000001;49,377181272999998
116845;116846;08;3;17;096;2016;08;22;5;3;3;6;2;0;1;1;0;0;0;0;421869,404099999990000;5369443,473500000300000;7,942898128000000;48,473265153000000
116848;116849;08;3;17;096;2016;08;17;1;3;1;5;0;0;1;1;0;0;0;0;422446,060100000000000;5365399,970400000000000;7,951448167000000;48,436965383999997
116849;116850;08;1;19;020;2016;08;17;7;2;5;3;0;0;1;1;0;0;0;0;520849,921199999980000;5406900,456600000200000;9,284007124000000;48,814739351999997
116850;116851;08;3;36;050;2016;08;18;5;3;1;1;0;0;1;0;0;0;0;1;399283,510699999980000;5272543,344800000100000;7,660184003000000;47,598472639999997
116853;116854;08;4;26;044;2016;08;15;7;3;5;2;0;0;1;1;0;0;0;0;576200,537000000010000;5327221,445000000300000;10,023376837000001;48,093702471999997