FID;OBJECTID;ULAND;UREGBEZ;UKREIS;UGEMEINDE;UJAHR;UMONAT;USTUNDE;UWOCHENTAG;UKATEGORIE;UART;UTYP1;ULICHTVERH;IstStrasse;IstRad;IstPKW;IstFuss;IstKrad;IstGkfz;IstSonstig;LINREFX;LINREFY;XGCSWGS84;YGCSWGS84
116855;116856;08;2;22;000;2016;08;04;7;3;1;5;2;0;1;1;0;0;0;0;460628,115899999980000;5481863,122399999800000;8,456376606999999;49,488129409000003
116857;116858;08;3;11;000;2016;08;03;4;3;0;1;2;1;1;0;0;0;0;0;413653,333600000010000;5316684,010400000000000;7,842513301000000;47,997621213999999
116860;116861;08;1;36;002;2016;08;15;2;2;2;6;0;0;1;0;0;0;0;0;568684,993900000000000;5416257,820200000000000;9,937102881000000;48,895459025000001
116861;116862;08;3;17;096;2016;08;11;7;3;6;2;0;0;0;1;1;0;0;0;421966,315300000020000;5369303,749599999700000;7,944235175000000;48,472020381999997
116863;116864;08;1;35;016;2016;08;07;2;3;5;3;0;0;1;0;0;1;0;0;592160,540200000050000;5386140,208100000400000;10,250577992000000;48,621538991000001
116864;116865;08;2;31;000;2016;08;14;1;3;0;1;0;0;1;0;0;0;0;0;477988,977599999980000;5415441,405199999900000;8,699718021000001;48,891531313000002
116865;116866;08;1;11;000;2016;08;09;4;3;5;3;0;0;1;1;0;0;0;0;519595,413699999980000;5401434,413200000300000;9,266658367000000;48,765608489999998
116868;116869;08;1;11;000;2016;08;12;4;3;5;3;0;0;1;1;0;0;0;0;516174,711599999980000;5405373,990000000200000;9,220264186000000;48,801146789999997
116869;116870;08;1;18;048;2016;08;11;3;3;6;7;0;0;0;1;1;0;0;0;512193,134599999990000;5415181,570000000300000;9,166336033000000;48,889464879999998
116870;116871;08;4;15;078;2016;08;12;7;3;0;1;0;0;1;0;0;0;0;0;530073,268500000010000;5366572,364500000100000;9,406713655000001;48,451571315999999
116871;116872;08;1;17;019;2016;08;03;2;3;2;6;2;0;1;0;0;1;0;0;550706,158300000010000;5393930,350399999900000;9,689074452000000;48,696349494000003
116872;116873;08;2;12;000;2016;08;14;7;3;5;3;0;0;1;1;0;0;0;0;460800,129699999990000;5429677,720700000400000;8,463859557999999;49,018742164999999
116874;116875;08;4;35;066;2016;08;12;3;3;1;5;0;0;1;1;0;0;0;0;517968,962200000010000;5284798,096699999600000;9,239574909000000;47,716312352000003
116875;116876;08;3;35;075;2016;08;14;6;3;2;6;0;0;1;0;0;0;0;0;489585,980800000020000;5288888,144200000000000;8,861054652000000;47,753278952999999
116880;116881;08;1;19;079;2016;08;08;2;3;5;3;0;0;1;1;0;0;0;0;523589,478000000000000;5412504,853099999900000;9,321646057000001;48,865056991000003
116882;116883;08;1;19;079;2016;08;15;5;2;5;3;0;0;1;1;0;0;0;0;523399,593899999980000;5407737,390700000300000;9,318784688999999;48,822177416999999
116884;116885;08;4;26;021;2016;08;10;3;3;0;1;0;0;1;0;0;0;0;0;559579,477300000030000;5330638,827600000400000;9,800658377000000;48,126216731000000
116887;116888;08;4;16;041;2016;08;06;5;3;5;3;0;0;1;1;0;0;0;0;505016,341200000020000;5375286,138299999800000;9,067946982000001;48,530662646000003
116889;116890;08;3;15;132;2016;08;18;4;3;4;2;0;0;1;1;0;0;0;0;409095,534500000010000;5322233,543999999800000;7,780252231000000;48,046908082000002
116890;116891;08;1;25;102;2016;08;14;6;3;5;3;0;1;1;1;0;0;0;0;521356,514099999970000;5443729,248300000100000;9,292842094999999;49,146016662999997
116891;116892;08;1;16;033;2016;08;08;3;3;5;3;0;0;1;1;0;0;0;0;533271,521100000010000;5388592,330299999600000;9,451725602000000;48,649502892000001
116892;116893;08;4;36;064;2016;08;12;5;3;2;2;0;0;1;0;0;0;0;0;545139,198199999980000;5290974,542500000400000;9,602454121999999;47,770554457000003
116893;116894;08;2;12;000;2016;08;08;5;3;5;2;0;0;1;1;0;0;0;0;455163,772000000000000;5433377,532999999800000;8,386365657000001;49,051638236000002
116895;116896;08;1;19;067;2016;08;12;5;2;0;1;0;0;1;0;0;0;0;0;537725,425099999990000;5405550,996100000100000;9,513745213000000;48,801804715999999
116899;116900;08;3;11;000;2016;08;12;4;3;6;1;0;0;0;1;1;0;0;0;414016,270399999980000;5317578,866499999500000;7,847198134000000;48,005719683999999
116903;116904;08;1;18;063;2016;08;19;2;3;0;6;0;0;1;0;0;0;0;0;514370,717200000010000;5422122,210199999600000;9,196286471000001;48,951854040999997
116904;116905;08;2;37;054;2016;08;19;1;3;1;5;0;0;1;1;0;0;0;0;468070,467799999980000;5375099,200799999800000;8,567530989000000;48,528188651999997
116905;116906;08;4;17;031;2016;08;13;3;3;1;2;0;0;1;1;0;0;0;0;497347,515699999990000;5356476,401300000000000;8,964190911999999;48,361455591999999
116907;116908;08;1;15;042;2016;08;17;5;3;6;1;0;0;0;1;1;0;0;0;496011,596499999990000;5406126,739799999600000;8,945679159999999;48,808116116000001
116908;116909;08;4;16;036;2016;08;20;1;3;0;4;1;0;0;0;1;1;0;0;496488,397600000030000;5369577,231800000200000;8,952482923000000;48,479313320999999
116909;116910;08;1;16;019;2016;08;12;3;3;5;3;0;0;1;1;0;0;0;0;524199,369100000010000;5397801,489799999600000;9,329095461000000;48,732765229999998
116911;116912;08;1;18;048;2016;08;20;2;3;1;3;0;0;1;1;0;0;0;0;514967,209900000020000;5416119,167799999900000;9,204213474000000;48,897838458999999
116912;116913;08;3;11;000;2016;08;09;7;3;0;1;0;0;1;1;0;0;0;0;413682,682399999990000;5315575,610399999700000;7,843129546000000;47,987654718000002
116913;116914;08;4;16;041;2016;08;19;3;3;3;2;0;0;1;1;0;0;0;0;504164,309300000020000;5371861,847199999700000;9,056371921000000;48,499862680000000
116920;116921;08;4;16;041;2016;08;14;3;3;0;1;0;0;1;0;0;0;0;0;505818,277699999980000;5375222,473100000100000;9,078808415999999;48,530082968999999
116921;116922;08;1;11;000;2016;08;20;3;3;5;3;0;0;1;1;0;0;0;0;517172,354600000020000;5402787,230299999900000;9,233741676999999;48,777849871000001
116922;116923;08;4;25;072;2016;08;15;7;2;8;1;0;0;1;0;0;0;0;0;583441,094700000020000;5370160,449000000000000;10,129081621999999;48,479031849000002
116924;116925;08;2;21;000;2016;08;13;7;3;5;3;0;0;1;1;0;0;0;0;477631,538000000000000;5471919,120699999900000;8,691706031000001;49,399550224000002
116925;116926;08;3;36;091;2016;08;17;3;3;5;3;0;0;1;1;0;0;0;0;396761,375300000010000;5272080,223000000200000;7,626751262000000;47,593910014000002
116927;116928;08;2;15;017;2016;08;11;4;3;0;1;0;0;1;0;0;0;0;0;456102,591200000020000;5421142,598500000300000;8,400535832999999;48,941651036000003
116928;116929;08;1;18;048;2016;08;17;6;2;5;3;0;0;1;1;0;0;0;0;512936,804899999990000;5415737,017400000200000;9,176498556000000;48,894446463000001
116929;116930;08;4;35;018;2016;08;19;2;2;0;1;0;0;1;0;0;0;0;0;524658,903999999980000;5279816,249599999700000;9,328487007000000;47,671267207000000
116932;116933;08;1;17;012;2016;08;19;2;3;2;6;0;0;1;1;0;0;0;0;545104,042499999980000;5388200,101300000200000;9,612324054000000;48,645232526000001
116933;116934;08;1;11;000;2016;08;12;5;2;1;5;0;0;1;1;0;0;0;0;510990,199599999990000;5409471,302100000000000;9,149772561000001;48,838118958000003
116936;116937;08;2;11;000;2016;08;12;7;3;6;7;0;0;0;1;1;0;0;0;444273,929000000000000;5401232,786000000300000;8,241726017000000;48,761608574000000
116937;116938;08;3;35;043;2016;08;01;3;3;0;1;2;0;1;0;0;0;0;0;514240,247399999990000;5280796,495199999800000;9,189730697000000;47,680400507999998
116938;116939;08;2;35;085;2016;08;06;4;3;0;7;0;0;1;0;0;0;0;0;480870,540299999990000;5395752,843700000100000;8,739946156000000;48,714511977999997
116939;116940;08;4;37;044;2016;08;13;2;2;5;3;0;0;1;0;0;1;0;0;533482,183700000050000;5321841,574799999600000;9,449275791000000;48,048977956999998
116941;116942;08;2;12;000;2016;08;17;5;2;1;5;0;0;1;1;0;0;0;0;454965,217500000030000;5430096,912600000400000;8,384012881000000;49,022114451000000
116944;116945;08;1;11;000;2016;08;18;2;3;2;6;0;0;1;1;0;0;0;0;511155,755999999990000;5400972,415799999600000;9,151797846999999;48,761660884999998
116945;116946;08;2;26;098;2016;08;15;5;2;0;7;0;1;1;0;0;0;0;1;478326,318499999990000;5460263,990600000100000;8,701915759000000;49,294738037000002
116950;116951;08;1;16;033;2016;08;17;2;3;5;3;0;0;1;1;0;0;0;0;533927,479000000050000;5388929,933000000200000;9,460658873000000;48,652504653999998
116951;116952;08;2;26;049;2016;08;12;5;3;6;4;0;0;0;1;1;0;0;0;486419,041700000000000;5463148,107900000200000;8,813118354000000;49,320914420999998
116952;116953;08;3;17;096;2016;08;17;3;3;5;3;0;0;1;1;0;0;0;0;422154,704399999990000;5369506,142599999900000;7,946745873000000;48,473864241999998
116953;116954;08;2;26;006;2016;08;14;4;3;1;2;0;0;1;1;0;0;0;0;483962,672100000030000;5467183,573099999700000;8,779155201000000;49,357153908999997
116955;116956;08;3;17;009;2016;08;14;5;3;5;3;0;0;1;1;0;0;0;0;425069,659500000010000;5362733,407399999900000;7,987390761000000;48,413297071999999
116959;116960;08;1;25;026;2016;08;18;7;2;0;1;0;0;1;0;0;0;0;0;492740,301800000020000;5442436,305999999900000;8,900477171000000;49,134714584000001
116961;116962;08;3;36;103;2016;08;14;2;3;0;7;0;0;1;1;0;0;0;1;415657,969300000000000;5286635,712700000000000;7,875243341000000;47,727584597000003
116964;116965;08;2;26;096;2016;08;01;7;3;0;4;2;0;1;0;1;0;0;0;475684,464800000020000;5487783,387400000400000;8,663896018000001;49,542170276000000
116966;116967;08;3;35;075;2016;08;17;2;3;8;1;0;0;1;0;0;0;0;0;489813,464099999980000;5288101,776899999900000;8,864108178000000;47,746207202999997
116967;116968;08;1;15;028;2016;08;11;2;3;8;1;0;0;1;0;0;0;0;0;499410,440500000030000;5405051,418200000200000;8,991971921999999;48,798455122000000
116968;116969;08;1;11;000;2016;08;17;5;3;0;7;0;0;0;0;1;1;0;0;512682,844800000020000;5402221,705799999600000;9,172615567999999;48,772870181999998
116969;116970;08;2;31;000;2016;08;18;1;3;3;6;0;0;1;0;0;0;0;1;479192,259900000000000;5415373,292799999900000;8,716136865999999;48,890960171000003
116970;116971;08;3;17;096;2016;08;20;3;3;0;7;1;0;1;0;0;0;0;0;422054,605500000010000;5370525,099600000300000;7,945201750000000;48,483017265999997
116971;116972;08;1;16;049;2016;08;03;7;3;0;1;2;0;1;0;0;0;0;0;524669,529400000000000;5386250,489799999600000;9,334799833000000;48,628834421999997
116973;116974;08;3;17;026;2016;08;21;3;3;0;7;1;0;1;0;0;0;0;0;413500,643900000020000;5344893,209699999500000;7,834740945000000;48,251346200999997
116974;116975;08;3;35;063;2016;08;17;2;3;0;3;0;0;1;1;0;0;0;0;497557,976100000030000;5288015,587700000000000;8,967423017000000;47,745507535000002
116975;116976;08;4;15;078;2016;08;12;7;3;0;6;0;0;1;0;0;0;0;0;530055,304000000000000;5366496,188500000200000;9,406465238999999;48,450886875999998
116979;116980;08;3;26;012;2016;08;14;6;3;2;6;0;0;1;1;0;0;0;0;461078,704000000030000;5311681,151999999800000;8,478665110000000;47,957258015000001
116983;116984;08;3;36;069;2016;08;18;6;3;1;5;0;0;1;1;0;0;0;0;408508,911700000000000;5267980,729500000400000;7,783829120000000;47,558795822999997
116984;116985;08;2;12;000;2016;08;14;6;3;5;3;0;0;1;1;0;0;0;0;451823,308699999990000;5427225,703999999900000;8,341381379000000;48,996050511000000
116989;116990;08;1;18;081;2016;08;20;7;1;6;4;0;0;0;1;1;0;0;0;520513,362499999990000;5413204,461100000000000;9,279738403000000;48,871459837000003
116990;116991;08;3;11;000;2016;08;10;3;3;0;1;0;1;1;0;0;0;0;0;411968,156499999980000;5315904,505900000200000;7,820088115000000;47,990379527999998
116992;116993;08;3;17;057;2016;08;11;2;3;0;7;0;0;1;0;0;0;0;0;412574,882800000020000;5382922,192599999700000;7,814342719000000;48,593274930000000
116995;116996;08;4;35;059;2016;08;13;1;2;7;6;0;0;1;0;1;0;0;0;512818,447500000010000;5290025,596900000200000;9,171058986000000;47,763469895000000
116996;116997;08;3;11;000;2016;08;18;2;3;5;2;0;0;1;1;0;0;0;0;413663,825900000000000;5315571,692699999500000;7,842877663000000;47,987616932000002
116999;117000;08;1;11;000;2016;08;19;2;3;6;4;0;0;0;1;1;0;0;0;508227,072500000010000;5406797,340300000300000;9,112063578000001;48,814107108999998
117000;117001;08;4;15;061;2016;08;23;4;3;0;1;2;1;1;0;0;0;0;0;515442,730900000020000;5370938,066300000100000;9,209012176000000;48,491376010000003
117003;117004;08;2;12;000;2016;08;11;3;3;5;2;0;0;1;0;0;1;0;0;456129,669700000030000;5428895,275600000300000;8,400069280000000;49,011389530999999
117006;117007;08;3;11;000;2016;08;16;2;3;5;2;0;0;1;1;0;0;0;0;413619,363599999980000;5315559,789400000100000;7,842284277000000;47,987503853000000
117007;117008;08;3;16;038;2016;08;16;5;3;0;6;0;0;1;0;0;0;0;1;397122,620999999980000;5333000,974100000200000;7,617051321000000;48,141937310000003
117008;117009;08;1;11;000;2016;08;17;2;3;5;3;0;0;1;1;0;0;0;0;512995,369000000010000;5402342,792000000400000;9,176872877999999;48,773953016000000
117010;117011;08;3;11;000;2016;08;11;1;2;5;3;0;0;1;1;0;0;0;0;410254,586000000010000;5314992,988400000100000;7,797316433000000;47,981942037000003
117014;117015;08;3;11;000;2016;08;18;2;3;0;1;0;0;1;1;0;0;0;0;414640,054000000000000;5317618,899199999900000;7,855551630000000;48,006163407000003
117016;117017;08;2;26;107;2016;08;03;3;2;5;3;2;0;1;0;0;1;0;0;475510,635300000020000;5482805,440999999600000;8,661802215000000;49,497388407000003
117017;117018;08;2;22;000;2016;08;08;4;3;6;7;0;0;1;0;1;0;0;0;463871,468500000020000;5483794,123800000200000;8,500980442000000;49,505699567999997
117018;117019;08;3;11;000;2016;08;16;2;3;0;7;0;0;1;1;0;0;0;0;410731,412699999990000;5319030,644000000300000;7,802864872000000;48,018328365999999
117020;117021;08;4;35;030;2016;08;01;1;2;9;1;2;0;1;0;0;0;0;0;543156,970899999960000;5273906,740600000100000;9,574310926000001;47,617127576999998
117021;117022;08;3;15;037;2016;08;23;7;2;9;1;2;0;1;0;0;0;0;0;433489,271100000010000;5300650,412999999700000;8,110853831000000;47,855751013000003
117022;117023;08;4;16;036;2016;08;14;1;3;2;7;0;0;1;0;0;0;0;0;497454,277799999980000;5372511,303500000400000;8,965534796000000;48,505714089999998
117024;117025;08;2;22;000;2016;08;18;3;3;5;3;0;0;1;1;0;0;0;0;463146,209299999990000;5482198,512000000100000;8,491112169000001;49,491304227000001
117027;117028;08;2;12;000;2016;08;09;2;2;9;7;0;0;1;0;0;0;0;0;456959,625999999990000;5427186,596199999600000;8,411599482000000;48,996078177999998
117029;117030;08;4;16;041;2016;08;11;1;2;0;7;0;0;1;0;0;0;0;0;504790,736600000000000;5376763,546099999900000;9,064908129999999;48,543955666999999
117030;117031;08;2;12;000;2016;08;11;7;3;1;7;0;0;1;1;1;0;0;0;455644,631899999980000;5428482,227400000200000;8,393481864000000;49,007639445999999
117031;117032;08;4;15;061;2016;08;12;1;2;0;1;0;0;1;0;0;0;0;0;513757,141999999990000;5370306,251000000200000;9,186177622000001;48,485731129999998
117032;117033;08;2;22;000;2016;08;23;7;3;1;5;2;0;1;1;0;0;0;0;461587,895399999980000;5482082,522599999800000;8,469606742000000;49,490164311000001
117033;117034;08;2;26;098;2016;08;10;3;2;5;3;0;0;1;1;0;0;0;0;477143,814599999980000;5459910,229700000000000;8,685672935000000;49,291512855000001
117036;117037;08;1;16;077;2016;08;10;6;3;5;3;0;0;1;1;0;0;0;0;516340,220099999980000;5391538,388000000300000;9,221969344000000;48,676677963000003
117037;117038;08;1;35;019;2016;08;19;5;3;6;7;0;0;0;0;1;0;1;0;584804,150099999970000;5392333,800300000200000;10,152045429999999;48,678286868000001
117039;117040;08;2;22;000;2016;08;09;4;3;5;3;0;0;1;1;0;0;0;0;461127,879299999970000;5482154,511199999600000;8,463248064000000;49,490782512999999
117040;117041;08;2;26;076;2016;08;10;4;3;5;3;0;0;1;1;0;0;0;0;475251,893500000010000;5465599,768799999700000;8,659302149000000;49,342616337000003
117042;117043;08;3;27;050;2016;08;20;3;3;6;4;0;0;0;1;1;0;0;0;486152,394800000010000;5314128,381600000000000;8,814434644000000;47,980309601999998
117043;117044;08;1;19;085;2016;08;20;6;3;6;2;2;0;0;0;1;0;0;1;529175,276799999990000;5413523,275600000300000;9,397880153999999;48,873980707999998
117044;117045;08;3;36;091;2016;08;18;5;3;1;1;0;1;1;1;0;0;0;0;394902,414400000010000;5271437,512699999800000;7,602185431000000;47,587830085999997
117046;117047;08;4;15;061;2016;08;10;1;3;2;2;0;0;1;0;0;0;0;0;515157,277899999990000;5370985,324400000300000;9,205150406000000;48,491808112000001
117050;117051;08;2;26;096;2016;08;16;4;3;5;3;0;0;1;1;0;0;0;0;475906,360200000000000;5489755,557400000300000;8,666842511000001;49,559918027999998
117051;117052;08;1;11;000;2016;08;17;5;3;6;4;0;0;0;1;1;0;0;0;515376,748800000000000;5406812,438500000200000;9,209451641999999;48,814107120000003
117052;117053;08;3;16;043;2016;08;12;3;3;0;2;0;0;1;0;0;0;0;0;412383,764499999990000;5330681,292899999800000;7,822630424000000;48,123356768999997
117053;117054;08;3;37;062;2016;08;09;2;2;0;1;0;0;1;0;0;0;0;0;456137,065999999990000;5274421,484400000400000;8,416243423999999;47,621711476000002
117055;117056;08;3;15;052;2016;08;09;3;2;0;4;0;0;0;1;1;0;0;0;433004,542100000020000;5306310,269500000400000;8,103496439000001;47,906618260999998
117056;117057;08;3;35;075;2016;08;09;2;3;9;6;0;0;1;0;0;0;0;1;488062,960399999980000;5289560,236100000300000;8,840715916000001;47,759299724999998
117058;117059;08;1;15;024;2016;08;12;6;3;0;1;0;0;1;0;0;0;0;0;501491,142400000010000;5386090,873399999900000;9,020236482000000;48,627883304000001
117059;117060;08;2;15;017;2016;08;13;1;3;0;7;0;0;1;0;0;0;0;0;459283,218300000010000;5420089,316800000100000;8,444073562000000;48,932394006999999
117061;117062;08;2;15;009;2016;08;15;2;2;0;7;0;0;1;0;0;0;0;0;470320,910700000010000;5441524,712799999900000;8,593203044999999;49,125840668000002
117068;117069;08;1;19;089;2016;08;15;7;3;4;6;0;0;1;1;0;0;0;0;533376,232700000050000;5410117,558000000200000;9,454891556000000;48,843132478999998
117069;117070;08;2;22;000;2016;08;13;2;3;5;3;0;0;1;1;0;0;0;0;461295,338300000000000;5481464,470300000200000;8,465627816000000;49,484586671999999
117071;117072;08;2;16;063;2016;08;00;7;3;0;7;2;0;1;0;0;0;0;0;429982,674699999970000;5402011,431499999900000;8,047155246999999;48,767168861000002
117072;117073;08;4;26;031;2016;08;15;5;3;5;3;0;0;1;1;0;0;0;0;583272,489999999990000;5328189,908800000300000;10,118524506000000;48,101529136000003
117073;117074;08;3;36;091;2016;08;17;6;3;3;6;0;0;1;1;0;0;0;0;396561,629200000020000;5272503,448499999900000;7,623995268000000;47,597685188000000
117074;117075;08;2;22;000;2016;08;16;4;3;5;3;0;0;1;1;0;0;0;0;461414,525199999970000;5483291,161799999900000;8,467094937000001;49,501024358000002
117076;117077;08;3;35;063;2016;08;14;2;3;5;3;0;0;1;1;0;0;0;0;497156,463099999990000;5287813,497399999800000;8,962068092999999;47,743687565000002
117084;117085;08;3;11;000;2016;08;13;5;3;3;2;0;1;1;1;0;0;0;0;412039,918999999990000;5314750,867900000000000;7,821286076000000;47,980012078000001
117085;117086;08;3;35;066;2016;08;16;2;2;0;1;0;0;1;0;0;0;0;0;508655,076999999990000;5282385,652999999900000;9,115348107999999;47,694798126000002
117086;117087;08;1;15;003;2016;08;16;2;3;3;2;0;0;1;1;0;0;0;0;500785,996800000020000;5391726,089399999900000;9,010677562000000;48,678579894999999
117088;117089;08;2;36;040;2016;08;09;3;3;6;7;0;0;0;0;1;0;1;0;487654,449100000030000;5421951,066700000300000;8,831379883000000;48,950358244999997
117090;117091;08;3;11;000;2016;08;15;5;3;0;1;0;1;1;0;0;0;0;0;414109,315899999990000;5316173,616999999600000;7,848726663000000;47,993091456999998
117092;117093;08;1;16;033;2016;08;17;2;3;5;2;0;0;1;1;0;0;0;0;533398,393900000020000;5387588,141300000300000;9,453367113000001;48,640462548999999
117094;117095;08;2;16;043;2016;08;14;4;2;0;7;0;0;1;0;0;0;0;0;442565,613799999990000;5412440,009800000100000;8,216914456000000;48,862263079000002
117095;117096;08;4;15;061;2016;08;18;4;3;6;3;0;0;0;1;1;0;0;0;515801,141999999990000;5370332,493999999900000;9,213840208000001;48,485919156000001
117096;117097;08;2;25;042;2016;08;16;3;3;5;3;0;0;1;1;0;0;0;0;504823,887099999990000;5462245,675099999600000;9,066368661000000;49,312928962000001
117099;117100;08;3;16;009;2016;08;12;1;3;9;1;0;0;1;0;0;0;0;0;416992,112700000000000;5324429,175300000200000;7,885759924000000;48,067734559000002
117101;117102;08;3;11;000;2016;08;13;2;3;5;3;0;0;1;1;0;0;0;0;411679,505699999980000;5314569,336900000500000;7,816494729000000;47,978329494999997
117103;117104;08;1;28;115;2016;08;15;5;3;6;5;0;0;0;1;1;0;0;0;548399,835500000040000;5497480,013100000100000;9,670187318000000;49,627936837000000
117104;117105;08;3;27;049;2016;08;16;2;3;3;2;0;0;1;1;0;0;0;0;472289,029500000000000;5324451,970999999900000;8,627993354999999;48,072740144999997
117105;117106;08;3;36;069;2016;08;05;5;3;6;4;1;0;0;1;1;0;0;0;408257,325000000010000;5268466,043600000400000;7,780384279000000;47,563126124000000
117106;117107;08;2;15;090;2016;08;14;4;3;5;3;0;0;1;1;0;0;0;0;464293,684599999980000;5433003,939500000300000;8,511346372000000;49,048874396000002
117107;117108;08;3;37;126;2016;08;07;4;2;0;7;0;0;1;0;0;0;0;0;441977,312600000000000;5273555,083399999900000;8,227926439000001;47,612802858000002
117110;117111;08;3;17;096;2016;08;05;2;3;5;3;1;0;0;1;1;0;0;0;420879,944599999990000;5365687,173200000100000;7,930223388000000;48,439353887999999
117112;117113;08;1;27;076;2016;08;10;5;2;9;1;0;0;1;0;0;0;0;0;556611,589500000000000;5439860,827899999900000;9,775687269000001;49,108983979999998
117113;117114;08;2;35;080;2016;08;16;2;2;0;7;0;0;1;0;0;0;0;0;481400,632500000010000;5386407,383800000000000;8,747572698999999;48,630455859999998
117115;117116;08;4;16;006;2016;08;14;5;3;0;7;0;0;1;0;0;0;0;0;498601,191100000000000;5359205,422500000300000;8,981106707000000;48,386011523999997
117116;117117;08;4;35;059;2016;08;13;6;3;0;1;0;0;1;0;0;0;0;0;512863,664700000020000;5289784,685200000200000;9,171655265000000;47,761301386000000
117119;117120;08;1;18;081;2016;08;14;1;3;0;7;0;1;1;0;0;0;0;0;520257,079600000000000;5412803,003999999700000;9,276223666000000;48,867856869000001
117125;117126;08;2;22;000;2016;08;10;3;3;1;5;0;0;1;1;0;0;0;0;464619,815999999990000;5484640,348199999900000;8,511240644000001;49,513355046999997
117126;117127;08;3;11;000;2016;08;17;2;2;0;6;0;0;1;0;0;0;0;0;414961,714400000000000;5320674,805100000500000;7,859256995000000;48,033695293999997
117128;117129;08;2;15;108;2016;08;11;4;3;5;3;0;0;1;1;0;0;0;0;448203,008800000010000;5423367,268500000200000;8,292383929000000;48,961050905000000
117129;117130;08;2;12;000;2016;08;18;7;3;0;1;0;1;1;0;0;0;0;0;454281,614000000000000;5428863,973000000200000;8,374802022000001;49,010973802000002
117130;117131;08;3;36;069;2016;08;14;6;3;5;3;0;0;1;1;0;0;0;0;408233,978400000020000;5268417,068799999500000;7,780084214000000;47,562682254999999
117131;117132;08;2;15;017;2016;08;11;4;2;6;6;0;0;0;1;1;0;0;0;454641,919799999970000;5421107,757700000000000;8,380593944999999;48,941232251999999
117133;117134;08;3;11;000;2016;08;10;2;3;1;7;0;0;1;1;0;0;0;0;413859,497900000020000;5317307,306200000500000;7,845151230000000;48,003255793999998
117134;117135;08;4;15;078;2016;08;09;7;3;5;3;0;0;1;1;0;0;0;0;529802,560799999980000;5370784,178600000200000;9,403352863000000;48,489474620000003
117137;117138;08;1;18;079;2016;08;20;7;3;6;4;2;0;0;1;1;0;0;0;507593,814399999970000;5421467,770100000300000;9,103710271000001;48,946087274000000
117139;117140;08;2;21;000;2016;08;10;3;1;6;2;0;0;0;0;1;0;1;0;477145,434799999990000;5474542,289900000200000;8,684855392999999;49,423127143999999
117140;117141;08;2;11;000;2016;08;21;6;3;0;7;2;0;1;0;0;0;0;0;443303,579900000010000;5402159,156299999900000;8,228395898000001;48,769853804000000
117142;117143;08;2;12;000;2016;08;20;2;3;1;5;2;0;1;1;0;0;0;0;461488,402599999970000;5427179,966699999800000;8,473509651000001;48,996317660000003
117145;117146;08;1;19;038;2016;08;09;5;3;0;1;0;0;1;0;0;0;0;0;527298,218600000020000;5423433,916100000000000;9,372945343000000;48,963217892000003
117146;117147;08;4;16;041;2016;08;18;2;2;1;3;0;0;1;1;0;0;0;0;504214,824800000000000;5374367,844300000000000;9,057081062000000;48,522407243000004
117147;117148;08;4;36;082;2016;08;15;5;3;6;4;0;1;0;1;1;0;0;0;546588,350199999990000;5293989,470400000000000;9,622117772999999;47,797576608000000
117148;117149;08;1;35;019;2016;08;14;4;3;0;1;0;0;1;0;0;0;0;0;584978,962199999950000;5394865,022400000100000;10,154940318000000;48,701029603000002
117149;117150;08;3;35;075;2016;08;12;4;3;6;3;0;0;1;0;1;0;0;0;487686,028300000010000;5290528,853900000500000;8,835658826000000;47,768007795000003
117150;117151;08;2;15;021;2016;08;09;3;3;1;7;0;0;1;1;0;0;0;0;469683,743800000000000;5444606,266200000400000;8,584238145000001;49,153528635999997
117151;117152;08;1;15;003;2016;08;05;6;3;5;3;1;0;1;1;0;0;0;0;500802,600700000010000;5391363,791199999900000;9,010902418000001;48,675320593999999
117152;117153;08;1;11;000;2016;08;12;7;3;1;7;0;0;1;1;0;0;0;0;514257,845099999980000;5403689,689799999800000;9,194102366999999;48,786041937000000
117153;117154;08;3;35;066;2016;08;14;4;3;6;6;0;0;1;0;1;0;0;0;508633,964900000020000;5282428,171799999700000;9,115067585000000;47,695180978000003
117158;117159;08;2;36;031;2016;08;19;2;3;6;7;0;0;0;1;1;0;0;0;481804,232200000030000;5420046,156899999800000;8,751561176999999;48,933077918999999
117159;117160;08;4;15;014;2016;08;11;1;2;0;1;0;0;1;0;0;0;0;0;525494,362300000040000;5375839,114099999900000;9,345355081999999;48,535139475000001
117160;117161;08;1;18;080;2016;08;19;5;3;6;4;0;0;0;1;1;0;0;0;506537,875500000020000;5410993,418200000200000;9,089121446000000;48,851874541000001
117164;117165;08;3;17;009;2016;08;16;4;3;0;6;0;0;1;0;0;0;0;1;425033,692400000000000;5361917,023400000300000;7,987050651000000;48,405949309999997
117165;117166;08;2;12;000;2016;08;10;3;3;1;5;0;0;1;1;0;0;0;0;456473,865500000010000;5428755,296799999700000;8,404790931999999;49,010154780999997
117167;117168;08;2;31;000;2016;08;13;2;3;0;7;0;0;0;1;1;1;0;0;476613,785600000000000;5415454,512199999800000;8,680956720999999;48,891598842000001
117171;117172;08;2;16;015;2016;08;17;1;3;1;2;0;0;1;1;0;0;0;0;450314,439399999970000;5405887,117900000000000;8,323351309000000;48,803987292999999