FID;OBJECTID;ULAND;UREGBEZ;UKREIS;UGEMEINDE;UJAHR;UMONAT;USTUNDE;UWOCHENTAG;UKATEGORIE;UART;UTYP1;ULICHTVERH;IstStrasse;IstRad;IstPKW;IstFuss;IstKrad;IstGkfz;IstSonstig;LINREFX;LINREFY;XGCSWGS84;YGCSWGS84
117473;117474;08;2;12;000;2016;08;12;4;3;5;3;0;0;1;1;0;0;0;0;460412,138700000010000;5427284,488699999600000;8,458786587000001;48,997189783000003
117474;117475;08;3;35;026;2016;08;15;6;3;6;4;0;0;0;1;1;0;0;0;481038,183299999980000;5282691,334699999500000;8,747279428000001;47,697328233000000
117475;117476;08;3;17;057;2016;08;16;5;3;5;3;0;0;1;1;0;0;0;0;416820,903400000010000;5379389,363199999600000;7,872622090000000;48,562077217999999
117477;117478;08;4;15;060;2016;08;17;3;3;0;1;0;0;1;0;0;0;0;0;515623,118100000020000;5378254,057300000500000;9,211727792000000;48,557188412000002
117479;117480;08;3;35;043;2016;08;11;6;3;0;7;0;0;1;0;0;0;0;0;513067,152000000000000;5278314,995900000400000;9,174026737000000;47,658097583999997
117481;117482;08;1;16;049;2016;08;07;6;3;0;7;0;0;1;1;0;0;0;0;525884,858800000050000;5387509,998399999900000;9,351371901000000;48,640115862999998
117482;117483;08;3;37;096;2016;08;21;3;2;8;1;2;0;1;0;0;0;0;0;420097,058000000020000;5266499,684999999600000;7,938107772000000;47,547001639999998
117483;117484;08;4;36;055;2016;08;17;6;3;5;3;0;0;1;1;0;0;0;0;575968,439999999940000;5297744,637099999900000;10,015051851000001;47,828561909000001
117485;117486;08;2;26;028;2016;08;19;6;3;6;4;0;0;0;1;1;0;0;0;470982,468799999970000;5483522,114099999900000;8,599217140000000;49,503634898000001
117487;117488;08;3;35;043;2016;08;19;1;3;5;3;0;0;1;1;0;0;0;0;513039,641100000010000;5279677,738900000200000;9,173701024000000;47,670359656999999
117490;117491;08;1;18;079;2016;08;08;3;3;0;1;0;0;1;0;0;0;0;0;507949,993399999980000;5421119,102699999700000;9,108567868000000;48,942946294999999
117491;117492;08;1;25;065;2016;08;06;5;3;5;3;0;0;1;1;0;0;0;0;516355,725199999990000;5448289,368599999700000;9,224456882000000;49,187189795000002
117492;117493;08;3;35;063;2016;08;20;3;1;0;7;0;0;1;0;0;0;0;0;497518,604200000000000;5287118,597099999900000;8,966902906000000;47,737436629000001
117493;117494;08;2;21;000;2016;08;23;5;3;0;7;2;0;1;0;0;0;0;0;477529,347000000010000;5471884,334800000300000;8,690299570000001;49,399233565999999
117494;117495;08;4;25;071;2016;08;09;3;2;6;4;0;0;0;1;1;0;0;0;550729,618000000020000;5370928,635999999900000;9,686583905000001;48,489433230000003
117495;117496;08;2;22;000;2016;08;15;6;3;0;7;0;0;1;0;0;0;0;0;463965,395599999990000;5483640,073099999700000;8,502291799000000;49,504319549999998
117500;117501;08;3;11;000;2016;08;11;5;3;5;3;0;0;1;1;0;0;0;0;409647,231000000030000;5316447,661999999500000;7,788872961000000;47,994941607000001
117506;117507;08;1;16;019;2016;08;11;1;3;0;6;0;0;1;1;0;0;0;0;524585,442000000040000;5400402,730999999700000;9,334500965000000;48,756150527000003
117509;117510;08;3;15;047;2016;08;14;5;3;1;5;0;0;1;1;0;0;0;0;415725,630000000000000;5321724,525100000200000;7,869295814000000;48,043239200000002
117510;117511;08;2;16;013;2016;08;17;1;3;8;1;0;0;1;0;0;0;0;0;452553,955299999970000;5390695,589900000000000;8,355597353000000;48,667507508000000
117512;117513;08;3;25;064;2016;08;17;3;3;5;3;0;0;1;1;0;0;0;0;477456,578099999980000;5332693,933299999700000;8,696928441000001;48,147095804000003
117514;117515;08;3;11;000;2016;08;07;6;3;5;3;0;0;1;1;0;0;0;0;411683,195000000010000;5314570,152999999900000;7,816543987000000;47,978337345000000
117517;117518;08;2;26;032;2016;08;14;4;3;5;3;0;0;1;0;0;0;0;1;467470,678300000030000;5463593,042700000100000;8,552347835999999;49,324200830999999
117518;117519;08;2;12;000;2016;08;15;5;3;5;3;0;0;1;1;0;0;0;0;454570,032699999980000;5429313,127999999600000;8,378695622000000;49,015035283000003
117522;117523;08;3;37;022;2016;08;15;1;3;0;1;0;0;1;0;0;0;0;0;445044,947999999970000;5299739,338000000500000;8,265436721000000;47,848646748999997
117523;117524;08;2;21;000;2016;08;14;6;2;5;3;0;0;1;1;0;0;0;0;476166,378800000010000;5469449,713800000000000;8,671660831000001;49,377282647999998
117524;117525;08;2;21;000;2016;08;11;4;3;0;7;0;0;1;0;1;0;0;0;475261,147600000030000;5473302,377399999600000;8,658950466000000;49,411900649000003
117525;117526;08;3;16;011;2016;08;17;3;3;5;3;0;0;1;1;0;0;0;0;412824,626700000020000;5331577,916799999800000;7,828369906000000;48,131482525999999
117527;117528;08;3;11;000;2016;08;09;6;3;5;3;0;0;1;1;0;0;0;0;409895,529600000010000;5316878,035799999700000;7,792110126000000;47,998847941000001
117528;117529;08;1;15;003;2016;08;17;3;3;5;3;0;0;1;0;0;0;0;0;500215,189799999990000;5392566,828599999700000;9,002923735000000;48,686143739000002
117533;117534;08;2;35;085;2016;08;08;5;3;0;7;0;0;1;0;0;0;0;0;483065,717799999980000;5392911,478199999800000;8,769904585999999;48,689014508000000
117534;117535;08;1;15;045;2016;08;07;6;3;5;3;0;0;1;1;0;0;0;0;500644,987299999980000;5393559,903500000000000;9,008764847000000;48,695077245000000
117535;117536;08;3;15;047;2016;08;20;3;3;5;3;0;0;1;1;0;0;0;0;415347,625000000000000;5321042,537999999700000;7,864360028000000;48,037054464999997
117537;117538;08;1;11;000;2016;08;15;3;3;5;3;0;0;1;1;0;0;0;0;515052,979300000010000;5406597,222500000100000;9,205033608000001;48,812178998000000
117539;117540;08;2;16;043;2016;08;06;4;3;5;3;0;0;1;1;0;0;0;0;442066,695799999990000;5412640,531999999700000;8,210084276000000;48,864020373999999
117544;117545;08;2;26;095;2016;08;18;5;3;5;3;0;0;1;1;0;0;0;0;474020,937600000000000;5460700,012299999600000;8,642675402000000;49,298492134999996
117546;117547;08;2;15;110;2016;08;18;3;2;6;4;0;0;0;1;1;0;0;0;460916,213500000010000;5419851,785000000100000;8,466391395000001;48,930362633999998
117547;117548;08;1;11;000;2016;08;17;3;2;6;4;0;0;0;1;1;0;0;0;515243,087000000000000;5402965,808000000200000;9,207488244000000;48,779506603000002
117552;117553;08;2;25;058;2016;08;13;1;3;5;3;0;0;1;1;0;0;0;0;507528,248000000020000;5465685,281299999900000;9,103641041000000;49,343841165000001
117553;117554;08;3;35;098;2016;08;11;7;3;2;6;0;0;1;0;0;0;0;0;503910,705599999990000;5295838,303399999600000;9,052239885000001;47,815885412000000
117555;117556;08;1;11;000;2016;08;08;3;3;5;3;0;0;1;1;0;0;0;0;512297,107499999980000;5408831,122999999700000;9,167563596000001;48,832335499000003
117558;117559;08;1;11;000;2016;08;18;3;3;6;4;0;0;0;0;1;1;0;0;515231,989799999980000;5403682,990700000000000;9,207363767000000;48,785958577000002
117561;117562;08;2;22;000;2016;08;16;5;3;0;1;0;0;1;0;0;0;0;0;462457,352300000030000;5488398,918399999800000;8,481010765000001;49,547031146999998
117562;117563;08;2;16;063;2016;08;18;1;3;8;1;0;0;1;0;0;0;0;0;426717,820100000010000;5400307,642000000000000;8,003035047999999;48,751468035000002
117563;117564;08;3;15;048;2016;08;12;7;3;5;2;0;0;1;1;0;0;0;0;397875,232499999980000;5310484,685800000100000;7,632536763000000;47,939534762999997
117564;117565;08;1;19;090;2016;08;09;7;3;8;1;0;0;1;1;0;0;0;0;530738,809000000010000;5406972,562900000300000;9,418710821000000;48,814977444000000
117565;117566;08;3;11;000;2016;08;15;6;2;5;3;0;0;1;1;0;0;0;0;414965,331999999990000;5320394,901999999800000;7,859361087000000;48,031177950000000
117571;117572;08;1;16;033;2016;08;17;4;3;1;6;0;0;1;1;0;0;0;0;533432,581400000020000;5388204,453599999700000;9,453880922000000;48,646005002000003
117573;117574;08;4;36;064;2016;09;23;6;3;0;7;2;0;0;0;1;1;0;0;546037,288700000030000;5292393,874900000200000;9,614590329000000;47,783260681000002
117574;117575;08;2;12;000;2016;08;10;3;3;5;2;0;0;1;0;0;0;0;1;453668,386000000000000;5431066,583900000000000;8,366165125000000;49,030740620000003
117575;117576;08;1;17;015;2016;09;18;5;2;6;4;0;0;0;1;1;0;0;0;559465,691600000020000;5392772,330000000100000;9,807934541000000;48,685159452999997
117576;117577;08;3;35;063;2016;09;19;6;2;0;7;0;0;1;0;0;0;0;0;498085,780000000030000;5287275,940200000100000;8,974467258000001;47,738854271000001
117577;117578;08;3;25;045;2016;08;16;4;2;8;1;0;0;1;0;0;0;0;0;468752,819000000020000;5348551,914599999800000;8,578749965000000;48,289395654000003
117578;117579;08;1;19;091;2016;09;11;7;2;4;6;0;0;1;1;0;0;0;0;528806,172600000050000;5407125,614500000100000;9,392396692000000;48,816446861000003
117579;117580;08;4;26;021;2016;09;21;6;2;0;1;2;0;1;0;0;0;0;0;559607,912999999940000;5326631,564000000200000;9,800480428000000;48,090164174999998
117580;117581;08;2;22;000;2016;09;00;6;3;5;5;2;0;1;0;0;1;0;0;463878,713600000020000;5483386,770499999600000;8,501117764000000;49,502036066000002
117581;117582;08;1;15;021;2016;08;11;4;3;0;1;0;0;1;0;0;0;0;0;489478,260599999980000;5382442,042799999900000;8,857300897000000;48,594970965999998
117582;117583;08;1;19;085;2016;08;15;3;3;5;3;0;0;1;0;0;0;0;1;529631,415999999970000;5413293,917999999600000;9,404084012000000;48,871895868999999
117584;117585;08;1;15;044;2016;08;23;4;3;0;1;2;0;1;0;0;0;0;0;504370,216200000020000;5389728,271599999600000;9,059347122000000;48,660592463999997
117588;117589;08;2;16;005;2016;09;19;5;3;0;7;0;0;1;0;0;0;0;0;445788,035600000000000;5417717,174900000000000;8,260146459000000;48,910021424000000
117589;117590;08;1;15;024;2016;08;14;4;3;5;3;0;0;1;1;0;0;0;0;500856,953600000010000;5387480,423800000000000;9,011632699000000;48,640385154999997
117591;117592;08;3;17;096;2016;09;12;6;3;8;1;0;0;1;0;0;0;0;0;420974,958300000000000;5369439,686900000100000;7,930799231000000;48,473119316999998
117592;117593;08;3;15;076;2016;08;15;4;2;0;1;0;0;1;0;0;0;0;0;391998,326000000000000;5296711,270999999700000;7,557313371000000;47,814685734000001
117595;117596;08;1;18;073;2016;08;14;3;3;0;1;0;0;1;0;0;0;0;0;498978,504299999970000;5417802,986200000200000;8,986058395000001;48,913165657999997
117596;117597;08;1;18;079;2016;09;14;5;3;5;3;0;0;1;1;0;0;0;0;510128,087000000000000;5421190,031999999700000;9,138314352000000;48,943552521000001
117598;117599;08;4;35;057;2016;09;14;7;3;9;1;0;0;1;0;0;0;0;0;545453,904300000050000;5278321,452800000100000;9,605334236999999;47,656690785999999
117600;117601;08;2;22;000;2016;09;12;7;2;1;5;0;0;1;1;0;0;0;0;465503,549500000020000;5477057,104700000000000;8,524109950000000;49,445198071999997
117601;117602;08;3;36;091;2016;08;14;4;3;3;6;0;0;1;1;0;0;0;0;395572,530499999990000;5271920,619500000000000;7,610980373000000;47,592283971000001
117602;117603;08;1;15;045;2016;09;12;6;2;5;3;0;0;1;1;0;0;0;0;499213,942400000000000;5392890,542700000100000;8,989319397999999;48,689055447000001
117604;117605;08;1;28;139;2016;09;21;7;3;1;1;2;0;1;1;0;0;0;0;551944,895800000060000;5492148,447200000300000;9,718566346999999;49,579690378999999
117610;117611;08;4;15;061;2016;09;19;7;2;6;4;0;0;0;1;1;0;0;0;515282,593899999980000;5372128,759499999700000;9,206888371000000;48,502091815000000
117613;117614;08;2;22;000;2016;09;16;6;3;5;3;0;0;1;1;0;0;0;0;462769,295999999970000;5478231,490899999600000;8,486281174000000;49,455599792000001
117620;117621;08;1;17;024;2016;08;20;3;3;6;4;1;0;1;0;1;0;0;0;561976,257600000010000;5384272,678299999800000;9,840768757999999;48,608459144000001
117625;117626;08;2;22;000;2016;09;21;6;3;6;7;2;0;0;1;1;0;0;0;461407,409900000030000;5482098,964300000100000;8,467113111000000;49,490300742999999
117626;117627;08;2;22;000;2016;09;12;5;3;5;5;0;0;1;1;0;0;0;0;464288,061500000010000;5484548,413700000400000;8,506666119000000;49,512508693000001
117627;117628;08;4;35;030;2016;08;14;3;3;1;5;0;0;1;1;0;0;0;0;539807,495099999940000;5272695,069799999700000;9,529629774000000;47,606440153000001
117630;117631;08;1;15;044;2016;09;21;5;2;8;1;2;0;1;0;0;0;0;0;504367,727699999990000;5390146,031700000200000;9,059317739000001;48,664350710000001
117631;117632;08;3;17;089;2016;09;18;6;3;0;7;0;0;1;0;0;0;0;0;432826,451799999980000;5374074,522699999600000;8,090380315999999;48,516188757000002
117632;117633;08;3;11;000;2016;08;17;4;2;4;3;0;0;1;1;0;0;0;0;414297,298699999980000;5317714,147900000200000;7,850938121000000;48,006974335000002
117633;117634;08;1;18;048;2016;09;15;7;3;0;7;0;0;1;0;0;0;0;0;511131,227000000010000;5415429,152999999900000;9,151856526000000;48,891712061000000
117634;117635;08;3;16;056;2016;09;09;6;2;5;3;0;0;1;1;0;0;0;0;422500,415099999980000;5326917,747700000200000;7,959234982000000;48,090813867000001
117635;117636;08;3;11;000;2016;08;20;4;2;5;3;1;0;1;1;0;0;0;0;413670,283000000000000;5316672,564500000300000;7,842742764000000;47,997520543000000
117636;117637;08;1;18;079;2016;09;12;7;2;3;6;0;0;1;0;0;0;0;0;509932,587200000010000;5423058,629300000100000;9,135690091000001;48,960364970000001
117638;117639;08;2;21;000;2016;09;15;6;3;5;3;0;0;1;1;0;0;0;0;475386,331300000020000;5472660,456500000300000;8,660716009000000;49,406131764000001
117640;117641;08;4;35;016;2016;08;15;3;3;5;3;0;0;1;1;0;0;0;0;535352,362700000060000;5277839,514700000200000;9,470772920000000;47,652985469999997
117643;117644;08;3;15;115;2016;09;00;6;2;6;7;2;0;0;1;1;0;0;0;407782,636200000010000;5320726,798000000400000;7,762964666000000;48,033166514999998
117644;117645;08;3;11;000;2016;08;22;4;3;4;7;2;0;1;0;0;0;0;0;413764,379699999990000;5316373,634399999900000;7,844063943000000;47,994844258999997
117645;117646;08;3;16;010;2016;09;01;7;2;0;1;2;0;1;0;0;0;0;0;433147,633800000010000;5338393,025200000000000;8,100397878000001;48,195249756000003
117646;117647;08;1;25;108;2016;09;12;7;3;5;3;0;0;1;1;0;0;0;0;494474,679100000010000;5433763,957600000300000;8,924372242000001;49,056720878000000
117649;117650;08;2;15;039;2016;08;15;4;2;5;3;0;0;1;1;0;0;0;0;472986,048499999980000;5451859,761800000400000;8,629037968000000;49,218928994999999
117650;117651;08;4;35;005;2016;09;16;5;3;0;7;0;0;1;0;0;0;0;0;526199,470600000000000;5286528,678200000000000;9,349412203000000;47,731601630999997
117651;117652;08;2;26;054;2016;09;07;6;2;6;4;0;0;0;1;1;0;0;0;479837,848300000010000;5454754,264299999900000;8,722981622000001;49,245229316000000
117653;117654;08;1;11;000;2016;08;08;3;3;5;7;0;0;1;1;0;0;0;0;514868,167000000020000;5402053,616899999800000;9,202351900000000;48,771309684999999
117655;117656;08;3;35;075;2016;08;17;3;3;5;3;0;0;1;1;0;0;0;0;487740,218999999980000;5290321,795099999800000;8,836387889999999;47,766145813000001
117656;117657;08;2;12;000;2016;08;09;4;3;5;3;0;0;1;1;0;0;0;0;453208,854300000010000;5429255,414800000400000;8,360087875000000;49,014414420000001
117657;117658;08;1;18;048;2016;09;14;1;3;1;7;0;0;1;1;0;0;0;0;513878,489000000000000;5415704,817900000100000;9,189344913999999;48,894136426000003
117660;117661;08;4;35;059;2016;09;15;5;3;8;7;0;0;1;0;0;0;0;0;512443,627900000020000;5290145,362999999900000;9,166060564000000;47,764554838999999
117662;117663;08;4;21;000;2016;09;17;5;3;0;6;0;0;1;1;0;0;0;0;570752,086499999980000;5362232,238400000100000;9,956068179000001;48,409271934000003
117663;117664;08;3;35;043;2016;08;17;3;3;0;7;0;0;1;0;0;0;0;0;513641,628499999990000;5279956,309000000400000;9,181728757000000;47,672853715999999
117664;117665;08;4;17;002;2016;08;12;2;3;5;3;0;0;1;1;0;0;0;0;488948,705000000020000;5347919,771999999900000;8,851029801999999;48,284383433000002
117668;117669;08;4;21;000;2016;09;14;5;3;0;1;0;0;1;0;0;0;0;0;571592,935500000020000;5362181,603900000500000;9,967420198999999;48,408721499000002
117669;117670;08;4;21;000;2016;09;19;7;3;0;7;0;0;1;0;0;0;0;0;573165,599500000010000;5361370,842600000100000;9,988526669000001;48,401247910000002
117671;117672;08;2;21;000;2016;09;23;7;3;0;7;2;0;1;0;0;0;0;0;477967,444499999980000;5472958,897900000200000;8,696277920000000;49,408915123000000
117677;117678;08;2;26;054;2016;08;08;4;3;5;3;0;0;1;0;0;0;0;1;480377,145499999980000;5455136,798800000000000;8,730372485000000;49,248687793000002
117679;117680;08;1;17;026;2016;09;16;7;3;5;7;0;0;1;1;0;0;0;0;548147,712399999960000;5394374,193400000200000;9,654360472000001;48,700544776000001
117681;117682;08;2;21;000;2016;09;14;6;2;1;5;0;0;1;1;0;0;0;0;474307,011899999980000;5473078,814399999600000;8,645811490000000;49,409850200999998
117683;117684;08;3;17;031;2016;08;15;3;3;0;7;0;0;1;0;0;0;0;0;418286,042000000020000;5358841,493200000400000;7,896491259000000;48,377446525000003
117684;117685;08;3;17;097;2016;09;20;1;3;1;7;1;1;1;1;0;0;0;0;425266,229200000000000;5365095,173100000200000;7,989625757000000;48,434564784000003
117686;117687;08;2;16;017;2016;09;11;6;3;0;6;0;0;1;1;0;0;0;0;451324,695499999970000;5401994,400899999800000;8,337569693000001;48,769050884000002
117689;117690;08;4;26;021;2016;09;10;6;3;5;3;0;0;1;0;0;0;0;1;558421,775799999940000;5327131,726200000400000;9,784621693000000;48,094773582000002
117691;117692;08;1;11;000;2016;09;16;5;3;4;6;0;0;1;0;0;0;0;0;516808,422199999970000;5407375,284300000400000;9,228975829000000;48,819133305000001
117695;117696;08;4;15;061;2016;09;08;5;2;5;3;0;0;1;0;0;0;0;1;514736,454499999990000;5372368,121600000200000;9,199503498000000;48,504258249000003
117696;117697;08;2;12;000;2016;09;07;6;3;0;7;0;0;1;0;0;0;0;1;455144,811999999980000;5432745,235200000000000;8,386176203000000;49,045949323000002
117697;117698;08;3;11;000;2016;08;08;3;2;0;7;0;1;1;0;0;0;0;1;411636,167499999980000;5321429,237499999800000;7,814500583000000;48,040030008999999
117698;117699;08;1;19;079;2016;09;14;5;3;6;4;0;0;0;1;1;0;0;0;523102,929899999990000;5408734,980700000200000;9,314799353000000;48,831162593999998
117699;117700;08;3;11;000;2016;08;23;3;3;3;2;2;0;1;1;0;0;0;0;414592,585199999970000;5318248,810899999900000;7,854789877000000;48,011823356999997
117702;117703;08;2;22;000;2016;08;12;4;3;1;3;0;0;1;1;0;0;0;0;462467,535500000000000;5479270,857699999600000;8,482019054000000;49,464929838000003
117705;117706;08;2;12;000;2016;09;12;6;3;5;3;0;0;1;0;0;0;0;0;455501,668000000010000;5428508,256600000000000;8,391524229000000;49,007863290000003
117707;117708;08;3;11;000;2016;08;16;3;2;4;6;0;0;1;0;0;0;0;0;410567,739899999990000;5316601,923899999800000;7,801176896000000;47,996458644999997
117708;117709;08;4;36;082;2016;08;19;2;2;1;7;1;1;1;1;0;0;0;0;547846,060700000030000;5294041,093200000000000;9,638917246000000;47,797948808999998
117711;117712;08;4;35;059;2016;09;15;7;3;5;2;0;0;1;0;0;0;0;0;514942,998100000030000;5288635,048200000100000;9,199362620000001;47,750912657000001
117712;117713;08;3;35;063;2016;09;10;5;3;0;1;0;0;1;0;0;0;0;0;496973,527400000020000;5287225,423999999600000;8,959631878000000;47,738395486999998
117715;117716;08;3;35;043;2016;09;10;5;3;0;1;0;0;1;0;0;0;0;0;513759,535800000010000;5281714,702700000300000;9,183354894000001;47,688672617999998
117716;117717;08;3;11;000;2016;08;15;3;3;3;2;0;0;1;0;0;0;0;0;413164,915600000010000;5318364,381400000300000;7,835627209000000;48,012670536000002
117717;117718;08;3;26;074;2016;08;08;2;3;5;3;0;0;1;1;0;0;0;0;458645,616099999980000;5323268,947499999800000;8,444958886000000;48,061357977999997
117718;117719;08;4;37;078;2016;08;08;4;3;6;1;0;0;0;1;1;0;0;0;508515,701999999990000;5315732,819000000100000;9,114147003999999;47,994838231999999
117719;117720;08;2;15;009;2016;08;08;4;3;5;3;0;0;1;1;0;0;0;0;469761,489100000010000;5441120,017400000200000;8,585565869000000;49,122173087000000
117720;117721;08;4;16;041;2016;09;12;7;2;3;6;0;0;1;0;0;0;0;0;503628,175500000010000;5373687,971400000200000;9,049130202000001;48,516294522000003
117722;117723;08;2;15;099;2016;09;11;7;3;3;2;0;0;1;0;0;0;0;0;463204,189399999970000;5447410,959300000200000;8,495123389000000;49,178402740999999
117723;117724;08;2;12;000;2016;09;07;6;3;5;3;0;0;1;1;0;0;0;0;458894,696799999980000;5431270,250599999900000;8,437638646000000;49,032943175000000
117724;117725;08;2;15;009;2016;08;19;3;3;6;4;0;0;0;1;1;0;0;0;470102,539200000000000;5441180,671500000200000;8,590235512000000;49,122735366000001
117727;117728;08;4;26;021;2016;08;09;4;3;3;2;0;0;1;0;0;0;1;0;558420,682000000030000;5327130,833100000400000;9,784606882000000;48,094765647999999
117729;117730;08;2;15;097;2016;08;14;4;3;1;5;0;0;1;1;0;0;0;0;475721,572999999970000;5443759,809999999600000;8,667091245000000;49,146183012999998
117731;117732;08;3;17;096;2016;08;11;2;3;5;3;0;0;1;0;0;0;0;0;421918,551199999990000;5369576,890399999900000;7,943538050000000;48,474471330999997
117732;117733;08;4;26;070;2016;08;21;4;2;8;1;2;0;1;0;0;0;0;0;565893,499399999970000;5342067,639600000300000;9,887271619000000;48,228405997999999
117734;117735;08;3;36;050;2016;09;19;7;3;0;1;1;0;1;0;0;0;0;0;399357,001899999970000;5273957,173200000100000;7,660836756000000;47,611201934000000
117736;117737;08;2;12;000;2016;09;15;6;3;5;2;0;0;1;1;0;0;0;0;454294,826699999980000;5429156,396300000100000;8,374949765000000;49,013605147000000
117738;117739;08;2;12;000;2016;08;10;3;3;5;3;0;0;1;0;0;0;0;0;455645,772100000000000;5428749,021700000400000;8,393468304000001;49,010039368999998
117739;117740;08;3;27;018;2016;09;13;1;3;0;7;0;0;1;0;0;0;0;0;473157,450100000020000;5307817,622800000000000;8,640691899000000;47,923117849999997
117740;117741;08;4;21;000;2016;09;19;6;3;6;2;0;0;0;1;1;0;0;0;572836,281899999940000;5361138,711000000100000;9,984037727000001;48,399197970000003
117741;117742;08;3;11;000;2016;08;16;2;3;5;3;0;0;1;0;0;0;0;0;411509,678399999980000;5318891,079699999700000;7,813328277000000;48,017181227000002
117743;117744;08;2;37;045;2016;09;18;6;3;5;2;0;0;1;1;0;0;0;0;459218,683900000000000;5362394,182699999800000;8,448882425000001;48,413381137999998
117744;117745;08;2;12;000;2016;08;19;4;3;5;3;0;0;1;0;0;0;0;0;451143,881999999980000;5427796,271999999900000;8,332025034000001;49,001129380999998
117748;117749;08;2;12;000;2016;08;21;3;3;5;3;2;0;1;0;0;0;0;0;455339,202899999970000;5428030,891099999700000;8,389355300000000;49,003557604999997
117749;117750;08;3;11;000;2016;08;09;2;2;0;1;0;0;1;0;0;0;0;0;411333,192099999990000;5315449,234199999800000;7,811673451000000;47,986196511999999
117750;117751;08;1;11;000;2016;09;16;7;3;0;1;0;0;1;0;0;0;0;0;512387,358200000020000;5406633,048700000200000;9,168726982000001;48,812560146000003
117751;117752;08;3;16;009;2016;09;15;5;3;5;3;0;0;1;1;0;0;0;0;416883,175099999990000;5324528,005099999700000;7,884278692000000;48,068609381999998
117752;117753;08;1;27;014;2016;09;14;6;3;5;3;0;0;1;1;0;0;0;0;576459,858800000050000;5443047,825400000400000;10,048209097000001;49,135500141000001
117758;117759;08;2;12;000;2016;08;11;4;3;6;7;0;0;1;0;1;0;0;0;460296,866500000000000;5426418,921299999600000;8,457295332999999;48,989396407999998
117759;117760;08;3;17;065;2016;09;16;7;3;5;3;0;0;1;1;0;0;0;0;416253,799600000030000;5354551,391599999700000;7,869906169000000;48,338591127000001
117762;117763;08;2;16;043;2016;08;10;4;3;8;1;0;0;1;0;0;0;0;0;441231,548599999980000;5412525,445399999600000;8,198714797999999;48,862906606999999
117763;117764;08;4;25;039;2016;09;19;7;2;5;3;0;0;1;1;0;0;0;0;563949,609000000050000;5349370,315000000400000;9,862203910000000;48,294298093000002
117766;117767;08;1;36;010;2016;08;10;4;2;0;1;0;0;1;0;0;0;0;0;598922,237199999970000;5414650,527300000200000;10,349153983000001;48,876914593000002
117768;117769;08;2;26;096;2016;08;11;2;3;5;5;0;0;1;1;0;0;0;0;473878,252199999990000;5487999,866100000200000;8,638915614000000;49,544042204999997
117769;117770;08;2;31;000;2016;09;12;6;3;6;4;0;0;0;1;1;0;0;0;477956,291499999990000;5415880,202999999700000;8,699248436000000;48,895477425999999
117770;117771;08;4;21;000;2016;08;10;4;2;6;4;0;0;0;1;1;0;0;0;570919,231099999980000;5360597,645899999900000;9,958050280000000;48,394549503000000
117771;117772;08;3;16;017;2016;09;18;5;3;5;2;0;0;1;1;0;0;0;0;409748,146000000010000;5340830,479000000300000;7,785066991000000;48,214279443999999
117773;117774;08;3;15;006;2016;09;12;5;2;6;4;0;0;0;1;1;0;0;0;402771,794799999970000;5308221,332299999900000;7,698595337000000;47,919937836000003
117777;117778;08;1;28;007;2016;08;16;4;3;5;3;0;0;1;1;0;0;0;0;554187,873200000030000;5484959,072599999600000;9,748602525000001;49,514832431999999
117778;117779;08;3;37;106;2016;09;13;7;3;1;1;0;0;1;1;0;0;0;0;462321,929999999990000;5292462,389000000400000;8,496993000000000;47,784420369000003
117779;117780;08;3;36;050;2016;09;17;5;2;0;1;0;0;1;0;0;0;0;0;399736,025000000020000;5273346,981499999800000;7,666018253000000;47,605771795000003
117780;117781;08;2;12;000;2016;09;23;7;3;0;7;2;0;1;0;0;0;0;0;454883,006999999980000;5432858,493900000100000;8,382581118999999;49,046948977000000
117781;117782;08;1;21;000;2016;09;20;6;3;3;6;1;0;1;1;0;0;0;0;513094,837999999990000;5444305,487999999900000;9,179576883999999;49,151431866000003
117782;117783;08;3;36;050;2016;09;13;5;3;5;3;0;0;1;1;0;0;0;0;399399,067099999990000;5274866,245299999600000;7,661187569000000;47,619385872999999
117784;117785;08;2;22;000;2016;08;14;3;3;5;3;0;0;1;1;0;0;0;0;462907,962400000020000;5480891,285100000000000;8,487945162999999;49,479531860999998
117786;117787;08;2;22;000;2016;08;11;2;3;5;3;0;0;1;1;0;0;0;0;464335,217999999990000;5484722,257500000300000;8,507301819000000;49,514075104000000
117787;117788;08;4;15;050;2016;08;14;4;3;0;1;0;0;1;0;0;0;0;0;521204,687600000000000;5376138,565000000400000;9,287261805000000;48,537993049999997
117788;117789;08;1;28;007;2016;08;18;4;3;0;1;0;0;1;0;0;0;0;0;555185,521900000050000;5482956,360600000200000;9,762103864000000;49,496729991999999
117790;117791;08;3;11;000;2016;09;16;5;3;1;1;0;0;1;1;0;0;0;0;413063,848400000020000;5316632,723600000100000;7,834623263000000;47,997079984999999
117791;117792;08;1;19;020;2016;09;13;6;2;5;3;0;0;1;1;0;0;0;0;520849,905700000000000;5406900,528599999800000;9,284006916999999;48,814740000000000
117792;117793;08;2;21;000;2016;09;13;5;2;0;1;0;0;1;0;0;0;0;0;476913,545099999990000;5472843,404799999700000;8,681756704000000;49,407837207999997