FID;OBJECTID;ULAND;UREGBEZ;UKREIS;UGEMEINDE;UJAHR;UMONAT;USTUNDE;UWOCHENTAG;UKATEGORIE;UART;UTYP1;ULICHTVERH;IstStrasse;IstRad;IstPKW;IstFuss;IstKrad;IstGkfz;IstSonstig;LINREFX;LINREFY;XGCSWGS84;YGCSWGS84
117793;117794;08;2;22;000;2016;08;16;3;3;5;3;0;0;1;0;0;0;0;1;462067,005100000010000;5479295,387000000100000;8,476489273000000;49,465125581999999
117794;117795;08;4;17;075;2016;09;13;1;2;8;1;0;0;1;0;0;0;0;0;510678,765300000030000;5333749,575699999900000;9,143591579000001;48,156903237999998
117795;117796;08;3;37;096;2016;08;13;4;2;5;3;0;0;1;1;0;0;0;0;419295,484699999970000;5267202,613400000100000;7,927327916000000;47,553226289999998
117796;117797;08;2;26;098;2016;09;17;6;3;5;3;0;0;1;1;0;0;0;0;478088,800999999980000;5459126,538400000000000;8,698711517000000;49,284498137999996
117797;117798;08;2;25;014;2016;08;20;4;2;0;1;2;0;1;0;0;0;0;0;523704,004100000020000;5485515,230200000100000;9,327514838999999;49,521793269000000
117798;117799;08;2;26;105;2016;08;18;3;3;5;3;0;0;1;0;0;1;0;0;471337,048799999990000;5477208,595999999900000;8,604571839000000;49,446863823999998
117799;117800;08;4;16;036;2016;09;00;1;3;0;7;2;0;1;0;0;0;0;0;494948,796700000010000;5369118,115700000000000;8,931655449000001;48,475172428999997
117800;117801;08;4;15;091;2016;09;15;6;3;4;3;0;0;1;1;0;0;0;0;514521,195400000030000;5355396,792899999800000;9,196001313000000;48,351581357999997
117804;117805;08;1;21;000;2016;08;22;4;3;5;3;2;0;1;1;0;0;0;0;516336,297100000030000;5443069,269600000200000;9,223978389000001;49,140234002000000
117806;117807;08;3;11;000;2016;09;07;5;2;0;7;0;0;1;0;0;0;0;1;414096,341000000010000;5318053,044999999900000;7,848176451000000;48,009995855000000
117807;117808;08;1;19;067;2016;09;15;6;2;4;2;0;0;1;1;0;0;0;0;536242,626999999980000;5405092,071000000500000;9,493512750000001;48,797764637000000
117810;117811;08;2;16;007;2016;09;13;1;2;8;1;0;0;1;0;0;0;0;0;435734,947999999970000;5396697,873999999800000;8,126255217000001;48,719994149999998
117811;117812;08;2;15;106;2016;08;15;2;3;7;7;0;0;1;0;0;0;0;0;466768,705000000020000;5455565,609799999700000;8,543355312999999;49,251957224999998
117812;117813;08;2;22;000;2016;09;11;6;3;5;3;0;0;1;1;0;0;0;0;459903,315000000000000;5488094,326999999600000;8,445736455000001;49,544127820999996
117813;117814;08;1;19;020;2016;08;18;4;3;5;3;0;0;1;1;0;0;0;0;519768,180899999980000;5408032,527400000000000;9,269326934000000;48,824958594000002
117814;117815;08;3;16;012;2016;09;12;7;3;8;6;0;0;1;1;0;0;0;0;403751,044500000020000;5331221,820399999600000;7,706532843000000;48,126971867000002
117819;117820;08;2;15;017;2016;08;17;3;3;5;3;0;0;1;1;0;0;0;0;455580,004299999970000;5420554,990199999900000;8,393463838000001;48,936328070000002
117821;117822;08;1;18;081;2016;09;16;5;3;5;3;0;0;0;1;1;0;0;0;518562,536900000010000;5412424,896999999900000;9,253100131000000;48,864508553999997
117822;117823;08;1;19;093;2016;08;16;4;3;5;3;0;0;1;0;0;0;0;0;524943,023300000000000;5404692,954800000400000;9,339626241000000;48,794730344000001
117823;117824;08;1;15;045;2016;09;16;1;3;6;4;0;0;0;1;1;0;0;0;500861,242900000010000;5397013,636900000300000;9,011710790000000;48,726147011999998
117825;117826;08;1;17;026;2016;08;11;4;3;6;4;0;1;0;1;1;0;0;0;547984,188599999990000;5394723,249599999700000;9,652178789000001;48,703697310999999
117826;117827;08;2;31;000;2016;09;15;5;3;6;4;0;0;0;1;1;0;0;0;478301,831300000020000;5415044,806699999600000;8,704007079000000;48,887974677999999
117828;117829;08;2;12;000;2016;08;10;3;3;5;3;0;0;1;0;0;0;0;1;460226,555600000020000;5425247,997200000100000;8,456448860000000;48,978859145000001
117829;117830;08;1;18;011;2016;08;08;2;2;7;7;0;0;1;0;0;0;0;1;504604,025599999990000;5407649,331100000100000;9,062722505000000;48,821808941000000
117832;117833;08;3;36;050;2016;09;03;7;3;1;1;2;0;1;1;0;0;0;0;399359,277799999980000;5274389,827200000200000;7,660767652000000;47,615094155000001
117833;117834;08;1;36;082;2016;08;18;2;3;5;3;0;0;1;1;0;0;0;0;587244,202000000050000;5415497,073300000300000;10,190101724000000;48,886281666000002
117835;117836;08;1;16;033;2016;08;10;4;3;0;7;0;0;1;0;0;0;0;0;532945,313800000000000;5388392,303200000000000;9,447280930000000;48,647720753000002
117838;117839;08;2;26;084;2016;09;10;7;2;6;4;0;0;0;1;1;0;0;0;470071,597699999980000;5469881,459599999700000;8,587666849000000;49,380897167999997
117839;117840;08;3;35;063;2016;09;20;6;3;5;3;1;0;1;1;0;0;0;0;497301,506600000020000;5287512,471400000200000;8,964004794999999;47,740979678999999
117840;117841;08;1;36;088;2016;08;17;2;3;0;4;0;0;0;0;1;0;0;1;578242,531399999980000;5409304,223700000000000;10,066149362999999;48,831783264999999
117841;117842;08;3;26;003;2016;09;16;7;3;1;5;0;0;1;1;0;0;0;0;464935,375500000020000;5319165,737700000400000;8,529710323000000;48,024818926999998
117844;117845;08;2;12;000;2016;09;11;4;3;6;7;0;0;0;1;1;0;0;0;456646,649199999990000;5428581,290699999800000;8,407172157000000;49,008601738999999
117845;117846;08;1;11;000;2016;09;07;4;2;0;6;0;0;1;1;0;0;0;0;512295,658999999990000;5404230,095999999900000;9,167406006000000;48,790945270999998
117846;117847;08;3;26;005;2016;09;13;5;3;1;3;0;0;1;1;0;0;0;0;465062,022699999970000;5298540,748900000000000;8,533082310999999;47,839262966000000
117847;117848;08;3;15;073;2016;09;08;6;2;5;3;0;0;1;0;0;1;0;0;412677,998499999990000;5313907,676599999900000;7,830006234000000;47,972514697999998
117848;117849;08;4;17;054;2016;09;20;2;3;5;3;0;0;1;1;0;0;0;0;479472,266000000000000;5348060,332000000400000;8,723282843000000;48,285411590000002
117849;117850;08;2;35;020;2016;09;15;4;2;0;1;0;0;1;0;0;0;0;0;476144,109699999970000;5381737,170699999700000;8,676501642000000;48,588263779000002
117850;117851;08;2;22;000;2016;09;19;6;3;0;1;0;0;1;0;0;0;0;0;462799,898899999970000;5483779,180100000500000;8,486181584000001;49,505500372000000
117852;117853;08;3;35;063;2016;09;08;6;3;0;3;0;0;1;0;0;1;0;0;498346,317700000010000;5287604,758000000400000;8,977941179000000;47,741813561000001
117853;117854;08;1;16;058;2016;09;13;5;3;0;1;0;0;1;0;0;0;0;0;534614,466200000020000;5394888,029500000200000;9,470485182999999;48,706064916000003
117854;117855;08;1;18;048;2016;09;12;6;2;5;3;0;0;1;1;0;0;0;0;515177,232900000000000;5415559,962399999600000;9,207058244000001;48,892802893000002
117855;117856;08;4;37;031;2016;09;14;3;3;4;2;0;0;1;1;0;0;0;0;515814,045999999970000;5343869,738599999800000;9,213019679000000;48,247845388999998
117858;117859;08;4;35;067;2016;09;16;3;3;0;7;0;0;1;0;0;0;0;0;530159,147899999980000;5291335,273600000000000;9,402553027000000;47,774675340999998
117860;117861;08;3;17;096;2016;09;14;5;3;6;4;0;0;0;1;1;0;0;0;423327,104400000010000;5369031,055499999800000;7,962692944000000;48,469734903999999
117862;117863;08;2;26;037;2016;09;09;4;2;5;3;0;0;1;1;0;0;0;0;466209,267999999980000;5469111,834400000100000;8,534521423999999;49,373772574999997
117863;117864;08;4;35;059;2016;09;16;3;3;9;7;0;0;1;0;0;0;0;0;511816,463899999970000;5290431,910299999600000;9,157698869000001;47,767144858000002
117864;117865;08;3;17;096;2016;09;10;5;3;3;2;0;0;1;0;0;0;0;1;421903,438900000010000;5369353,552899999500000;7,943375330000000;48,472460552999998
117865;117866;08;2;22;000;2016;09;16;6;3;6;4;0;1;1;0;1;0;0;0;461275,407699999980000;5481850,966400000300000;8,465314802000000;49,488061725999998
117866;117867;08;2;26;084;2016;09;14;3;3;3;2;0;0;1;1;0;0;0;0;468986,927600000000000;5470135,909500000100000;8,572703587000000;49,383131624000001
117867;117868;08;4;35;016;2016;09;06;3;3;0;7;0;0;1;0;0;0;0;0;535546,224999999980000;5278083,000500000100000;9,473374213000000;47,655165594000003
117870;117871;08;2;22;000;2016;09;10;3;3;1;5;0;0;1;1;0;0;0;0;461363,951000000000000;5483127,932000000000000;8,466412452000000;49,499552977000000
117871;117872;08;3;11;000;2016;09;19;5;3;5;3;0;0;1;0;0;0;0;0;409809,749599999980000;5316750,078900000100000;7,790987369000000;47,997684849000002
117872;117873;08;1;16;072;2016;09;12;5;3;0;1;0;0;1;0;0;0;0;0;530572,057900000010000;5393405,611899999900000;9,415431997000001;48,692940567999997
117873;117874;08;4;36;082;2016;09;12;6;3;4;6;0;0;1;0;0;0;0;0;548016,660400000050000;5295065,026700000300000;9,641308596000000;47,807148368000000
117874;117875;08;2;22;000;2016;09;16;3;3;2;2;0;0;1;1;0;0;0;0;461159,314300000030000;5481668,255199999500000;8,463729881000001;49,486410917999997
117875;117876;08;1;16;077;2016;09;07;5;3;5;3;0;0;1;1;0;0;0;0;518263,666600000000000;5388556,248499999800000;9,247966008000001;48,649797149999998
117876;117877;08;4;15;061;2016;09;07;6;3;5;3;0;0;1;1;0;0;0;0;513747,352200000020000;5371972,158400000100000;9,186099973999999;48,500718454000001
117877;117878;08;1;18;011;2016;09;18;7;3;5;3;0;0;1;1;0;0;0;0;503246,720600000000000;5409192,625599999900000;9,044243617999999;48,835700813999999
117878;117879;08;1;16;070;2016;09;16;5;3;3;2;0;0;1;1;0;0;0;0;539194,298199999960000;5385227,121100000100000;9,531817202999999;48,618886725000003
117879;117880;08;4;26;021;2016;09;16;3;2;5;3;0;0;1;1;0;0;0;0;558918,647200000010000;5327684,793999999800000;9,791370520999999;48,099703322000003
117880;117881;08;4;36;082;2016;09;07;2;2;6;4;0;1;0;1;1;0;0;0;547950,587799999980000;5294903,127000000300000;9,640408283999999;47,805696695000002
117884;117885;08;4;37;114;2016;09;11;4;3;0;6;0;0;1;0;0;0;0;0;515729,122099999980000;5336865,263500000400000;9,211615889000001;48,184829743999998
117888;117889;08;3;11;000;2016;09;13;6;3;5;3;0;0;1;1;0;0;0;0;414081,544999999980000;5317969,075799999800000;7,847994927000000;48,009238533000001
117889;117890;08;4;35;066;2016;09;19;2;2;2;6;0;0;1;0;0;0;0;0;518049,241900000020000;5286555,794599999700000;9,240718095000000;47,732125074000002
117891;117892;08;4;25;072;2016;09;19;3;3;5;3;0;0;1;1;0;0;0;0;582766,118000000020000;5372311,640999999800000;10,120376215000000;48,498470396000002
117892;117893;08;2;12;000;2016;09;14;6;3;1;5;0;0;1;1;0;0;0;0;458552,277200000010000;5428760,818099999800000;8,433210638000000;49,010347551000002
117893;117894;08;3;26;074;2016;09;00;2;3;0;6;2;1;1;0;0;0;0;1;463973,046700000010000;5322441,737800000200000;8,516528265000000;48,054238900999998
117894;117895;08;2;21;000;2016;09;18;4;3;6;2;0;0;0;1;1;0;0;0;477672,597599999980000;5473605,252799999900000;8,692177120000000;49,414718235000002
117895;117896;08;2;21;000;2016;09;09;3;3;5;3;0;0;1;1;0;0;0;0;475643,683399999980000;5472596,291400000500000;8,664267317000000;49,405564965000003
117896;117897;08;3;11;000;2016;09;13;5;3;1;5;0;0;1;1;0;0;0;0;414159,126200000000000;5317505,543999999800000;7,849127705000000;48,005079324000000
117897;117898;08;4;36;081;2016;09;14;4;3;5;7;0;0;1;1;0;0;0;0;562799,022000000000000;5281919,545099999800000;9,836824037000000;47,687610743999997
117899;117900;08;2;21;000;2016;09;08;4;3;6;4;0;0;0;1;1;0;0;0;477121,641400000020000;5472476,244400000200000;8,684646387000001;49,404542517000003
117903;117904;08;2;21;000;2016;09;12;4;3;5;3;0;0;1;1;0;0;0;0;476969,084800000010000;5469060,104899999700000;8,682741526999999;49,373809035000001
117905;117906;08;2;21;000;2016;09;17;3;2;0;7;0;0;1;0;0;0;0;0;477182,484500000020000;5474866,078800000300000;8,685347645000000;49,426040956999998
117906;117907;08;3;35;043;2016;09;13;6;2;9;7;0;0;1;0;0;0;0;0;513464,795999999970000;5279335,436999999900000;9,179353931000000;47,667271026000002
117907;117908;08;2;21;000;2016;09;22;6;3;5;3;2;0;1;1;0;0;0;0;473949,019199999980000;5473104,794599999700000;8,640874809000000;49,410068666000001
117910;117911;08;4;36;006;2016;09;15;4;2;0;1;0;0;1;0;0;0;0;0;557451,720100000040000;5283482,529900000400000;9,765781672999999;47,702170213000002
117911;117912;08;1;15;003;2016;09;16;6;3;5;3;0;0;1;1;0;0;0;0;500770,474999999980000;5392887,514700000200000;9,010468867000000;48,689028227000001
117914;117915;08;3;11;000;2016;09;07;5;3;5;3;0;0;1;1;0;0;0;0;411743,849700000020000;5321118,148299999500000;7,816009067000000;48,037246594999999
117915;117916;08;3;11;000;2016;09;11;2;3;5;3;0;1;1;0;0;0;0;1;414620,645599999990000;5317620,350200000200000;7,855291180000000;48,006173867000001
117917;117918;08;2;16;007;2016;09;08;3;2;4;6;0;0;1;0;0;0;0;0;435853,179999999990000;5393607,722000000100000;8,128342705000000;48,692210303000003
117919;117920;08;4;17;031;2016;09;18;3;3;0;1;0;0;1;0;0;0;0;0;497029,015000000010000;5357851,608099999800000;8,959881371000000;48,373826368000003
117920;117921;08;3;11;000;2016;09;15;2;3;5;2;0;0;1;1;0;0;0;0;412403,297399999980000;5317596,595700000400000;7,825573709000000;48,005660134000003
117922;117923;08;4;35;057;2016;09;17;4;3;5;3;0;0;1;1;0;0;0;0;544218,047200000030000;5278194,887699999800000;9,588863764999999;47,655637700000000
117926;117927;08;2;12;000;2016;09;16;4;3;5;3;0;0;1;1;0;0;0;0;453485,242499999990000;5430699,324400000300000;8,363701939000000;49,027423327000001
117927;117928;08;4;16;041;2016;09;11;3;3;0;7;0;0;1;0;0;0;0;0;506431,851299999980000;5375159,216599999900000;9,087118267999999;48,529507903000002
117932;117933;08;4;37;031;2016;09;15;4;2;0;1;0;0;1;0;0;0;0;0;515046,480700000010000;5346475,113599999800000;9,202773103000000;48,271303914999997
117934;117935;08;4;37;031;2016;09;15;4;2;0;1;0;0;1;0;0;0;0;0;515047,967699999980000;5346453,137099999900000;9,202792360000000;48,271106162999999
117935;117936;08;4;15;061;2016;09;07;3;2;5;2;0;0;1;0;0;0;0;0;514929,452200000000000;5369931,732800000300000;9,202029204000001;48,482335071000001
117936;117937;08;2;36;076;2016;09;12;2;3;6;7;0;0;0;1;1;0;0;0;473857,136000000000000;5422927,567400000100000;8,642871182000000;48,958712978000001
117937;117938;08;2;12;000;2016;09;13;4;3;5;3;0;0;1;1;0;0;0;0;453251,338099999990000;5429492,541400000500000;8,360641525000000;49,016550602000002
117938;117939;08;1;25;102;2016;09;07;3;2;6;4;0;0;0;1;1;0;0;0;521729,727699999990000;5444119,879099999600000;9,297980625999999;49,149517398000000
117942;117943;08;4;25;081;2016;09;15;4;3;0;1;0;0;1;0;0;0;0;0;546496,897000000000000;5342758,488599999800000;9,626187161000001;48,236339893999997
117944;117945;08;4;15;050;2016;09;17;3;3;5;3;0;0;1;1;0;0;0;0;521072,912300000030000;5376390,250599999900000;9,285489388000000;48,540261710999999
117947;117948;08;1;36;089;2016;09;14;4;2;9;1;0;0;1;1;0;0;0;0;582012,013099999980000;5421496,553299999800000;10,119949562000000;48,940955627000001
117949;117950;08;1;25;065;2016;09;08;3;3;5;3;0;0;1;0;0;0;0;1;514732,832999999980000;5449343,970700000400000;9,202224029000000;49,196717350999997
117951;117952;08;3;26;074;2016;09;17;6;3;6;7;0;0;1;1;1;0;0;0;459888,197800000020000;5322910,354000000300000;8,461669155999999;48,058211170000000
117953;117954;08;1;11;000;2016;09;08;6;3;1;5;0;0;1;1;0;0;0;0;511696,403400000010000;5403081,046199999700000;9,159214443000000;48,780620075000002
117955;117956;08;4;15;092;2016;09;18;3;3;5;3;0;0;1;1;0;0;0;0;518991,637099999990000;5363683,662399999800000;9,256715700000001;48,426015427999999
117956;117957;08;2;12;000;2016;09;07;5;3;5;2;0;0;1;0;0;0;0;1;459528,500500000020000;5427190,288200000300000;8,446716164000000;48,996285133999997
117957;117958;08;1;11;000;2016;09;14;6;3;5;3;0;0;1;1;0;0;0;0;512664,955699999990000;5408789,014299999900000;9,172574666999999;48,831949301999998
117959;117960;08;4;15;053;2016;09;14;3;2;0;7;0;0;0;1;1;0;0;0;536760,943399999990000;5362245,623999999800000;9,496775592000001;48,412292063999999
117960;117961;08;2;12;000;2016;09;14;5;3;5;2;0;0;1;1;0;0;0;0;460182,119200000020000;5427219,926000000000000;8,455648421999999;48,996594234000000
117961;117962;08;2;35;033;2016;09;16;6;3;8;2;0;0;1;0;0;0;0;1;459023,611299999990000;5402900,618499999900000;8,442249552000000;48,777757383000001
117963;117964;08;1;17;061;2016;09;18;4;3;0;6;0;0;1;0;0;0;0;1;563433,170700000020000;5395718,092299999700000;9,862285266000001;48,711266176999999
117964;117965;08;1;36;065;2016;09;12;6;3;3;7;0;0;1;1;0;0;0;0;558415,389700000060000;5405486,976099999600000;9,795468898999999;48,799628843000001
117965;117966;08;1;21;000;2016;09;07;3;3;5;3;0;0;1;1;0;0;0;0;516797,730600000010000;5444154,624499999900000;9,230350058999999;49,149984666999998
117967;117968;08;4;25;033;2016;09;13;4;2;0;1;0;0;1;0;0;0;0;0;555728,566899999980000;5347491,838299999900000;9,751126074000000;48,278176903000002
117968;117969;08;1;11;000;2016;09;16;6;3;5;3;0;0;1;1;0;0;0;0;515535,742600000000000;5403663,825199999800000;9,211498214000001;48,785778653000001
117970;117971;08;2;25;033;2016;09;16;4;2;6;4;0;0;0;0;1;0;0;1;510453,311899999970000;5461723,832800000000000;9,143806330000000;49,308164507000001
117971;117972;08;3;36;050;2016;09;17;3;3;2;6;0;0;1;1;0;0;0;0;399162,962899999980000;5273472,980600000400000;7,658366998000000;47,606816293999998
117972;117973;08;2;26;084;2016;09;15;5;2;0;1;0;0;1;0;0;0;0;0;469032,766999999990000;5470040,309999999600000;8,573342586000001;49,382274060999997
117973;117974;08;2;22;000;2016;09;13;2;3;6;7;0;0;0;1;1;0;0;0;461113,661199999970000;5481837,312500000000000;8,463082952000001;49,487928572999998
117974;117975;08;1;19;020;2016;09;18;3;3;4;2;0;0;1;1;0;0;0;0;520574,687500000000000;5405484,353400000400000;9,280187094000000;48,802009533000003
117976;117977;08;1;27;071;2016;09;13;6;3;5;3;0;0;1;1;0;0;0;0;574688,016500000030000;5455221,235100000200000;10,026184767000000;49,245204240000000
117977;117978;08;1;15;028;2016;09;18;3;2;6;4;0;0;0;1;1;0;0;0;500725,705800000000000;5404867,529900000400000;9,009881668000000;48,796800730999998
117978;117979;08;3;35;075;2016;09;17;3;3;5;2;0;0;1;1;0;0;0;0;488684,002600000010000;5289884,270100000300000;8,848994439000000;47,762226433000002
117979;117980;08;2;21;000;2016;09;10;2;3;5;3;0;0;1;0;0;0;0;1;477529,825499999980000;5470994,836500000200000;8,690356465000001;49,391232664999997
117982;117983;08;2;22;000;2016;09;17;5;3;3;2;0;0;1;1;0;0;0;0;462616,777799999980000;5480279,330799999600000;8,483983371000001;49,474009770999999
117983;117984;08;4;16;026;2016;09;16;4;3;5;3;0;0;1;0;0;1;0;0;505177,498900000010000;5363600,754999999900000;9,069985131999999;48,425534618999997
117984;117985;08;1;11;000;2016;09;08;7;3;5;3;0;0;1;1;0;0;0;0;513958,226299999980000;5403396,811300000200000;9,190013516000001;48,783414026999999
117985;117986;08;3;35;043;2016;09;10;3;3;1;7;0;0;1;1;0;0;0;0;513280,727900000000000;5278402,545300000300000;9,176873761000000;47,658880975999999
117986;117987;08;1;18;019;2016;09;00;7;3;1;7;2;0;1;1;0;0;0;0;505038,460199999970000;5405503,043499999700000;9,068614628000001;48,802497770000002
117988;117989;08;3;27;050;2016;09;00;3;2;0;1;2;0;1;0;0;0;0;0;487375,819100000020000;5315511,734899999600000;8,830788434000001;47,992781180000001
117989;117990;08;2;21;000;2016;09;13;2;3;5;3;0;0;1;1;0;0;0;0;475910,425500000010000;5474094,798299999900000;8,667853149000001;49,419054381000002
117991;117992;08;1;17;033;2016;09;14;3;3;1;1;0;0;1;1;0;0;0;0;558824,661500000050000;5387130,261900000300000;9,798424042000001;48,634468247000001
117993;117994;08;3;36;050;2016;09;18;4;3;5;3;0;0;1;1;0;0;0;0;400086,578099999980000;5273258,042799999900000;7,670701232000000;47,605025892999997
117994;117995;08;4;35;066;2016;09;10;5;3;0;7;0;0;1;0;0;0;0;0;518910,740999999980000;5286855,285699999900000;9,252220586000000;47,734795075999997
117996;117997;08;3;27;050;2016;09;18;3;3;0;1;0;0;1;0;0;0;0;0;487375,829900000010000;5315511,957999999600000;8,830788571999999;47,992783187999997
117998;117999;08;2;16;015;2016;09;12;2;3;0;2;0;0;1;1;0;0;0;0;449078,288500000020000;5406329,734000000200000;8,306463012000000;48,807868694000000
117999;118000;08;1;21;000;2016;09;15;4;3;0;7;0;0;1;0;0;0;0;0;515685,073299999990000;5445409,558400000400000;9,215141006000000;49,161302614999997
118000;118001;08;1;26;045;2016;09;12;6;3;0;1;0;0;1;0;0;0;0;0;548675,415799999960000;5470649,398099999900000;9,670695726000000;49,386594698000003
118001;118002;08;1;16;019;2016;09;18;3;3;5;3;0;0;1;1;0;0;0;0;523339,498499999990000;5397856,071399999800000;9,317405070000000;48,733289042000003
118005;118006;08;1;16;033;2016;09;21;3;3;5;3;2;0;1;1;0;0;0;0;533346,223000000000000;5386744,181699999600000;9,452591021000000;48,632873154000002
118007;118008;08;3;27;050;2016;09;11;4;3;6;3;0;0;0;0;1;0;0;1;486502,844800000020000;5314379,739099999900000;8,819122938000000;47,982578599000000
118008;118009;08;3;35;043;2016;09;18;5;3;5;3;0;0;1;0;0;0;0;0;513031,499000000010000;5279349,700000000200000;9,173582777000000;47,667408236000000
118011;118012;08;2;15;106;2016;09;08;5;3;5;3;0;0;1;1;0;0;0;0;467143,955000000020000;5454462,662999999700000;8,548602059000000;49,242056538999996
118013;118014;08;2;15;009;2016;09;12;2;3;6;4;0;0;0;1;1;0;0;0;470155,180500000020000;5441376,751299999700000;8,590942470000000;49,124501701000000
118014;118015;08;1;15;021;2016;09;16;4;2;0;1;0;0;1;0;0;0;0;0;490418,457999999980000;5382968,378100000300000;8,870039966000000;48,599721090999999
118016;118017;08;1;16;041;2016;09;18;3;3;4;6;0;0;1;0;0;0;0;0;519540,505300000020000;5384299,855000000400000;9,265100813000000;48,611467587999996
118017;118018;08;3;17;057;2016;09;17;6;2;6;4;0;0;0;1;1;0;0;0;413071,943600000000000;5380234,536000000300000;7,821644458000000;48,569170360999998
118018;118019;08;3;26;074;2016;09;16;4;3;6;4;0;0;1;0;1;0;0;0;465262,857599999990000;5323360,152900000100000;8,533761966000000;48,062573223000001
118019;118020;08;4;21;000;2016;09;00;5;3;9;1;2;0;1;0;0;0;0;0;571942,979799999970000;5362032,485200000000000;9,972124000000001;48,407340275999999
118020;118021;08;3;26;055;2016;09;10;3;3;6;6;0;0;0;0;1;1;0;0;440135,077700000020000;5332661,443500000100000;8,195221751000000;48,144385571999997
118022;118023;08;3;15;050;2016;09;06;6;3;5;7;1;0;1;1;0;0;0;0;401459,443099999970000;5304078,262600000000000;7,681980669000000;47,882470716999997
118023;118024;08;3;17;034;2016;09;16;4;3;5;3;0;0;1;1;0;0;0;0;426064,435200000010000;5362941,471400000200000;8,000795352000001;48,415286154000000
118025;118026;08;1;15;002;2016;09;19;4;2;4;2;0;0;1;1;0;0;0;0;499655,978699999980000;5386519,334200000400000;8,995330888000000;48,631739504999999
118027;118028;08;2;15;059;2016;09;13;5;3;5;3;0;0;1;1;0;0;0;0;485588,099999999980000;5434978,758999999600000;8,802694573000000;49,067504786000001
118029;118030;08;1;25;081;2016;09;18;6;3;0;1;0;0;1;0;0;0;0;0;498787,764499999990000;5434726,225900000000000;8,983404652999999;49,065400566999998
118030;118031;08;1;15;045;2016;09;07;3;3;5;3;0;0;1;1;0;0;0;0;501273,957999999980000;5394837,749900000200000;9,017315983000000;48,706571893000003
118036;118037;08;3;17;065;2016;09;15;3;3;4;6;0;0;1;0;0;0;0;0;415867,368000000020000;5354423,786000000300000;7,864718106000000;48,337391984999996
118040;118041;08;1;19;020;2016;09;20;6;2;4;2;2;0;1;1;0;0;0;0;520362,468999999980000;5406908,683500000300000;9,277367786999999;48,814829527000001
118045;118046;08;3;17;065;2016;09;15;3;2;1;6;0;0;1;1;0;0;0;1;413197,266500000030000;5354227,314000000200000;7,828736070000000;48,335263554999997
118048;118049;08;1;11;000;2016;09;22;3;3;4;7;2;0;1;1;0;0;0;0;512990,919999999980000;5402241,223000000200000;9,176809117000000;48,773039400999998
118049;118050;08;1;36;010;2016;09;13;5;3;6;3;0;0;0;1;1;0;0;0;598727,293300000020000;5413048,893299999600000;10,346109491000000;48,862541636000003
118052;118053;08;4;15;061;2016;09;22;6;2;5;3;2;0;1;1;0;0;0;0;514929,168300000020000;5369935,587600000200000;9,202025500000000;48,482369757000001
118053;118054;08;3;11;000;2016;09;02;4;3;0;1;2;0;1;0;0;0;0;0;413254,004000000020000;5317122,139700000200000;7,837072801000000;48,001508274999999
118054;118055;08;4;26;070;2016;09;13;6;3;0;1;0;0;1;0;0;0;0;0;566253,212900000040000;5339935,772300000300000;9,891781480000001;48,209190771000003
118056;118057;08;2;26;096;2016;09;14;6;3;6;2;0;0;0;1;1;0;0;0;475763,331999999990000;5488614,946000000500000;8,664935000000000;49,549652981000001
118057;118058;08;1;19;076;2016;09;10;2;3;5;3;0;0;1;0;0;0;0;1;541867,556300000050000;5405955,047899999700000;9,570191225000000;48,805174159000003
118058;118059;08;1;16;033;2016;09;16;4;2;5;3;0;0;1;1;0;0;0;0;531532,890999999950000;5389239,885300000200000;9,428170346000000;48,655418390000001
118060;118061;08;1;36;019;2016;09;20;5;3;0;1;2;0;1;0;0;0;0;0;582777,452200000060000;5423740,382399999500000;10,130856274999999;48,961034537000003
118063;118064;08;1;16;080;2016;09;17;4;3;5;3;0;0;1;1;0;0;0;0;521928,620000000000000;5395585,266400000100000;9,298097386000000;48,712912295000002
118064;118065;08;3;16;020;2016;09;15;3;3;0;1;0;0;1;1;0;0;0;0;408654,316300000010000;5339033,180100000500000;7,770732779000000;48,197956593000001
118065;118066;08;1;36;019;2016;09;04;5;3;0;1;2;0;1;0;0;0;0;0;581227,678300000030000;5422951,079699999700000;10,109530903000000;48,954141141999997
118066;118067;08;1;16;019;2016;09;19;4;2;1;7;0;0;1;0;0;0;0;1;522130,722699999980000;5398797,371199999900000;9,301017143999999;48,741800992000002
118067;118068;08;1;19;020;2016;09;17;6;3;3;5;0;0;1;1;0;0;0;0;519380,682500000000000;5408707,452300000000000;9,264079514000001;48,831042289999999
118068;118069;08;1;11;000;2016;09;19;3;2;5;2;0;0;1;0;0;0;0;1;509412,231399999990000;5406802,588200000100000;9,128207086000000;48,814137494000001
118069;118070;08;3;15;013;2016;09;18;3;3;5;3;0;0;1;0;0;0;0;0;404244,474999999980000;5324351,063500000200000;7,714703665000000;48,065245441000002
118070;118071;08;1;36;088;2016;09;18;5;3;8;1;0;0;1;1;0;0;0;0;580909,546199999980000;5410706,101400000000000;10,102760526999999;48,844050260000003
118071;118072;08;2;26;084;2016;09;10;6;3;5;3;0;0;1;1;0;0;0;0;468254,209199999980000;5472183,375500000100000;8,562444987999999;49,401510297000002