FID;OBJECTID;ULAND;UREGBEZ;UKREIS;UGEMEINDE;UJAHR;UMONAT;USTUNDE;UWOCHENTAG;UKATEGORIE;UART;UTYP1;ULICHTVERH;IstStrasse;IstRad;IstPKW;IstFuss;IstKrad;IstGkfz;IstSonstig;LINREFX;LINREFY;XGCSWGS84;YGCSWGS84
118072;118073;08;1;17;026;2016;09;09;2;3;5;3;0;0;1;1;0;0;0;0;548566,521599999980000;5395118,253800000100000;9,660139516999999;48,707205492000000
118074;118075;08;1;19;044;2016;09;11;6;3;5;3;0;0;1;1;0;0;0;0;542415,417200000030000;5425273,170800000400000;9,579657574000001;48,978909834000000
118077;118078;08;3;11;000;2016;09;11;4;3;5;2;0;0;1;0;0;0;0;1;410976,256200000000000;5314706,663400000000000;7,807044746000000;47,979467309999997
118078;118079;08;3;35;043;2016;09;10;5;3;3;6;0;0;1;0;0;0;0;1;512485,468100000000000;5280126,011699999700000;9,166331736000000;47,674404004000003
118079;118080;08;1;15;021;2016;09;00;4;2;6;2;2;0;0;1;1;0;0;0;490324,875000000000000;5382705,553999999500000;8,868776773000000;48,597355227000001
118080;118081;08;3;36;081;2016;09;11;3;3;5;2;0;0;1;1;0;0;0;0;411032,820000000010000;5277869,691999999800000;7,815364408000000;47,648106636000001
118081;118082;08;1;26;011;2016;09;08;5;2;6;7;0;0;0;0;1;0;1;0;531981,285000000030000;5447020,955000000100000;9,438787509999999;49,175164520000003
118083;118084;08;1;19;079;2016;09;15;6;3;6;4;0;0;0;0;1;0;0;1;524119,846200000030000;5408813,896400000000000;9,328660212999999;48,831833830999997
118086;118087;08;3;36;050;2016;09;16;3;3;5;2;0;0;1;1;0;0;0;0;399802,011500000020000;5274658,628999999700000;7,666596006000000;47,617580740999998
118087;118088;08;2;12;000;2016;09;16;4;3;4;6;0;0;1;0;0;0;0;0;454724,403200000000000;5428812,708200000200000;8,380862500999999;49,010545319999999
118088;118089;08;4;36;082;2016;09;10;5;2;1;7;0;0;1;1;0;0;0;0;547433,513999999970000;5294377,550900000100000;9,633445407000000;47,801006432000001
118089;118090;08;3;11;000;2016;09;15;3;3;5;3;0;0;1;1;0;0;0;0;414212,678200000020000;5315384,208399999900000;7,850269589000000;47,986004295000001
118090;118091;08;1;11;000;2016;09;21;2;2;5;3;2;0;1;1;0;0;0;0;507817,998199999970000;5399042,484100000000000;9,106343987000001;48,744350114000000
118092;118093;08;4;36;082;2016;09;14;2;2;0;7;0;0;1;0;0;0;0;0;547227,782699999980000;5294467,706600000200000;9,630707983000001;47,801832685999997
118093;118094;08;1;21;000;2016;09;21;5;3;5;3;2;0;1;1;0;0;0;0;515894,056999999970000;5442019,408099999700000;9,217873720000000;49,130801744000003
118095;118096;08;4;36;010;2016;09;16;2;3;5;3;0;0;1;1;0;0;0;0;563145,030299999980000;5304760,165699999800000;9,844757908000000;47,893063632000000
118096;118097;08;2;15;107;2016;09;12;4;2;5;3;0;0;1;1;0;0;0;0;462458,270000000020000;5455861,573200000500000;8,484098513999999;49,254370082999998
118101;118102;08;4;35;016;2016;09;08;2;3;5;3;0;1;1;1;0;0;0;0;533576,298100000010000;5278952,332200000100000;9,447208051000001;47,663092597999999
118102;118103;08;1;18;048;2016;09;12;5;3;3;7;0;0;1;1;0;0;0;0;513668,565100000010000;5415704,140300000100000;9,186480905000000;48,894134997999998
118103;118104;08;4;35;024;2016;09;14;1;2;0;7;0;0;1;0;0;0;0;0;527331,456299999960000;5279165,327700000300000;9,364047265000000;47,665303074000001
118104;118105;08;1;11;000;2016;09;08;4;2;0;1;0;0;1;0;0;0;0;0;510842,374900000000000;5398952,801000000000000;9,147480459000001;48,743498019000000
118105;118106;08;4;26;073;2016;09;10;2;2;2;6;0;0;1;0;0;0;0;0;564164,020099999970000;5335980,088200000100000;9,863066099999999;48,173820655000000
118106;118107;08;1;17;026;2016;09;15;5;3;5;3;0;0;1;1;0;0;0;0;548441,964000000040000;5394405,513000000300000;9,658362952999999;48,700803729999997
118107;118108;08;2;12;000;2016;09;11;4;3;5;3;0;0;1;1;0;0;0;0;455093,942700000010000;5428815,253800000100000;8,385915315000000;49,010595221000003
118108;118109;08;4;21;000;2016;09;10;6;3;0;3;0;0;1;1;0;0;0;0;570113,278399999950000;5356222,103299999600000;9,946434369000000;48,355280026999999
118109;118110;08;2;25;109;2016;09;13;6;2;5;3;0;0;1;1;0;0;0;0;526024,367100000030000;5489991,974399999700000;9,359869929000000;49,561964562000000
118110;118111;08;4;35;016;2016;09;16;1;3;0;7;0;0;1;0;0;0;0;0;537730,309000000010000;5280180,841500000100000;9,502640023000000;47,673916955999999
118111;118112;08;2;12;000;2016;09;11;2;3;1;5;0;0;1;1;0;0;0;0;453598,538100000010000;5430733,133200000000000;8,365247796000000;49,027735972999999
118113;118114;08;4;35;059;2016;09;14;7;3;0;6;0;0;1;0;0;0;0;0;514738,278400000010000;5288666,235299999800000;9,196632417000000;47,751197974999997
118116;118117;08;3;26;027;2016;09;10;4;3;4;2;0;0;1;1;0;0;0;0;461944,209399999990000;5308239,733300000400000;8,490562024000001;47,926347872000001
118117;118118;08;3;35;043;2016;09;14;1;3;6;4;0;0;0;1;1;0;0;0;511678,776100000020000;5280888,847500000100000;9,155605412000000;47,681282818000000
118119;118120;08;1;28;007;2016;09;11;5;2;5;3;0;0;1;1;0;0;0;0;556187,129700000050000;5482234,552799999700000;9,775831973000001;49,490146095999997
118120;118121;08;4;25;039;2016;09;11;7;2;5;3;0;0;1;0;0;0;0;1;566082,011599999970000;5352978,045800000400000;9,891515743999999;48,326532712999999
118122;118123;08;4;17;002;2016;09;18;7;3;0;1;0;0;1;0;0;0;0;0;488868,338899999970000;5347950,597099999900000;8,849945667000000;48,284659349000002
118123;118124;08;4;16;036;2016;09;17;2;3;5;3;0;0;1;1;0;0;0;0;495225,332799999970000;5369347,160000000100000;8,935394461000000;48,477235172000000
118124;118125;08;1;19;093;2016;09;23;7;2;0;1;2;0;1;0;0;0;0;0;523215,260000000010000;5406574,629999999900000;9,316207658000000;48,811724409999997
118126;118127;08;3;17;116;2016;09;07;4;3;8;1;0;0;1;0;0;0;0;0;433753,010799999990000;5388919,271499999800000;8,100559209000000;48,649818152999998
118128;118129;08;3;17;096;2016;09;20;1;3;6;4;1;0;0;1;1;0;0;0;422419,083999999970000;5371372,473399999600000;7,949975849000000;48,490684408000000
118131;118132;08;4;16;041;2016;09;22;7;3;3;6;2;0;1;0;0;0;0;0;503767,825000000010000;5372489,138000000300000;9,051010410000000;48,505508538000001
118132;118133;08;3;11;000;2016;09;09;3;3;5;3;0;0;1;0;0;0;0;1;413065,194000000020000;5315393,915000000000000;7,834892195000000;47,985936666000001
118135;118136;08;2;21;000;2016;09;20;4;3;5;3;2;0;1;1;0;0;0;0;477595,582700000030000;5469962,015100000400000;8,691320805000000;49,381944982999997
118136;118137;08;2;26;082;2016;09;19;4;2;0;4;2;0;1;0;1;0;0;0;475696,336200000020000;5480454,065100000200000;8,664511249000000;49,476245953999999
118137;118138;08;1;19;083;2016;09;05;2;3;0;1;1;0;1;0;0;0;0;0;534497,533999999990000;5419536,324000000000000;9,470968444000000;48,927797607999999
118138;118139;08;1;16;022;2016;09;19;5;3;5;3;0;0;1;1;0;0;0;0;522982,138199999990000;5382536,370400000400000;9,311694227000000;48,595486154000000
118139;118140;08;2;21;000;2016;09;16;3;3;5;3;0;0;1;1;0;0;0;0;475490,054000000000000;5470519,890200000300000;8,662277781000000;49,386881901000002
118140;118141;08;2;15;108;2016;09;16;4;3;6;7;0;0;0;1;1;0;0;0;447521,282599999980000;5422729,714999999900000;8,283153584000001;48,955258624000002
118142;118143;08;2;37;027;2016;09;16;2;3;0;7;0;0;0;1;1;0;0;0;481845,297100000030000;5371242,623499999800000;8,754269280000001;48,494043404999999
118143;118144;08;2;31;000;2016;09;13;3;3;0;1;0;0;1;0;0;0;0;0;474798,570100000010000;5412026,512600000000000;8,656404596000000;48,860690591999997
118144;118145;08;1;11;000;2016;09;14;4;2;6;4;0;0;0;1;1;0;0;0;512692,014800000000000;5408783,528800000400000;9,172943206999999;48,831899403000001
118151;118152;08;2;12;000;2016;09;19;2;3;5;2;0;0;1;1;0;0;0;0;457085,232299999970000;5428398,397199999500000;8,413188486999999;49,006987244000001
118152;118153;08;4;35;016;2016;09;11;4;2;5;3;0;0;1;0;0;0;0;1;535628,075799999990000;5277965,947200000300000;9,474454653000000;47,654107914000001
118155;118156;08;1;28;064;2016;09;09;4;3;6;4;0;0;0;1;1;0;0;0;537763,328300000050000;5502181,291199999900000;9,523365297000000;49,670980067999999
118161;118162;08;1;17;007;2016;09;15;4;3;0;1;0;0;1;0;0;0;0;0;559200,741299999990000;5383960,723399999600000;9,803075605000000;48,605921715999997
118165;118166;08;3;17;153;2016;09;11;4;3;4;7;0;0;1;1;0;0;0;0;421615,695799999990000;5392505,068300000400000;7,935117907000000;48,680666414999997
118167;118168;08;3;17;026;2016;09;16;1;2;1;2;0;0;1;1;0;0;0;0;411816,896100000010000;5346903,647199999500000;7,811644573000000;48,269197695999999
118168;118169;08;1;11;000;2016;09;16;2;3;6;4;0;0;0;1;1;0;0;0;512898,956000000010000;5409485,714599999600000;9,175785102000001;48,838211884000003
118170;118171;08;3;35;043;2016;09;07;3;3;5;3;0;0;1;0;0;0;0;0;513076,056099999990000;5279965,706700000000000;9,174194728000000;47,672949959000000
118172;118173;08;2;12;000;2016;09;08;5;2;5;3;0;0;1;0;0;0;0;0;455366,101100000030000;5428469,510700000500000;8,389674840000000;49,007504976000000
118173;118174;08;4;36;008;2016;09;17;3;2;4;2;0;0;1;1;0;0;0;0;547695,684800000050000;5310371,304700000200000;9,638712153000000;47,944880128999998
118175;118176;08;4;26;021;2016;09;08;2;3;5;2;0;0;1;1;0;0;0;0;559397,042499999980000;5327946,891300000300000;9,797831968000001;48,102016763999998
118177;118178;08;3;16;009;2016;09;14;4;3;0;1;0;0;1;0;0;0;0;0;418080,661800000000000;5324246,434799999900000;7,900404061000000;48,066231483999999
118178;118179;08;2;12;000;2016;09;14;4;3;1;5;0;0;1;1;0;0;0;0;455278,455599999990000;5428479,503399999800000;8,388475343000000;49,007588515999998
118183;118184;08;3;35;043;2016;09;11;7;3;0;7;0;0;1;0;0;0;0;0;512400,494300000020000;5280160,071300000000000;9,165200685000000;47,674712096000000
118185;118186;08;1;19;020;2016;09;10;5;3;6;4;0;0;0;1;1;0;0;0;520227,349099999990000;5406579,655199999900000;9,275511052000001;48,811874066000001
118187;118188;08;3;15;008;2016;09;07;3;2;5;3;0;0;1;1;0;0;0;0;402544,494499999970000;5301124,562900000300000;7,697155925000000;47,856067656000000
118191;118192;08;1;11;000;2016;09;15;5;2;5;2;0;0;1;0;0;1;0;0;512533,293999999990000;5401638,534000000000000;9,170562396999999;48,767627036000000
118193;118194;08;1;36;088;2016;09;06;4;2;4;6;1;0;1;0;0;0;0;0;579889,403199999940000;5409726,583399999900000;10,088668113000001;48,835372380000003
118194;118195;08;3;17;051;2016;09;21;7;3;0;1;2;0;1;0;0;0;0;0;442575,756999999980000;5340582,767000000000000;8,226958520000000;48,215871511000003
118197;118198;08;4;25;033;2016;09;20;3;3;0;2;2;0;1;0;0;0;0;1;554436,120699999970000;5345719,847099999900000;9,733479434000000;48,262348482000000
118201;118202;08;2;16;043;2016;09;13;4;3;5;3;0;0;1;1;0;0;0;0;442080,405000000030000;5411954,349000000400000;8,210368286000000;48,857849452000004
118202;118203;08;2;21;000;2016;09;19;5;3;4;5;0;0;1;1;0;0;0;0;476958,626099999990000;5469122,034599999900000;8,682593871000000;49,374365691000001
118203;118204;08;1;28;131;2016;09;13;3;3;5;3;0;0;1;1;0;0;0;0;534439,528700000020000;5514206,025500000500000;9,478363780000001;49,779331579999997
118204;118205;08;1;25;065;2016;09;06;4;2;8;1;1;0;1;0;0;0;0;0;518797,745200000000000;5450090,204300000300000;9,258053727000000;49,203318713999998
118205;118206;08;3;17;127;2016;09;11;7;2;0;7;0;0;1;0;0;0;0;0;421380,143800000020000;5351142,535500000200000;7,939705497000000;48,308586773000002
118206;118207;08;1;16;033;2016;09;09;3;3;5;3;0;0;1;1;0;0;0;0;533047,787000000010000;5388141,338000000500000;9,448652082000001;48,645457686000000
118208;118209;08;3;35;002;2016;09;11;4;3;8;7;0;0;1;0;0;0;0;0;507644,767799999970000;5284006,508100000200000;9,101911939000001;47,709394744999997
118210;118211;08;3;37;045;2016;09;12;3;3;6;7;0;0;0;0;1;0;0;1;437679,720900000010000;5289248,924800000200000;8,168506085000001;47,753597169999999
118212;118213;08;2;12;000;2016;09;15;5;2;0;7;0;0;1;0;0;0;0;0;453446,481000000030000;5427883,259300000000000;8,363494777000000;49,002089792000000
118214;118215;08;1;19;083;2016;09;19;4;3;2;1;0;0;1;1;0;0;0;0;537091,339500000000000;5418906,005500000000000;9,506320966000001;48,921977626000000
118215;118216;08;3;17;065;2016;09;19;7;3;8;7;0;0;1;0;0;0;0;0;415506,466699999990000;5352016,137900000400000;7,860331785000000;48,315687290000000
118216;118217;08;1;11;000;2016;09;09;3;2;6;2;0;0;0;1;1;0;0;0;515190,462300000010000;5402809,137699999800000;9,206766135000001;48,778098499000002
118218;118219;08;3;27;050;2016;09;15;4;2;1;2;0;0;1;1;0;0;0;0;486550,882600000010000;5315773,591000000000000;8,819723027000000;47,995120319999998
118219;118220;08;2;12;000;2016;09;15;1;3;0;7;0;0;1;0;0;0;0;0;461386,213400000010000;5427753,454500000000000;8,472058169000000;49,001469935000003
118221;118222;08;1;35;010;2016;09;19;5;3;4;6;0;0;1;1;0;0;0;0;600943,479100000000000;5391923,286000000300000;10,371134119000001;48,672194069000000
118222;118223;08;3;17;153;2016;09;12;3;3;5;3;0;0;1;1;0;0;0;0;422613,677000000030000;5392047,696600000400000;7,948759097000000;48,676677052999999
118223;118224;08;3;17;065;2016;09;12;7;3;5;3;0;0;1;1;0;0;0;0;414043,021300000020000;5354641,519200000000000;7,840061210000000;48,339104878999997
118228;118229;08;3;17;089;2016;09;14;4;3;0;7;0;0;1;0;0;0;0;0;431893,304000000000000;5375535,116999999600000;8,077507368999999;48,529226559999998
118229;118230;08;3;11;000;2016;09;18;4;3;6;4;0;0;1;0;1;0;0;0;413337,840700000000000;5316492,783499999900000;7,838323601000000;47,995858374999997
118230;118231;08;1;17;014;2016;09;11;1;3;0;1;0;0;1;0;0;0;0;0;552777,859799999980000;5382817,906200000100000;9,715809557000000;48,596216050999999
118231;118232;08;1;18;050;2016;09;18;5;3;5;3;1;1;1;0;0;0;0;0;506047,409700000020000;5416450,260300000200000;9,082516338000000;48,900968180000000
118232;118233;08;3;17;057;2016;09;10;7;3;6;7;0;0;0;1;1;0;0;0;412951,767700000030000;5381200,395300000000000;7,819813574000000;48,577840981000001
118234;118235;08;1;17;015;2016;09;16;4;3;4;6;0;0;1;1;0;0;0;0;558592,020000000020000;5395054,267599999900000;9,796389264000000;48,705768622999997
118235;118236;08;3;36;091;2016;09;09;2;2;6;4;0;0;0;1;1;0;0;0;396686,514700000000000;5272074,051500000100000;7,625757238000000;47,593842576000000
118236;118237;08;2;26;096;2016;09;10;4;3;6;7;0;0;0;1;1;0;0;0;475107,098000000000000;5488958,990799999800000;8,655841182000000;49,552720901000001
118237;118238;08;2;22;000;2016;09;19;5;3;6;7;1;0;0;1;1;0;0;0;461667,051500000000000;5481822,910799999700000;8,470724853000000;49,487834247000002
118239;118240;08;2;12;000;2016;09;20;3;3;5;3;1;0;1;1;0;0;0;0;451289,890100000020000;5432166,424399999900000;8,333496443000000;49,040450331999999
118240;118241;08;4;21;000;2016;09;15;4;3;5;3;0;0;1;1;0;0;0;0;571766,859999999990000;5364774,571000000500000;9,970213852000001;48,432026065999999
118241;118242;08;1;16;041;2016;09;16;5;2;6;4;0;0;0;1;1;0;0;0;519830,924000000000000;5384727,865500000300000;9,269061260000001;48,615308886999998
118242;118243;08;2;21;000;2016;09;14;3;3;6;4;0;0;0;1;1;0;0;0;477199,222699999980000;5472649,730200000100000;8,685705785000000;49,406105906999997
118243;118244;08;2;12;000;2016;09;07;4;3;5;3;0;0;1;1;0;0;0;0;458959,462000000000000;5428364,544200000400000;8,438818590000000;49,006810215000002
118246;118247;08;2;12;000;2016;09;07;3;3;2;2;0;0;1;1;0;0;0;0;455053,761999999990000;5428795,369500000000000;8,385368084000000;49,010413434999997
118248;118249;08;3;15;006;2016;09;14;2;3;4;6;0;0;1;0;0;0;0;0;402135,531800000000000;5307744,565399999700000;7,690189482000000;47,915552519999999
118250;118251;08;2;15;108;2016;09;15;5;3;6;7;0;0;1;0;1;0;0;0;449690,729200000000000;5424894,640200000300000;8,312517765000001;48,974912516000003
118251;118252;08;1;21;000;2016;09;07;3;2;0;7;0;0;1;0;0;0;0;0;516191,724999999980000;5442273,490500000300000;9,221964287000001;49,133079530000003
118252;118253;08;1;19;085;2016;09;13;4;3;0;5;0;0;1;0;0;0;0;1;529438,692700000010000;5414037,337100000100000;9,401509424000000;48,878592543000003
118253;118254;08;3;11;000;2016;09;13;7;3;5;2;0;0;1;1;0;0;0;0;411971,600900000020000;5314908,494500000000000;7,820338469000000;47,981420581000002
118254;118255;08;1;16;077;2016;09;07;3;2;0;7;0;0;1;0;0;0;0;0;515532,971200000030000;5391067,894500000400000;9,210985892000000;48,672465979999998
118255;118256;08;2;16;043;2016;09;10;2;3;5;2;0;0;1;0;0;0;0;0;441151,216000000010000;5411740,088800000000000;8,197732518000001;48,855834743999999
118256;118257;08;4;35;057;2016;09;08;4;2;5;3;0;0;1;1;0;0;0;0;544515,174800000040000;5279723,557300000500000;9,592976213000000;47,669371126000001
118257;118258;08;1;28;126;2016;09;16;1;3;3;2;0;0;1;0;0;0;0;0;566761,685999999990000;5480154,932000000000000;9,921476099000000;49,470371296000003
118258;118259;08;3;35;066;2016;09;06;3;3;0;3;1;0;1;1;0;0;0;0;509586,202300000000000;5282154,651499999700000;9,127752312000000;47,692706510999997
118261;118262;08;2;26;096;2016;09;18;2;3;5;7;0;0;1;0;0;0;0;1;475170,731600000000000;5486898,096300000300000;8,656850780999999;49,534186583000000
118264;118265;08;1;18;073;2016;09;09;4;3;5;3;0;0;1;1;0;0;0;0;498079,170700000020000;5415665,382700000000000;8,973794142999999;48,893934139000002
118265;118266;08;2;26;054;2016;09;18;7;2;8;1;0;0;1;0;0;0;0;0;477507,159999999970000;5454524,997000000400000;8,690972406000000;49,243085811000000
118266;118267;08;1;11;000;2016;09;14;3;2;6;4;0;0;0;1;1;0;0;0;516591,327999999980000;5405598,620000000100000;9,225946621000000;48,803156549000001
118269;118270;08;1;28;020;2016;09;18;1;2;5;2;0;0;1;1;0;0;0;0;580099,771399999970000;5484556,464100000400000;10,106433386000001;49,508342094000000
118270;118271;08;4;37;078;2016;09;13;1;3;6;7;0;0;0;1;1;0;0;0;508079,038500000020000;5315946,275299999900000;9,108297865999999;47,996764403999997
118271;118272;08;1;21;000;2016;09;10;5;3;6;7;0;0;0;0;1;0;0;1;515908,337100000000000;5443229,370299999600000;9,218117220000000;49,141685393000003
118272;118273;08;2;22;000;2016;09;09;7;3;1;5;0;0;1;1;0;0;0;0;462864,755999999990000;5477924,038999999900000;8,487627127000000;49,452840244999997
118273;118274;08;4;21;000;2016;09;02;1;3;1;6;2;0;1;0;0;0;0;0;574088,829299999980000;5361104,146900000100000;10,000951215000001;48,398741100000002
118274;118275;08;4;36;064;2016;09;18;3;2;5;3;0;0;1;1;0;0;0;0;544361,902000000000000;5292173,314000000200000;9,592202907000001;47,781393856999998
118275;118276;08;2;26;105;2016;09;16;7;3;1;5;0;0;1;1;0;0;0;0;471645,356600000000000;5477075,723399999600000;8,608834593999999;49,445683138000000
118276;118277;08;4;26;001;2016;09;13;2;3;1;7;0;0;1;1;0;0;0;0;566303,143799999960000;5345775,470599999700000;9,893367595999999;48,261717865000001
118277;118278;08;4;35;030;2016;09;17;2;3;0;1;0;0;1;0;0;0;0;0;541223,231700000000000;5270940,054600000400000;9,548299954999999;47,590561057999999
118278;118279;08;3;17;152;2016;09;13;4;2;4;6;0;0;1;0;0;0;0;1;406766,621600000010000;5349747,224399999700000;7,742976156000000;48,294051119999999
118285;118286;08;1;16;019;2016;09;13;4;3;0;3;0;0;1;1;0;0;0;0;522563,322999999970000;5399247,171000000100000;9,306925827000001;48,745831821000003
118288;118289;08;3;16;009;2016;09;18;3;3;4;2;0;0;1;1;0;0;0;0;418884,799600000030000;5324948,140499999700000;7,911062732000000;48,072646423000002
118290;118291;08;4;16;041;2016;09;17;2;3;3;6;0;0;1;0;0;0;0;1;502849,910099999980000;5374209,378499999600000;9,038595044999999;48,520989307999997
118291;118292;08;2;26;084;2016;09;16;4;2;2;6;0;0;1;1;0;0;0;0;468706,626800000030000;5471092,394100000200000;8,568766438000001;49,391720630999998
118292;118293;08;1;25;006;2016;09;20;1;3;6;4;2;0;0;1;1;0;0;0;507435,068000000030000;5454180,569000000100000;9,102144196999999;49,240355755000003
118293;118294;08;1;15;029;2016;09;07;5;3;5;3;0;0;1;1;0;0;0;0;497741,530800000010000;5398642,340200000400000;8,969281437999999;48,740795384000002
118294;118295;08;2;21;000;2016;09;15;3;3;5;3;0;0;1;1;0;0;0;0;477971,380000000000000;5472959,172399999600000;8,696332156000000;49,408917733999999
118296;118297;08;2;21;000;2016;09;13;7;3;4;2;0;0;1;1;0;0;0;0;476746,077700000020000;5468935,037999999700000;8,679676891000000;49,372675600999997
118297;118298;08;2;37;028;2016;09;12;2;3;6;4;0;0;0;1;1;0;0;0;456966,801800000020000;5368146,543999999800000;8,417861163000000;48,464979792000001
118302;118303;08;2;26;038;2016;09;10;5;3;5;3;0;0;1;0;0;0;0;0;471480,990800000030000;5480250,964599999600000;8,606338431999999;49,474235737999997
118305;118306;08;2;21;000;2016;09;09;7;3;5;3;0;0;1;0;0;0;0;1;473807,390599999980000;5472839,426400000200000;8,638939937000000;49,407675652999998
118306;118307;08;1;16;049;2016;09;13;3;3;5;3;0;0;1;1;0;0;0;0;524558,895299999970000;5385824,941599999600000;9,333273192000000;48,625010523999997
118308;118309;08;3;36;081;2016;09;12;4;3;5;3;0;0;1;1;0;0;0;0;410123,096200000030000;5277832,766900000200000;7,803261352000000;47,647648764000003
118313;118314;08;3;17;057;2016;09;09;4;3;6;3;0;0;1;0;0;0;0;1;412508,761799999980000;5380681,948200000500000;7,813917805000000;48,573116175999999
118314;118315;08;3;11;000;2016;09;20;4;3;4;3;1;0;1;0;0;0;0;1;412150,679699999980000;5318776,582399999700000;7,821945800000000;48,016239757000001
118320;118321;08;2;12;000;2016;09;18;2;2;0;7;0;0;1;0;0;0;0;0;456412,891699999980000;5424010,912499999600000;8,404466017000001;48,967474041999999
118321;118322;08;3;27;050;2016;09;16;4;3;0;1;0;0;1;0;0;0;0;0;487047,530099999970000;5314944,560999999800000;8,826405260000000;47,987671659000000
118322;118323;08;1;18;021;2016;09;17;1;3;4;6;0;0;0;1;1;0;0;0;521936,137500000010000;5428084,349000000400000;9,299941296000000;49,005264508000003
118326;118327;08;3;17;096;2016;09;07;3;3;5;3;0;0;1;1;0;0;0;0;421039,705000000020000;5368960,872999999700000;7,931765504000000;48,468820575999999
118328;118329;08;4;21;000;2016;09;19;2;3;6;4;0;0;0;1;1;0;0;0;571931,635600000040000;5360199,844700000200000;9,971656716000000;48,390856485999997
118329;118330;08;2;31;000;2016;09;08;4;3;6;7;0;0;1;0;1;0;0;0;477850,066300000010000;5414923,867600000500000;8,697851025000000;48,886870768000001
118332;118333;08;1;18;073;2016;09;11;5;3;0;1;0;0;1;0;0;0;0;0;497308,727799999990000;5420279,828400000000000;8,963252564999999;48,935441664000003
118335;118336;08;2;12;000;2016;09;14;7;3;5;7;0;0;1;1;0;0;0;0;461818,789999999980000;5427586,411200000000000;8,477987960000000;48,999994250000000
118337;118338;08;2;22;000;2016;09;19;4;2;1;5;0;0;1;1;0;0;0;0;461561,938800000000000;5481888,144799999900000;8,469267251000000;49,488414343000002
118339;118340;08;2;15;084;2016;09;15;3;3;6;1;0;0;0;1;1;0;0;0;473153,973799999980000;5445251,788900000000000;8,631785281999999;49,159496775999997
118340;118341;08;1;36;050;2016;09;15;4;2;0;7;0;0;0;1;1;0;0;0;581208,815599999970000;5404039,270600000400000;10,105519276000001;48,784048171000002
118342;118343;08;1;18;079;2016;09;17;3;3;6;4;0;0;1;0;1;0;0;0;508579,412200000020000;5422395,204800000400000;9,117190291000000;48,954417288000002
118344;118345;08;4;36;081;2016;09;17;4;3;5;3;0;0;1;1;0;0;0;0;562532,442799999960000;5281581,243400000000000;9,833223666000000;47,684592985000002
118350;118351;08;2;12;000;2016;09;13;3;3;5;3;0;0;1;1;0;0;0;0;454620,036299999980000;5429076,580500000200000;8,379405884000001;49,012911203000002
118351;118352;08;4;15;061;2016;09;18;4;2;6;7;0;0;0;0;1;0;0;1;515386,961000000010000;5370949,763000000300000;9,208257785000001;48,491482605999998
118352;118353;08;3;16;056;2016;09;19;2;3;4;2;1;0;1;1;0;0;0;0;424231,792200000030000;5329232,735399999700000;7,982071225000000;48,111846800999999
118355;118356;08;1;25;001;2016;09;16;3;3;5;3;0;0;1;1;0;0;0;0;521437,870799999980000;5435273,499400000100000;9,293508654000000;49,069951584999998
118357;118358;08;1;16;033;2016;09;14;3;3;2;6;0;0;1;0;0;0;1;0;532750,763299999990000;5388056,630900000200000;9,444613159999999;48,644711305000001
118359;118360;08;3;35;043;2016;09;15;4;3;5;3;0;0;1;0;0;0;0;0;512671,169100000000000;5278224,540900000400000;9,168750486000000;47,657291575999999
118360;118361;08;1;11;000;2016;09;21;1;3;1;5;2;0;1;1;0;0;0;0;515953,465000000030000;5405687,263700000000000;9,217263487000000;48,803970673999999
118362;118363;08;3;35;043;2016;09;13;1;3;0;7;0;0;1;0;0;0;0;0;511057,074199999970000;5281011,404000000100000;9,147325128000000;47,682396472999997
118368;118369;08;2;12;000;2016;09;13;7;2;3;6;0;0;1;1;0;0;0;0;461512,988399999970000;5427085,755900000200000;8,473854673000000;48,995471744000000
118369;118370;08;1;15;021;2016;09;16;7;3;5;3;0;0;1;1;0;0;0;0;490938,292699999990000;5380011,054399999800000;8,877155266999999;48,573124024000002
118371;118372;08;4;15;048;2016;09;07;6;2;0;7;1;0;1;0;0;0;0;0;542057,037999999940000;5357985,797199999900000;9,567915252000001;48,373638888000002
118372;118373;08;2;26;037;2016;09;11;4;3;5;2;0;0;1;1;0;0;0;0;465933,819000000020000;5465902,098600000100000;8,531001785000001;49,344886457999998
118374;118375;08;4;36;049;2016;09;07;3;2;0;1;1;0;1;0;0;0;0;0;578155,326899999990000;5283284,762900000400000;10,041666531000001;47,698217851000003
118375;118376;08;2;26;096;2016;09;07;6;3;5;3;0;0;1;1;0;0;0;0;473895,664600000020000;5487987,397400000100000;8,639157129000001;49,543930805000002
118376;118377;08;2;37;028;2016;09;09;3;3;6;6;0;0;1;0;1;0;0;0;456330,812299999990000;5368360,336299999600000;8,409235859000001;48,466859225999997
118377;118378;08;2;26;096;2016;09;08;6;3;0;7;0;0;1;0;0;0;0;0;475970,353699999980000;5489498,562099999700000;8,667743056000001;49,557609005000003
118378;118379;08;4;26;021;2016;09;13;7;3;5;3;0;0;1;1;0;0;0;0;558684,454200000040000;5326987,772500000000000;9,788129403999999;48,093454407000003
118381;118382;08;4;15;050;2016;09;23;5;3;8;1;2;0;1;0;0;0;0;0;521038,589500000000000;5376933,859400000400000;9,285051858999999;48,545153288999998
118383;118384;08;2;15;009;2016;09;11;4;3;6;7;0;0;0;1;1;0;0;0;470447,946000000000000;5441247,363099999700000;8,594964531000001;49,123351974999999