FID;OBJECTID;ULAND;UREGBEZ;UKREIS;UGEMEINDE;UJAHR;UMONAT;USTUNDE;UWOCHENTAG;UKATEGORIE;UART;UTYP1;ULICHTVERH;IstStrasse;IstRad;IstPKW;IstFuss;IstKrad;IstGkfz;IstSonstig;LINREFX;LINREFY;XGCSWGS84;YGCSWGS84
118966;118967;08;1;25;058;2016;10;07;3;3;6;4;0;0;0;1;1;0;0;0;508000,371400000000000;5443973,632600000100000;9,109707181999999;49,148534218999998
118967;118968;08;4;21;000;2016;09;13;5;3;6;2;0;0;0;1;1;0;0;0;572163,223400000020000;5360167,417700000100000;9,974778976000000;48,390538337000002
118970;118971;08;4;35;029;2016;09;17;4;3;5;3;0;0;1;1;0;0;0;0;544578,348099999940000;5270811,082200000100000;9,592910047000000;47,589178668000002
118972;118973;08;2;22;000;2016;09;11;6;2;0;7;0;0;1;0;0;0;0;0;464505,988000000010000;5486415,066999999800000;8,509508585000001;49,529311049999997
118973;118974;08;2;26;068;2016;09;12;4;3;5;3;0;0;1;1;0;0;0;0;468233,334500000000000;5460953,112999999900000;8,563052882999999;49,300495192000000
118974;118975;08;2;12;000;2016;09;17;5;3;4;2;0;0;1;1;0;0;0;0;459928,323900000020000;5427142,343100000200000;8,452186596000001;48,995879938999998
118976;118977;08;1;19;067;2016;09;12;6;3;6;1;0;0;1;0;1;0;0;0;538594,722799999990000;5406176,092299999700000;9,525641566999999;48,807374428000003
118978;118979;08;2;12;000;2016;09;18;5;3;0;6;1;0;1;0;0;0;0;1;462214,713300000000000;5423905,830900000400000;8,483742877999999;48,966910773999999
118979;118980;08;3;11;000;2016;09;08;5;3;4;6;0;0;1;1;0;1;0;0;413810,451100000010000;5318189,596199999600000;7,844316508000000;48,011185683999997
118980;118981;08;1;19;079;2016;10;17;3;3;0;5;0;0;1;1;0;0;0;0;522304,633900000020000;5408216,645700000200000;9,303893777000001;48,826528967000002
118984;118985;08;3;16;011;2016;09;14;6;3;0;7;0;0;1;1;0;0;0;0;414941,847400000030000;5329860,511900000300000;7,857162020000000;48,116320653000002
118985;118986;08;4;35;016;2016;09;12;4;3;6;4;0;0;1;0;1;0;0;0;535136,067000000040000;5277662,881600000000000;9,467878503000000;47,651408007999997
118986;118987;08;2;15;066;2016;09;14;6;3;6;3;0;0;0;1;1;0;0;0;460631,598999999990000;5453471,285000000100000;8,459232235000000;49,232755023000003
118987;118988;08;2;25;074;2016;09;12;4;3;8;1;0;1;1;0;0;0;0;0;503659,833700000020000;5467929,124400000100000;9,050405414000000;49,364060148000000
118989;118990;08;1;18;048;2016;09;21;6;3;0;7;2;0;0;1;1;0;0;0;513824,556800000020000;5415445,115600000100000;9,188600330000000;48,891801418999997
118993;118994;08;1;16;078;2016;10;18;1;3;5;3;0;0;1;1;0;0;0;0;512782,971699999990000;5393119,530600000200000;9,173696025000000;48,690985005999998
118994;118995;08;4;26;021;2016;09;16;4;3;5;3;0;0;1;1;0;0;0;0;559363,554000000000000;5326755,354000000300000;9,797216451000001;48,091300621999999
118996;118997;08;2;25;010;2016;09;02;4;3;8;1;2;0;1;0;0;0;0;0;506237,278300000010000;5468604,354299999800000;9,085914067999999;49,370112933999998
118998;118999;08;4;25;141;2016;09;16;4;3;6;4;0;0;1;0;1;0;0;0;566363,362199999970000;5363731,484699999900000;9,897008683999999;48,423235748000003
118999;119000;08;3;17;001;2016;10;03;2;2;8;1;2;0;1;0;0;0;0;0;430737,697800000020000;5386494,767900000300000;8,060030986999999;48,627682888000002
119002;119003;08;4;21;000;2016;10;20;7;2;0;4;2;0;0;0;1;0;0;1;573148,023399999950000;5360915,748900000000000;9,988209940000001;48,397156281999997
119003;119004;08;3;11;000;2016;09;17;5;3;0;1;0;0;1;0;0;0;0;0;414093,838400000010000;5318046,547500000300000;7,848144204000000;48,009937071000003
119004;119005;08;4;16;041;2016;09;18;5;3;0;7;0;0;1;1;0;0;0;0;504208,719099999990000;5372715,989900000400000;9,056981706000000;48,507546585999997
119007;119008;08;3;35;043;2016;10;23;2;2;0;7;2;1;1;0;0;0;0;0;513146,949599999990000;5278299,996299999800000;9,175089014999999;47,657961004999997
119009;119010;08;4;37;088;2016;09;07;6;3;6;4;1;0;0;1;1;0;0;0;519357,466599999990000;5307545,610100000200000;9,259103569000001;47,920940260000002
119010;119011;08;4;21;000;2016;09;17;4;3;3;6;0;0;1;1;0;0;0;0;571493,906199999970000;5360587,915900000400000;9,965810786000001;48,394397079000001
119011;119012;08;2;16;017;2016;10;01;2;3;5;3;2;0;1;1;0;0;0;0;451196,603999999990000;5401781,023000000000000;8,335851911000001;48,767121437000000
119013;119014;08;1;28;139;2016;09;11;5;3;9;1;0;0;1;0;0;0;0;0;550822,555900000040000;5490962,379800000200000;9,702888773000000;49,569118185000001
119014;119015;08;3;17;096;2016;10;09;7;3;6;4;0;0;1;0;1;0;0;0;422024,414500000010000;5369148,833700000300000;7,945049984000000;48,470634134000001
119017;119018;08;4;16;041;2016;09;07;5;2;0;7;0;0;1;0;0;0;0;0;504341,309000000010000;5373711,487999999900000;9,058787194000001;48,516501560000002
119019;119020;08;1;27;076;2016;09;12;5;3;6;4;0;0;1;0;1;0;0;0;555095,729999999980000;5438765,251000000200000;9,754769531000001;49,099267306999998
119020;119021;08;4;36;064;2016;09;06;6;2;0;7;2;0;1;0;0;0;0;0;546196,543300000020000;5292819,386199999600000;9,616761512000000;47,787077605000000
119023;119024;08;2;21;000;2016;09;09;6;3;5;2;0;0;1;0;0;0;0;1;477267,071000000000000;5470184,172000000300000;8,686782071000000;49,383931085999997
119024;119025;08;2;22;000;2016;09;10;4;3;1;6;0;0;1;1;0;0;0;0;461846,024099999980000;5477514,124900000200000;8,473611289999999;49,449090140000003
119025;119026;08;4;16;025;2016;09;13;4;3;0;7;0;0;1;1;0;0;0;0;503665,943299999980000;5360686,123999999800000;9,049527716000000;48,399323649999999
119030;119031;08;1;26;066;2016;09;17;5;3;1;6;0;0;0;1;1;0;0;0;536273,895400000040000;5449672,394200000000000;9,497919768999999;49,198775388999998
119032;119033;08;4;15;061;2016;09;17;4;3;0;2;0;0;1;0;0;0;1;0;516329,909999999970000;5373023,396900000100000;9,221101330000000;48,510113908999998
119034;119035;08;2;21;000;2016;09;20;4;3;5;5;2;0;1;1;0;0;0;0;474401,123700000000000;5474458,125799999600000;8,647019872000000;49,422260790000003
119035;119036;08;1;11;000;2016;10;07;3;3;5;3;0;0;1;1;0;0;0;0;511513,174200000010000;5402179,054700000200000;9,156695033000000;48,772509237999998
119036;119037;08;1;18;019;2016;09;10;6;3;0;2;0;0;1;1;0;0;0;0;505286,200300000030000;5404983,608599999900000;9,071981706000001;48,797822916000001
119037;119038;08;4;16;011;2016;09;12;4;3;5;3;0;0;1;1;0;0;0;0;504382,202700000020000;5368312,123900000000000;9,059284296000000;48,467926390000002
119039;119040;08;1;17;026;2016;09;13;6;3;6;7;0;0;0;1;1;0;0;0;546160,177999999960000;5392221,226800000300000;9,627109681000000;48,681327875999997
119040;119041;08;2;12;000;2016;09;14;5;3;4;2;0;0;1;1;0;0;0;0;453167,594900000030000;5427928,966799999600000;8,359676671000001;49,002479835999999
119042;119043;08;1;26;066;2016;09;13;5;3;5;3;0;0;1;1;0;0;0;0;536124,377199999990000;5448773,510800000300000;9,495786646999999;49,190698785000002
119043;119044;08;3;36;050;2016;09;13;4;3;0;1;0;0;1;0;0;0;0;0;399620,643700000020000;5273385,287499999600000;7,664474797000000;47,606098512000003
119045;119046;08;1;35;019;2016;09;17;6;3;5;3;0;0;1;1;0;0;0;0;584444,758099999980000;5392443,124200000400000;10,147186524000000;48,679318877000000
119046;119047;08;2;21;000;2016;09;08;4;3;5;2;0;0;1;1;0;0;0;0;477687,431700000020000;5472892,030299999800000;8,692421717000000;49,408303455999999
119047;119048;08;4;15;061;2016;10;15;2;3;0;1;0;0;1;0;0;0;0;0;516779,645499999980000;5370987,653099999800000;9,227108716000000;48,491787832000000
119048;119049;08;4;15;050;2016;09;12;5;3;5;3;0;0;1;1;0;0;0;0;521349,597599999980000;5376525,021200000300000;9,289244695000001;48,541464781999998
119053;119054;08;1;25;102;2016;09;16;5;3;6;4;0;0;0;1;1;0;0;0;520833,133600000000000;5444066,318000000000000;9,285682989000000;49,149066675000000
119057;119058;08;3;25;051;2016;09;18;4;3;0;1;0;0;1;0;0;0;0;0;451879,138700000010000;5348875,720200000300000;8,351247813000001;48,291250523999999
119059;119060;08;2;16;015;2016;09;16;4;3;3;5;0;0;1;1;0;0;0;0;449882,726900000010000;5405566,931800000400000;8,317511496000000;48,801072466000001
119061;119062;08;4;21;000;2016;09;07;6;3;0;5;0;0;1;1;0;0;0;0;570259,232899999940000;5361288,856999999800000;9,949251296000000;48,400841063000001
119062;119063;08;3;25;049;2016;09;17;4;3;5;3;0;0;1;1;0;0;0;0;472250,551600000010000;5334149,986700000200000;8,626845554999999;48,159989709000001
119063;119064;08;1;18;047;2016;10;18;2;2;1;5;1;1;1;1;0;0;0;0;508218,337500000020000;5427679,760999999900000;9,112365013000000;49,001960124000000
119064;119065;08;2;36;043;2016;10;16;1;2;0;1;0;0;1;0;0;0;0;0;469667,926400000000000;5411076,529299999600000;8,586525711000000;48,851915251999998
119065;119066;08;1;25;005;2016;09;15;5;3;6;3;0;0;0;1;1;0;0;0;514295,264499999990000;5453623,168600000400000;9,196370393000001;49,235220060000003
119066;119067;08;3;16;011;2016;10;12;7;3;5;3;0;0;1;1;0;0;0;0;413730,484200000010000;5330760,677000000100000;7,840707434000000;48,124254790999998
119067;119068;08;2;12;000;2016;09;16;5;3;6;7;0;0;1;0;1;0;0;0;453944,163400000020000;5431942,738900000200000;8,369838087000000;49,038642308999997
119071;119072;08;1;35;019;2016;10;19;3;3;2;6;2;0;1;1;0;0;0;0;585949,460700000050000;5390997,687599999800000;10,167323195000000;48,666112894999998
119072;119073;08;3;36;050;2016;09;07;5;2;3;2;2;0;1;0;0;0;0;1;398962,277599999970000;5273909,127899999700000;7,655597092000000;47,610708324999997
119073;119074;08;2;12;000;2016;10;17;7;2;2;6;0;1;1;0;0;0;0;0;454918,737000000020000;5428506,873100000400000;8,383553791000001;49,007808535999999
119074;119075;08;3;36;091;2016;09;20;6;2;0;7;2;0;1;0;0;0;0;0;395717,038300000010000;5274019,661999999500000;7,612402649000000;47,611188478999999
119076;119077;08;1;18;048;2016;10;22;2;3;8;7;2;1;1;0;0;0;0;0;514696,433000000020000;5414422,197999999900000;9,200457968000000;48,882579454000002
119079;119080;08;1;18;048;2016;10;17;3;3;0;3;0;0;1;1;0;1;0;0;513549,755400000020000;5415703,021599999600000;9,184859950000000;48,894127544000000
119084;119085;08;2;16;007;2016;09;06;4;3;5;3;1;0;1;1;0;0;0;0;435380,662300000030000;5395900,607699999600000;8,121563831000000;48,712786113000000
119088;119089;08;3;16;043;2016;09;13;4;3;6;4;0;0;0;1;1;0;0;0;411556,811400000010000;5331175,532999999800000;7,811417879000000;48,127688118999998
119092;119093;08;1;15;003;2016;10;17;3;3;5;3;0;0;1;1;0;0;0;0;500456,488100000020000;5391951,228400000400000;9,006201519999999;48,680605600000000
119095;119096;08;1;21;000;2016;09;14;5;3;0;7;0;0;1;1;0;0;0;0;516000,003800000010000;5442801,040500000100000;9,219357036000000;49,137830043999998
119096;119097;08;3;15;047;2016;09;09;4;3;5;2;0;0;1;1;0;0;0;0;415754,700599999980000;5321843,493900000100000;7,869662358000000;48,044313205000002
119098;119099;08;2;11;000;2016;09;18;4;3;0;7;0;0;1;0;0;0;0;0;442524,035700000010000;5406299,948800000400000;8,217208620999999;48,807029169000003
119099;119100;08;3;35;075;2016;10;23;2;3;0;1;2;0;1;0;0;0;0;0;489158,218999999980000;5288099,481100000400000;8,855367073000000;47,746175864000001
119100;119101;08;4;36;055;2016;10;13;2;3;0;7;0;0;1;0;0;0;0;0;576336,011199999950000;5297278,659099999800000;10,019880218000001;47,824326429000003
119101;119102;08;3;11;000;2016;09;22;4;3;6;4;2;0;1;0;1;0;0;0;415941,601900000010000;5315320,186599999700000;7,873448648000000;47,985657955999997
119102;119103;08;3;26;074;2016;10;15;1;3;3;2;0;0;1;0;0;0;0;1;464894,676099999980000;5322317,360500000400000;8,528906043999999;48,053171278999997
119104;119105;08;3;11;000;2016;09;17;4;2;0;2;0;0;1;1;0;0;0;0;414770,551800000020000;5319053,943099999800000;7,857015627000000;48,019089581000003
119105;119106;08;4;36;008;2016;10;11;7;3;6;7;0;0;0;1;1;0;0;0;548036,067500000000000;5311272,811499999800000;9,643370716000000;47,952965276000000
119109;119110;08;3;11;000;2016;09;14;4;3;0;7;0;0;1;1;0;0;0;0;414177,473000000000000;5320752,009999999800000;7,848723536000000;48,034284849000002
119116;119117;08;2;12;000;2016;09;18;4;3;0;4;0;0;0;0;1;0;0;1;455032,150399999980000;5428796,499699999600000;8,385072442000000;49,010422026000001
119121;119122;08;2;31;000;2016;09;13;5;3;5;2;0;0;1;1;0;0;0;0;479491,751800000030000;5416120,632000000200000;8,720185023000001;48,897692976000002
119122;119123;08;1;25;065;2016;10;13;3;3;0;4;0;0;0;0;1;0;0;1;516130,077500000010000;5446888,920800000400000;9,221304066000000;49,174598371000002
119123;119124;08;3;36;050;2016;09;09;5;3;5;2;0;0;1;1;0;0;0;0;399529,366900000020000;5272875,230700000200000;7,663377622000000;47,601496224000002
119124;119125;08;2;12;000;2016;10;10;7;2;0;5;0;1;1;1;0;0;0;0;460931,919500000020000;5427567,591000000000000;8,465865057000000;48,999769465000000
119129;119130;08;2;16;017;2016;09;13;4;2;6;2;0;0;0;1;1;0;0;0;451135,372700000010000;5401364,005699999600000;8,335068221000000;48,763365403999998
119130;119131;08;1;18;079;2016;10;11;3;3;1;5;0;0;1;1;0;0;0;0;509448,848000000000000;5422961,474000000400000;9,129079443000000;48,959498578000002
119131;119132;08;3;26;074;2016;10;19;2;3;5;3;2;0;1;1;0;0;0;0;462673,446899999980000;5324861,450500000300000;8,498877403000000;48,075933722000002
119134;119135;08;1;11;000;2016;10;14;6;3;5;7;0;0;1;1;0;0;0;0;511848,592000000000000;5400370,574199999700000;9,161207994000000;48,756233940000001
119135;119136;08;3;11;000;2016;10;00;1;3;4;2;2;0;1;1;0;0;0;0;413994,474899999970000;5317626,736200000200000;7,846896379000000;48,006147356000000
119136;119137;08;2;31;000;2016;10;16;3;3;0;7;0;0;1;0;0;0;0;0;478327,209199999980000;5415146,841000000000000;8,704347852000000;48,888893433000000
119139;119140;08;3;26;074;2016;10;15;6;3;6;4;0;0;0;1;1;0;0;0;460138,281200000030000;5322786,503200000200000;8,465036855999999;48,057112597000000
119140;119141;08;4;35;016;2016;10;16;4;2;8;1;0;0;1;0;0;0;0;0;534769,525299999980000;5278391,300300000200000;9,463055668000001;47,657981708999998
119143;119144;08;1;11;000;2016;10;00;6;3;6;4;2;0;0;1;1;0;0;0;512098,921099999980000;5401895,591300000400000;9,164658714000000;48,769948104999997
119150;119151;08;2;25;058;2016;10;08;3;3;0;1;0;0;1;1;0;0;0;0;509755,922700000000000;5465980,685399999800000;9,134316490000000;49,346466774000000
119151;119152;08;3;26;074;2016;10;06;6;2;5;3;2;1;1;1;0;0;0;0;465831,459800000010000;5324264,413599999600000;8,541321145000000;48,070739383000003
119152;119153;08;3;17;065;2016;10;16;4;3;5;3;0;0;1;1;0;0;0;0;415899,591299999970000;5354266,517199999700000;7,865184236000000;48,335981660000002
119158;119159;08;1;16;019;2016;10;09;3;3;0;7;0;0;1;0;1;0;0;0;525263,833600000010000;5396620,586500000200000;9,343498849000000;48,722099712000002
119162;119163;08;3;11;000;2016;10;23;4;2;0;1;2;0;1;0;0;0;0;0;409758,856000000030000;5317400,352000000000000;7,790168514000000;48,003526989999997
119163;119164;08;3;36;050;2016;10;09;2;3;1;5;0;0;1;1;0;0;0;0;399413,380000000000000;5273360,018500000200000;7,661723773000000;47,605839074999999
119164;119165;08;1;25;110;2016;10;18;2;3;6;4;1;0;0;1;1;0;0;0;526448,391900000050000;5442972,576200000000000;9,362611309000000;49,139012057999999
119167;119168;08;4;36;082;2016;10;12;5;3;5;3;0;0;1;1;0;0;0;0;547312,803399999980000;5295064,042200000000000;9,631908398000000;47,807191641999999
119169;119170;08;1;11;000;2016;10;19;5;2;6;7;2;1;0;0;1;0;0;1;508252,645599999990000;5397110,903599999800000;9,112217567000000;48,726967981000001
119170;119171;08;1;28;131;2016;10;16;6;3;5;3;0;0;1;1;0;0;0;0;535994,069900000000000;5514447,799599999600000;9,499977826000000;49,781414961999999
119173;119174;08;2;15;009;2016;10;16;2;3;5;3;0;0;1;1;0;0;0;0;469777,628800000010000;5441734,333300000100000;8,585741036000000;49,127699765999999
119175;119176;08;4;26;070;2016;10;15;1;2;0;7;0;0;0;1;1;0;0;0;565283,528900000030000;5341981,839800000200000;9,879046011000000;48,227697247999998
119176;119177;08;2;12;000;2016;10;18;3;3;0;7;0;0;1;0;0;0;0;1;457061,982000000020000;5428463,277999999900000;8,412863721000001;49,007569238000002
119180;119181;08;2;36;071;2016;10;17;2;3;5;3;0;0;1;1;0;0;0;0;468253,263099999980000;5421368,162300000000000;8,566442229000000;48,944423063999999
119181;119182;08;1;16;033;2016;10;15;2;3;5;3;0;0;1;0;0;0;0;0;533181,743000000020000;5387897,206000000200000;9,450451033000000;48,643254401999997
119183;119184;08;1;15;045;2016;10;16;4;2;5;3;0;0;1;1;0;0;0;0;498432,966000000010000;5394958,764299999900000;8,978699989000001;48,707659880000001
119185;119186;08;4;21;000;2016;10;14;5;2;6;4;0;0;0;1;1;0;0;0;572469,528700000020000;5360559,936800000300000;9,978983648000000;48,394034019999999
119186;119187;08;4;26;021;2016;10;14;4;2;5;3;0;0;1;1;0;0;0;0;559154,280999999960000;5326369,493999999900000;9,794352860000000;48,087848817999998
119187;119188;08;1;27;014;2016;10;16;6;3;6;4;0;0;0;1;1;0;0;0;578251,040999999970000;5443275,794999999900000;10,072804693000000;49,137324937999999
119189;119190;08;3;11;000;2016;10;11;1;3;4;6;0;1;1;0;0;0;0;0;414418,459900000020000;5318368,431599999800000;7,852431675000000;48,012876091000003
119191;119192;08;1;17;026;2016;10;15;4;3;6;4;0;0;0;1;1;0;0;0;548202,256100000000000;5394411,859000000200000;9,655106105000000;48,700879385000000
119194;119195;08;3;17;114;2016;10;14;4;2;4;6;0;0;1;0;0;1;0;0;405632,057299999990000;5346942,250400000300000;7,728309702000000;48,268653520999997
119195;119196;08;2;12;000;2016;10;12;7;3;5;3;0;0;1;1;0;0;0;0;454840,931700000020000;5432808,848700000000000;8,382010894000000;49,046499335999997
119198;119199;08;4;15;050;2016;10;15;4;3;5;3;0;0;1;1;0;0;0;0;521042,332500000020000;5376925,337899999700000;9,285102142000000;48,545076502000001
119202;119203;08;1;17;026;2016;10;09;4;2;6;4;0;0;0;1;1;0;0;0;548255,605899999970000;5394051,569299999600000;9,655789018000000;48,697634274000002
119204;119205;08;2;22;000;2016;10;18;3;3;6;7;0;0;0;1;1;0;0;0;461263,929200000010000;5481692,566599999600000;8,465171842000000;49,486636271999998
119206;119207;08;3;36;050;2016;10;17;6;3;5;3;0;0;1;1;0;0;0;0;399007,837600000030000;5273420,853600000000000;7,656315657000000;47,606323240000002
119207;119208;08;3;15;030;2016;10;17;4;3;6;4;0;0;0;0;1;0;0;1;406559,880999999990000;5327535,763000000300000;7,745078217000000;48,094234909999997
119208;119209;08;4;35;059;2016;10;14;6;3;0;3;0;0;1;1;0;0;0;0;512537,342400000020000;5290098,716900000300000;9,167309834999999;47,764133323000003
119210;119211;08;1;16;079;2016;10;19;4;3;5;3;2;0;1;1;0;0;0;0;533741,610299999940000;5380389,690399999700000;9,457440694000001;48,575687256999998
119211;119212;08;2;31;000;2016;10;17;1;3;6;4;0;0;0;1;1;0;0;0;477725,739799999980000;5415358,497600000400000;8,696131412000000;48,890776097000000
119213;119214;08;3;36;050;2016;10;08;5;3;5;2;0;0;1;0;0;0;0;1;398835,952700000020000;5273943,975999999800000;7,653908652000000;47,611002085999999
119214;119215;08;1;25;026;2016;10;13;3;3;5;3;0;0;1;1;0;0;0;0;493862,472799999990000;5442042,122499999600000;8,915866937000001;49,131180981000000
119215;119216;08;1;15;021;2016;10;11;4;3;6;7;0;0;0;1;1;0;0;0;487614,658899999980000;5385632,699199999700000;8,831931028000000;48,623640627000000
119216;119217;08;1;17;049;2016;10;15;3;2;5;7;0;0;1;1;0;0;0;0;555764,541800000010000;5392041,088100000300000;9,757554709000001;48,678923355000002
119217;119218;08;1;26;066;2016;10;10;6;2;3;6;0;0;1;1;0;0;0;0;537324,055199999940000;5450465,850900000000000;9,512408105000000;49,205849442000002
119220;119221;08;3;17;001;2016;10;19;3;3;6;2;2;0;0;1;1;0;0;0;432228,613100000020000;5386455,317499999900000;8,080268121000000;48,627491370999998
119232;119233;08;1;11;000;2016;10;15;2;3;6;4;0;0;1;0;1;0;0;0;508407,089600000010000;5397673,341000000000000;9,114329125999999;48,732025616999998
119233;119234;08;3;11;000;2016;10;19;3;3;0;7;1;0;1;1;0;0;0;0;412121,583700000020000;5316300,736100000300000;7,822062963000000;47,993964837999997
119237;119238;08;3;17;096;2016;10;16;5;3;0;7;0;0;1;0;0;0;0;0;421480,112399999980000;5369080,665900000400000;7,937700106000000;48,469953242999999
119238;119239;08;3;11;000;2016;10;19;6;3;3;6;0;0;1;1;0;0;0;0;414150,373299999980000;5315694,042600000300000;7,849372793000000;47,988783013999999
119241;119242;08;1;19;067;2016;10;19;6;3;5;3;0;0;1;1;0;0;0;0;538900,291500000050000;5406203,129999999900000;9,529805643000000;48,807598595000002
119243;119244;08;1;19;020;2016;10;23;6;3;6;7;2;0;0;1;1;0;0;1;520352,613200000020000;5406071,129499999800000;9,277192001000000;48,807295375000002
119245;119246;08;4;21;000;2016;10;18;6;3;0;2;2;1;1;1;0;0;0;0;571415,129900000060000;5361235,324799999600000;9,964856878999999;48,400229633999999
119246;119247;08;1;36;065;2016;10;17;2;3;6;4;0;0;0;1;1;0;0;0;558751,256000000050000;5405511,813799999700000;9,800045632000000;48,799820607000001
119247;119248;08;3;16;038;2016;10;09;5;2;0;7;0;0;1;1;0;0;0;0;397079,078299999990000;5333011,025500000500000;7,616463737000000;48,142020672000001
119248;119249;08;3;16;011;2016;10;15;1;3;4;2;0;1;1;1;0;0;0;0;414840,385499999970000;5330276,973199999900000;7,855715868000000;48,120053245000001
119252;119253;08;2;12;000;2016;10;07;6;2;0;7;0;0;1;0;0;0;0;0;455629,739899999990000;5427021,188699999800000;8,393437863000001;48,994496171999998
119253;119254;08;3;36;057;2016;10;13;4;3;4;6;0;0;1;1;0;0;0;0;409164,046800000010000;5277881,209599999700000;7,790484172000000;47,647950641000001
119255;119256;08;3;11;000;2016;10;13;5;3;5;3;0;0;1;1;0;0;0;0;412530,328199999990000;5315316,754800000200000;7,827741144000000;47,985169659999997
119259;119260;08;2;26;018;2016;10;07;3;3;1;5;0;0;1;1;0;0;0;0;473336,094700000020000;5471534,002299999800000;8,632530984000001;49,395913153000002
119260;119261;08;4;26;014;2016;10;10;3;3;5;3;0;0;1;0;0;0;0;1;548957,006900000040000;5316680,821600000400000;9,656320839999999;48,001549402999999
119262;119263;08;2;26;095;2016;10;11;6;3;0;7;0;0;1;0;0;0;0;0;474067,353000000000000;5460430,291000000200000;8,643331310000001;49,296067970000003
119264;119265;08;4;25;072;2016;10;07;3;3;8;1;0;1;1;0;0;0;0;0;577998,718899999980000;5370689,300599999700000;10,055550387000000;48,484487623000000
119266;119267;08;3;11;000;2016;10;20;5;3;5;3;2;0;1;1;0;0;0;1;413798,372900000020000;5316073,812599999800000;7,844579723000000;47,992151835999998
119269;119270;08;4;16;041;2016;10;20;6;3;0;7;2;0;1;0;0;0;0;0;504685,562500000000000;5375813,548700000200000;9,063472475999999;48,535409969000000
119270;119271;08;2;31;000;2016;10;17;2;3;4;6;0;0;1;0;0;0;0;1;476754,021400000030000;5417599,647400000100000;8,682747728000001;48,910900968000000
119271;119272;08;1;16;049;2016;10;15;2;3;3;6;0;0;1;1;0;0;0;0;525265,460300000040000;5385975,906999999700000;9,342870561000000;48,626340472000003
119272;119273;08;2;25;014;2016;10;14;6;3;6;4;0;0;0;1;1;0;0;0;523528,542399999980000;5485475,260900000100000;9,325088167000001;49,521440595999998
119273;119274;08;3;11;000;2016;10;17;4;3;5;3;0;0;0;1;1;0;0;0;410267,350199999990000;5315738,825799999800000;7,797331584000000;47,988652803000001
119276;119277;08;4;17;079;2016;10;15;3;3;0;1;0;0;1;0;0;0;0;0;499371,940400000020000;5348371,953400000000000;8,991533141000000;48,288547760999997
119280;119281;08;1;15;028;2016;10;18;5;2;6;4;0;0;0;1;1;0;0;0;501436,050500000010000;5405426,841699999800000;9,019556126000000;48,801831026999999
119281;119282;08;1;19;020;2016;10;11;6;2;5;3;0;0;1;1;0;0;0;0;519957,102900000000000;5406788,650700000100000;9,271840312000000;48,813762887999999
119287;119288;08;3;11;000;2016;10;12;3;3;0;7;0;0;1;0;0;0;0;0;414576,579800000010000;5316906,536100000100000;7,854842643000000;47,999746948000002
119289;119290;08;1;11;000;2016;10;18;1;3;2;6;0;0;1;0;0;1;0;0;516758,471900000000000;5407588,987800000200000;9,228304108000000;48,821057093999997
119291;119292;08;3;16;011;2016;10;19;3;3;6;4;2;0;0;1;1;0;0;0;414825,086799999990000;5330256,440299999900000;7,855514446000000;48,119866500000001
119294;119295;08;3;36;050;2016;10;07;5;3;6;4;1;0;1;0;1;0;0;0;399727,871999999970000;5274049,661799999900000;7,665749034000000;47,612091397000000
119295;119296;08;4;21;000;2016;10;13;4;2;1;6;0;0;1;1;0;0;0;0;571919,989100000010000;5360201,049900000000000;9,971499624000000;48,390868656000002
119297;119298;08;3;36;091;2016;10;16;5;2;6;7;0;0;0;1;1;0;0;0;394422,296199999980000;5272196,526499999700000;7,595619078000000;47,594579527000000
119298;119299;08;3;16;054;2016;10;04;1;2;0;7;2;0;0;1;1;0;0;0;417839,069699999990000;5336462,556300000300000;7,894806959000000;48,176088382000003
119299;119300;08;2;22;000;2016;10;08;3;3;3;5;0;0;1;1;0;0;0;0;461807,994499999970000;5483148,551400000200000;8,472542696000000;49,499766559000001
119301;119302;08;2;12;000;2016;10;07;3;3;3;6;1;0;1;1;0;0;0;0;456871,854999999980000;5428213,995799999700000;8,410290540000000;49,005313653999998
119302;119303;08;2;25;058;2016;10;13;6;3;5;3;0;0;1;1;0;0;0;0;508271,837999999990000;5465338,721199999600000;9,113870797000001;49,340714202999997
119305;119306;08;3;35;075;2016;10;13;3;3;5;2;0;0;1;1;0;0;0;0;488003,058299999980000;5290766,206100000100000;8,839883308999999;47,770149355999997
119307;119308;08;4;16;025;2016;10;09;4;3;6;3;0;0;0;0;1;0;0;1;502952,609300000010000;5361721,051099999800000;9,039897698000001;48,408638168000003
119308;119309;08;1;11;000;2016;10;15;7;3;1;5;0;0;1;1;0;0;0;0;518001,067500000000000;5406101,533599999700000;9,245166832000001;48,807641449000002
119309;119310;08;1;18;079;2016;10;11;6;3;6;4;0;0;0;1;1;0;0;0;509143,723400000020000;5421367,336799999700000;9,124875392000000;48,945162834999998
119310;119311;08;3;11;000;2016;10;14;5;3;3;6;0;0;1;1;0;0;0;0;404663,680999999980000;5314754,022699999600000;7,722464150000000;47,978983726999999
119311;119312;08;2;21;000;2016;10;04;3;2;6;4;2;0;0;1;1;0;0;0;476440,268600000010000;5474157,486999999700000;8,675154773999999;49,419639007000001