FID;OBJECTID;ULAND;UREGBEZ;UKREIS;UGEMEINDE;UJAHR;UMONAT;USTUNDE;UWOCHENTAG;UKATEGORIE;UART;UTYP1;ULICHTVERH;IstStrasse;IstRad;IstPKW;IstFuss;IstKrad;IstGkfz;IstSonstig;LINREFX;LINREFY;XGCSWGS84;YGCSWGS84
119314;119315;08;2;15;109;2016;10;16;3;3;2;6;0;0;1;1;0;0;0;0;461184,197200000000000;5434205,680900000000000;8,468678577000000;49,059496215000003
119318;119319;08;3;15;006;2016;10;18;2;3;5;3;0;0;1;1;0;0;0;0;402921,211599999980000;5307481,540099999900000;7,700761388000000;47,913306048000003
119319;119320;08;3;26;074;2016;10;17;3;3;6;7;0;0;1;0;1;0;0;0;460695,299500000020000;5322452,367999999800000;8,472542679000000;48,054141037999997
119321;119322;08;2;12;000;2016;10;12;5;3;5;2;0;0;1;1;0;0;0;0;455246,562500000000000;5429265,431800000400000;8,387952608000001;49,014655697000002
119322;119323;08;1;15;050;2016;10;12;3;2;6;7;0;0;0;1;1;0;0;0;490359,793699999980000;5400397,951200000000000;8,868837833000001;48,756518335999999
119323;119324;08;2;12;000;2016;10;20;5;3;2;2;2;0;1;0;0;0;0;0;455500,292499999980000;5426647,065399999700000;8,391709335000000;48,991121571999997
119324;119325;08;1;21;000;2016;10;09;3;3;6;7;0;0;0;1;1;0;0;0;516101,220800000010000;5442509,246299999800000;9,220733036000000;49,135202612000000
119325;119326;08;3;26;074;2016;10;16;3;3;8;1;0;0;1;0;0;0;0;0;462727,234000000000000;5324647,594700000200000;8,499618141999999;48,074012867000000
119327;119328;08;2;12;000;2016;10;13;3;3;5;3;0;0;1;1;0;0;0;0;454327,327400000010000;5429516,269500000400000;8,375353704000000;49,016844632999998
119329;119330;08;2;12;000;2016;10;14;2;2;6;7;0;0;0;0;1;0;0;1;454799,120100000000000;5428801,898099999900000;8,381885386000000;49,010453560000002
119332;119333;08;2;22;000;2016;10;13;1;3;1;5;0;0;1;1;0;0;0;0;463024,790700000010000;5478014,328499999800000;8,489826682000000;49,453662119000001
119333;119334;08;2;37;028;2016;10;11;5;3;6;7;0;0;0;0;1;0;0;1;457123,489400000020000;5368456,563299999600000;8,419948886000000;48,467779424000000
119334;119335;08;4;16;036;2016;10;19;2;3;5;3;2;0;1;1;0;0;0;0;495951,677099999970000;5369587,051000000000000;8,945220223000000;48,479398431000000
119335;119336;08;1;11;000;2016;10;23;5;3;1;5;2;1;1;1;0;0;0;0;512669,105199999990000;5401899,796299999600000;9,172418655000000;48,769974585000000
119337;119338;08;2;22;000;2016;10;16;4;3;5;3;0;0;1;1;0;0;0;0;461563,474099999990000;5489195,899700000000000;8,468576593000000;49,554143412999998
119338;119339;08;3;35;043;2016;10;07;6;3;6;6;0;0;1;0;1;0;0;0;512482,044400000010000;5281149,468000000300000;9,166315387999999;47,683612777000000
119341;119342;08;3;35;043;2016;10;20;6;2;0;1;2;0;1;0;0;0;0;0;512560,250899999980000;5280482,687300000300000;9,167338250000000;47,677611800999998
119342;119343;08;2;26;084;2016;10;16;2;3;0;7;0;0;1;0;0;0;0;0;469806,963999999980000;5469763,654199999800000;8,584029950000000;49,379824472999999
119344;119345;08;3;11;000;2016;10;09;3;3;5;3;0;0;1;1;0;0;0;0;413855,373299999980000;5316236,239600000000000;7,845310978000000;47,993620608999997
119348;119349;08;2;26;032;2016;10;08;6;2;4;6;0;0;1;1;0;0;0;0;468008,991600000010000;5462086,889700000200000;8,559876338000001;49,310681660000000
119352;119353;08;2;26;038;2016;10;12;3;3;4;6;0;0;1;1;0;0;0;0;471889,827800000030000;5479800,175400000100000;8,612013695000000;49,470200105000004
119353;119354;08;3;27;016;2016;10;07;3;3;5;3;0;0;1;0;0;0;1;0;495115,931999999970000;5319565,701999999600000;8,934488790000000;48,029361360000003
119355;119356;08;2;12;000;2016;10;09;2;3;5;3;0;0;1;1;0;0;0;0;456448,944100000020000;5424554,839999999900000;8,404900348000000;48,972369309000001
119356;119357;08;2;25;091;2016;10;15;5;3;6;1;0;0;0;1;1;0;0;0;524196,348200000010000;5477042,854199999900000;9,333798908000000;49,445567279000002
119357;119358;08;3;26;074;2016;10;20;1;3;6;6;2;0;1;0;1;0;0;0;458838,861500000000000;5322705,978900000500000;8,447606605000001;48,056305631000001
119358;119359;08;2;12;000;2016;10;13;3;3;6;4;0;0;0;0;1;0;0;1;454731,757400000000000;5428819,230700000200000;8,380962335000000;49,010604530000002
119359;119360;08;3;17;116;2016;10;08;3;3;0;7;0;0;1;0;0;0;0;0;432106,306300000000000;5388382,192300000200000;8,078292800000000;48,644810387000000
119361;119362;08;2;12;000;2016;10;07;3;3;6;7;2;0;1;0;1;0;0;0;456433,131799999970000;5428618,155700000000000;8,404248659000000;49,008918307000002
119362;119363;08;2;26;098;2016;10;08;6;3;5;3;0;0;1;0;0;0;0;1;478288,047000000020000;5460112,335099999800000;8,701397648000000;49,293372531999999
119364;119365;08;1;11;000;2016;10;19;7;2;6;4;2;1;0;1;1;0;0;0;512802,983899999990000;5408671,180300000100000;9,174451771999999;48,830886456000002
119366;119367;08;2;12;000;2016;10;07;3;3;5;3;0;0;1;1;0;0;0;0;453604,346399999980000;5430699,394799999900000;8,365331105999999;49,027432933000000
119367;119368;08;3;15;070;2016;10;07;3;3;6;4;0;0;0;1;1;0;0;0;451183,978000000000000;5303657,002000000300000;8,347046400000000;47,884388909000002
119368;119369;08;1;19;085;2016;10;06;3;3;6;4;2;0;0;1;1;0;0;0;529169,779899999960000;5413815,572999999900000;9,397826040000000;48,876610356000000
119369;119370;08;1;36;019;2016;10;07;3;3;4;2;1;0;1;1;0;0;0;0;583088,416399999990000;5423116,840099999700000;10,134976351000001;48,955384731000002
119370;119371;08;2;21;000;2016;10;18;6;2;6;2;0;0;1;0;1;0;0;0;477247,732599999990000;5475056,978299999600000;8,686236448000001;49,427760507000002
119371;119372;08;3;11;000;2016;10;15;4;3;5;3;0;0;1;1;0;0;0;0;413553,681400000000000;5315679,316499999700000;7,841380091000000;47,988570168000003
119372;119373;08;2;26;018;2016;10;11;6;2;5;3;0;0;1;0;0;0;1;0;473208,309899999990000;5471266,463800000000000;8,630787993000000;49,393501084000000
119373;119374;08;3;17;065;2016;10;18;4;3;5;3;0;0;1;1;0;0;0;0;411788,105400000000000;5355280,803500000400000;7,809505280000000;48,344544221000000
119374;119375;08;3;11;000;2016;10;09;3;3;0;7;0;0;1;0;0;0;0;0;415453,000300000010000;5315559,183000000200000;7,866854665000000;47,987743432999999
119376;119377;08;3;11;000;2016;10;22;3;3;5;3;2;0;1;0;0;0;0;0;414108,929999999990000;5316795,643000000200000;7,848596995000000;47,998686761999998
119381;119382;08;3;17;065;2016;10;07;3;2;1;7;0;0;1;0;0;0;0;1;415068,764499999990000;5354940,989900000400000;7,853839722000000;48,341937305000002
119382;119383;08;2;12;000;2016;10;17;3;3;3;6;0;0;1;1;0;0;0;0;453895,330200000030000;5428902,604199999900000;8,369515544000000;49,011292550999997
119384;119385;08;1;18;067;2016;10;20;5;2;0;4;2;0;0;0;1;0;1;0;505826,904800000020000;5415095,533699999600000;9,079488249000001;48,888783480999997
119386;119387;08;1;36;009;2016;10;17;2;3;0;1;0;0;1;0;0;0;0;0;567397,730699999960000;5408511,021499999800000;9,918266852000000;48,825920445999998
119387;119388;08;2;12;000;2016;10;14;3;3;1;5;0;0;1;1;0;0;0;0;454857,045700000020000;5428511,951799999900000;8,382709704000000;49,007849710000002
119388;119389;08;2;36;040;2016;10;12;1;3;5;3;0;0;1;1;0;0;0;0;489428,973999999990000;5423126,293999999800000;8,855586402000000;48,960963069000002
119389;119390;08;1;19;020;2016;10;19;5;3;5;3;2;0;1;1;0;0;0;0;520217,233899999990000;5407119,082600000300000;9,275399855000000;48,816726977999998
119397;119398;08;3;11;000;2016;10;10;3;3;5;3;0;0;1;1;0;0;0;0;414566,246800000020000;5318204,618599999700000;7,854445589000000;48,011422310000000
119399;119400;08;1;36;019;2016;10;12;3;3;2;2;0;0;1;1;0;0;0;0;585599,050599999960000;5423345,254900000100000;10,169311925000001;48,957096559999997
119403;119404;08;1;27;014;2016;10;07;6;3;5;3;1;0;1;1;0;0;0;0;574504,806100000050000;5443380,665500000100000;10,021472790000001;49,138733889999997
119406;119407;08;3;16;020;2016;10;13;5;3;6;4;0;0;0;0;1;0;0;1;408668,075699999990000;5338843,047600000200000;7,770958810000000;48,196248367000003
119411;119412;08;3;11;000;2016;10;20;2;3;5;3;2;1;1;1;0;0;0;0;410998,681300000000000;5316040,310499999700000;7,807068750000000;47,991466930000001
119413;119414;08;3;15;006;2016;10;14;5;3;6;4;0;0;0;1;1;0;0;0;402828,233200000020000;5307874,455799999600000;7,699428780000000;47,916826241000003
119414;119415;08;1;25;008;2016;10;14;6;3;0;1;0;0;1;0;0;0;0;0;522650,018400000000000;5432156,767900000300000;9,309929724000000;49,041871954000001
119415;119416;08;2;22;000;2016;10;15;4;3;4;2;0;0;1;1;0;0;0;0;462830,581200000020000;5479074,327300000000000;8,487047645000001;49,463184468000001
119417;119418;08;1;18;073;2016;10;18;6;3;6;6;2;0;0;1;1;0;0;0;498856,180600000020000;5418269,070799999900000;8,984387587000001;48,917358223999997
119419;119420;08;3;15;132;2016;10;07;5;3;5;3;2;1;1;1;0;0;0;0;409397,837000000000000;5322448,359000000200000;7,784262069000000;48,048883347000000
119420;119421;08;1;11;000;2016;10;10;4;3;0;4;0;0;0;0;1;0;0;1;513942,093999999980000;5404454,838000000500000;9,189829806000001;48,792932290000003
119424;119425;08;2;26;013;2016;10;13;2;3;6;2;0;0;0;1;1;0;0;0;498915,840700000000000;5480239,543700000300000;8,985034675000000;49,474801896999999
119425;119426;08;2;22;000;2016;10;07;2;3;5;2;1;0;1;1;0;0;0;0;464793,173599999980000;5477636,737700000400000;8,514258936999999;49,450370896999999
119427;119428;08;3;11;000;2016;10;22;5;3;6;7;2;0;0;1;1;0;0;0;415118,775800000000000;5315873,638199999900000;7,862313942000000;47,990527821000001
119429;119430;08;3;37;116;2016;10;12;7;3;2;6;0;0;1;0;0;0;0;1;419767,108200000020000;5270487,402599999700000;7,932995245000000;47,582835709000001
119432;119433;08;4;36;008;2016;10;16;6;3;5;3;0;0;1;1;0;0;0;0;547560,605800000020000;5310807,416899999600000;9,636951578000000;47,948813751000003
119434;119435;08;4;25;033;2016;10;14;1;3;3;6;0;0;1;0;0;0;0;0;553326,817000000040000;5349052,582000000400000;9,718954322000000;48,292424267999998
119440;119441;08;4;16;041;2016;10;07;6;2;5;3;2;0;1;1;0;0;0;0;505003,813000000020000;5375420,862599999600000;9,067778904000001;48,531874772999998
119441;119442;08;1;15;045;2016;10;13;1;3;0;1;0;0;1;0;0;0;0;0;500908,206999999990000;5396036,230999999700000;9,012347234000000;48,717354151000002
119445;119446;08;2;21;000;2016;10;07;4;3;5;3;1;0;1;1;0;0;0;0;474296,320899999990000;5472306,243200000400000;8,645714119000001;49,402900619999997
119447;119448;08;1;11;000;2016;10;17;1;2;6;4;0;0;0;1;1;0;0;0;514504,151699999990000;5408821,998499999800000;9,197636859999999;48,832205784000003
119448;119449;08;2;12;000;2016;10;16;2;3;0;7;0;0;1;0;0;0;0;0;463300,877600000010000;5428295,074500000100000;8,498186130000001;49,006458758000001
119453;119454;08;4;15;050;2016;10;13;6;3;5;3;0;0;1;1;0;0;0;0;521276,926099999980000;5376203,132600000100000;9,288243712000000;48,538571468999997
119456;119457;08;2;15;017;2016;10;18;1;3;0;7;0;0;1;0;0;0;0;0;456197,642200000000000;5420747,686499999800000;8,401876227000001;48,938105454000002
119458;119459;08;2;26;041;2016;10;18;5;3;0;7;0;0;1;0;0;0;0;0;477405,155600000000000;5465910,976900000100000;8,688927168999999;49,345499207000003
119459;119460;08;1;11;000;2016;10;16;4;3;6;4;0;0;0;1;1;0;0;0;518244,672599999990000;5401782,837899999700000;9,248292847000000;48,768783945999999
119460;119461;08;1;17;042;2016;10;14;7;2;5;3;0;0;1;1;0;0;0;0;554698,140299999970000;5393703,038099999500000;9,743289042000001;48,693967526999998
119461;119462;08;4;15;061;2016;10;18;6;3;0;6;0;0;1;0;0;0;0;0;516583,947999999970000;5371153,065000000400000;9,224466584000000;48,493281129000003
119464;119465;08;4;25;134;2016;10;13;7;2;0;1;0;0;1;0;0;0;0;0;546237,678199999970000;5373516,252700000100000;9,626079746000000;48,513057637999999
119469;119470;08;2;21;000;2016;10;18;4;3;5;3;1;0;1;1;0;0;0;0;477844,990600000020000;5473254,563699999800000;8,694573401000000;49,411570144999999
119470;119471;08;2;26;096;2016;10;14;5;3;0;7;0;0;1;0;0;0;0;0;476402,940999999990000;5487996,056499999900000;8,673814323000000;49,544111573000002
119471;119472;08;4;37;100;2016;10;07;3;3;8;7;0;0;1;0;0;0;0;0;532684,225100000040000;5316368,296199999700000;9,438151303000000;47,999776865999998
119473;119474;08;1;19;020;2016;10;15;7;3;0;7;0;0;1;0;0;0;0;1;521419,887400000010000;5406981,072200000300000;9,291775022000000;48,815445164000003
119476;119477;08;2;22;000;2016;10;18;2;3;5;2;1;0;1;1;0;0;0;0;462162,036000000020000;5480772,530299999800000;8,477659471000001;49,478417681000003
119477;119478;08;2;22;000;2016;10;16;2;3;5;5;0;0;1;1;0;0;0;0;464210,811899999970000;5484753,972699999800000;8,505580377999999;49,514353034000003
119478;119479;08;3;11;000;2016;10;09;4;2;6;1;0;0;1;0;1;0;0;0;414149,143600000010000;5316291,733000000000000;7,849236773000000;47,994159304000000
119479;119480;08;2;26;084;2016;10;15;5;3;1;5;0;0;1;1;0;0;0;0;468937,732599999990000;5470622,127700000100000;8,571987813000000;49,387502533999999
119480;119481;08;2;15;017;2016;10;07;2;2;0;7;0;0;1;0;0;0;0;0;456332,070200000020000;5420901,678200000000000;8,403695244000000;48,939500148000000
119482;119483;08;2;22;000;2016;10;14;5;3;5;3;0;0;1;1;0;0;0;0;463827,441200000000000;5484738,873800000200000;8,500285792000000;49,514194474999996
119483;119484;08;1;16;019;2016;10;20;6;3;0;7;2;0;1;1;0;0;0;0;522697,056999999970000;5398524,001000000200000;9,308705120999999;48,739321404000002
119484;119485;08;2;16;043;2016;10;08;4;3;5;3;1;0;1;1;0;0;0;0;442193,409800000020000;5411046,805200000300000;8,212036884000000;48,849696641000001
119485;119486;08;2;21;000;2016;10;12;5;3;5;3;0;0;1;0;0;0;0;1;477003,443099999970000;5472850,537499999600000;8,682995502000001;49,407904770000002
119489;119490;08;2;15;099;2016;10;17;4;3;0;1;0;0;1;1;0;0;0;0;462623,753700000000000;5445002,842000000200000;8,487383212999999;49,156706651000000
119490;119491;08;2;16;043;2016;10;13;5;3;3;2;0;0;1;1;0;0;0;0;442113,029199999990000;5412721,223899999600000;8,210704550999999;48,864750520999998
119491;119492;08;1;15;054;2016;10;17;6;3;6;4;0;0;0;1;1;0;0;0;493105,074800000000000;5395686,560200000200000;8,906268184000000;48,714171028000003
119492;119493;08;3;36;081;2016;10;19;6;3;0;1;2;1;1;0;0;0;0;0;411097,138199999990000;5277600,518100000000000;7,816275361000000;47,645694034999998
119495;119496;08;3;35;079;2016;10;13;6;3;6;4;0;0;0;1;1;0;0;0;500891,533899999980000;5299988,499900000200000;9,011917814000000;47,853237856000000
119498;119499;08;3;11;000;2016;10;02;1;3;8;1;2;0;1;0;0;0;0;0;413561,619100000010000;5319107,077800000100000;7,840795722000000;48,019405114000001
119499;119500;08;2;15;009;2016;10;10;4;3;3;6;0;0;1;1;0;0;0;0;468766,927600000000000;5442674,487400000000000;8,571814895999999;49,136106065000000
119500;119501;08;1;36;028;2016;10;07;5;3;5;3;0;0;1;1;0;0;0;0;568150,449499999990000;5405330,092699999900000;9,927992725999999;48,797226711000000
119501;119502;08;4;26;021;2016;10;14;3;3;5;3;0;0;1;1;0;0;0;0;557805,903000000050000;5327713,419999999900000;9,776429923000000;48,100062794000003
119502;119503;08;1;15;024;2016;10;12;6;2;5;3;0;0;1;1;0;0;0;0;501737,312299999990000;5386192,455699999800000;9,023577710000000;48,628796524000002
119504;119505;08;3;35;063;2016;10;13;6;3;5;3;0;0;1;1;0;0;0;0;495140,226100000030000;5288850,178600000200000;8,935160542000000;47,753003143999997
119505;119506;08;1;35;016;2016;10;19;1;3;6;7;2;0;0;1;1;0;0;0;590443,979100000000000;5382236,797600000200000;10,226440181999999;48,586681585999997
119506;119507;08;3;35;043;2016;10;17;2;3;5;2;0;1;1;1;0;0;0;0;511865,635200000020000;5280414,228000000100000;9,158082171000000;47,677008950000001
119507;119508;08;3;27;050;2016;10;14;7;3;6;4;0;0;0;1;1;0;0;0;486775,568800000010000;5314575,261800000400000;8,822771706999999;47,984343447000001
119510;119511;08;3;16;009;2016;10;11;6;3;6;4;0;0;0;1;1;0;0;0;416990,700000000010000;5324421,535000000100000;7,885742448000000;48,067665648000002
119511;119512;08;1;11;000;2016;10;16;1;2;0;1;0;0;1;0;0;0;0;0;512743,928200000020000;5399465,269999999600000;9,173361563000000;48,748072172999997
119512;119513;08;4;35;029;2016;10;15;1;3;5;3;0;0;1;1;0;0;0;0;544317,607800000000000;5270763,580299999600000;9,589437486000000;47,588769149000001
119516;119517;08;1;36;065;2016;10;17;5;3;5;3;0;0;1;1;0;0;0;0;556831,381199999950000;5404121,526700000300000;9,773711921000000;48,787493294999997
119517;119518;08;4;26;120;2016;10;06;3;3;7;1;2;0;1;0;0;0;0;1;560794,876799999970000;5324281,797000000300000;9,816084206999999;48,068913189000000
119518;119519;08;1;18;048;2016;10;11;7;3;4;2;0;0;1;1;0;0;0;0;513199,574399999980000;5415866,055499999800000;9,180087707000000;48,895601712999998
119519;119520;08;3;11;000;2016;10;04;6;3;0;1;2;0;1;0;0;0;0;0;414110,617900000010000;5316409,898400000300000;7,848696826000000;47,995217072000003
119520;119521;08;1;27;014;2016;10;17;1;2;6;4;0;0;0;1;1;0;0;0;579093,147699999970000;5442525,933600000100000;10,084200531000000;49,130473000999999
119522;119523;08;3;35;075;2016;10;07;4;2;5;3;0;0;1;1;0;0;0;0;488168,041600000000000;5290163,601400000000000;8,842101654000000;47,764730458999999
119524;119525;08;2;12;000;2016;10;17;4;3;0;7;0;0;1;1;0;0;0;0;454031,294799999970000;5428446,002700000100000;8,371426457000000;49,007195537000001
119525;119526;08;1;36;088;2016;10;14;5;3;3;5;0;0;1;1;0;0;0;0;580723,682799999950000;5409763,343299999800000;10,100042061000000;48,835595097999999
119526;119527;08;2;12;000;2016;10;08;4;3;5;3;0;0;1;1;0;0;0;0;455493,303000000010000;5428404,253999999700000;8,391421253000001;49,006927173000001
119527;119528;08;1;36;088;2016;10;19;5;3;6;4;1;0;0;0;1;0;0;1;579474,225199999990000;5410046,616700000100000;10,083073521999999;48,838304127000001
119528;119529;08;4;15;061;2016;10;10;3;3;5;3;0;0;1;1;0;0;0;0;515841,954000000030000;5371271,400100000200000;9,214428132000000;48,494364859000001
119534;119535;08;4;37;100;2016;10;16;5;3;5;3;0;0;1;1;0;0;0;0;537128,108699999980000;5317492,667100000200000;9,497819322000000;48,009649990000000
119536;119537;08;4;36;081;2016;10;08;7;2;5;3;0;0;1;1;0;0;0;0;561620,835399999980000;5281563,461299999600000;9,821075592000000;47,684520562000003
119537;119538;08;2;21;000;2016;10;09;2;2;0;7;0;0;1;1;0;0;0;0;475422,548100000010000;5473899,120199999800000;8,661138541000000;49,417274777999999
119539;119540;08;1;17;026;2016;10;11;7;2;6;4;0;0;0;1;1;0;0;0;547989,554699999980000;5395457,111700000200000;9,652337040000001;48,710298350000002
119541;119542;08;2;22;000;2016;10;14;2;3;2;7;0;0;1;1;0;0;0;0;460894,295800000020000;5482850,764399999800000;8,459953961000000;49,497029914000002
119542;119543;08;4;26;021;2016;10;19;1;3;6;7;1;0;0;1;1;0;0;0;558628,346900000000000;5327714,192699999500000;9,787475752000001;48,099994582000001
119543;119544;08;2;31;000;2016;10;19;4;3;6;6;2;0;0;1;1;0;0;0;481370,192700000010000;5411593,247000000400000;8,746020503000000;48,857025225000001
119544;119545;08;1;27;014;2016;10;23;5;2;5;3;2;0;1;1;0;0;0;0;575552,036800000000000;5442318,963100000300000;10,035629090000000;49,129057105999998
119545;119546;08;4;36;049;2016;10;05;5;3;3;2;2;0;1;0;0;0;0;0;578251,638700000010000;5283093,035699999900000;10,042915572000000;47,696481380999998
119546;119547;08;2;35;006;2016;10;15;6;3;6;5;0;0;0;1;1;0;0;0;470732,892100000000000;5381369,370299999600000;8,603150272000001;48,584725517000003
119547;119548;08;2;12;000;2016;10;21;7;3;5;3;2;0;1;0;0;0;0;1;457418,627600000010000;5428705,790300000500000;8,417714804999999;49,009775380999997
119550;119551;08;1;18;010;2016;10;13;2;2;0;1;0;0;1;0;0;0;0;0;506839,758399999990000;5431987,474200000100000;9,093589084000000;49,040727279999999
119551;119552;08;4;35;016;2016;10;17;5;3;0;7;1;0;1;0;0;0;0;0;536875,388799999960000;5279367,292200000000000;9,491182597000000;47,666646473999997
119552;119553;08;3;11;000;2016;10;01;1;3;6;7;2;0;0;1;1;0;0;0;414113,917900000000000;5316371,607699999600000;7,848748714000000;47,994873075999998
119553;119554;08;1;18;048;2016;10;11;4;2;6;4;0;0;0;1;1;0;0;0;513824,323700000010000;5415450,194000000100000;9,188597322000000;48,891847108000000
119554;119555;08;2;25;058;2016;10;19;5;2;6;4;1;0;0;1;1;0;0;0;510834,211399999970000;5467276,313099999900000;9,149197223000000;49,358102786000003
119555;119556;08;4;15;061;2016;10;08;3;3;6;4;0;0;0;1;1;0;0;0;516498,171900000020000;5370259,438299999600000;9,223270304000000;48,485244008999999
119556;119557;08;1;35;016;2016;10;16;4;3;2;6;0;0;1;0;0;0;0;0;590083,929499999970000;5385952,673200000100000;10,222365329000001;48,620154767999999
119562;119563;08;2;22;000;2016;10;17;1;3;5;3;0;0;1;1;0;0;0;0;461237,198600000000000;5482203,228199999800000;8,464752713999999;49,491227690000002
119564;119565;08;1;19;008;2016;10;18;5;3;4;2;1;0;1;1;0;0;0;0;531026,473600000030000;5421512,094300000000000;9,423732550000000;48,945754348999998
119566;119567;08;1;17;049;2016;10;13;7;3;5;3;0;1;1;1;0;0;0;0;556159,993800000050000;5391687,359299999700000;9,762878333000000;48,675705999999998
119567;119568;08;2;36;071;2016;10;17;6;3;5;3;0;0;1;1;0;0;0;0;469026,650000000020000;5421415,878800000100000;8,577000260000000;48,944891509000001
119569;119570;08;2;15;017;2016;10;06;2;3;6;4;2;0;0;1;1;0;0;0;456844,085599999990000;5420863,031899999800000;8,410690743000000;48,939188448000003
119570;119571;08;4;36;082;2016;10;13;4;2;1;2;0;0;1;1;0;0;0;0;547734,856400000050000;5296400,841799999600000;9,637692203000000;47,819187559000000
119573;119574;08;2;26;056;2016;10;12;6;3;6;4;0;0;0;1;1;0;0;0;485231,676600000010000;5471359,677199999800000;8,796475080000000;49,394749908999998
119576;119577;08;2;26;085;2016;10;20;7;2;8;7;2;0;1;0;0;0;0;0;491989,294999999980000;5454498,377500000400000;8,889941269000000;49,243207249999998
119577;119578;08;4;21;000;2016;10;22;5;2;5;3;2;0;1;1;0;0;0;0;572087,411599999990000;5361928,637000000100000;9,974057490000000;48,406389632000000
119581;119582;08;1;16;078;2016;10;11;7;2;5;2;0;0;1;1;0;0;0;0;512154,728899999990000;5390673,728199999800000;9,165087534000000;48,668994923000000
119584;119585;08;2;25;014;2016;10;17;2;3;5;3;0;0;1;1;0;0;0;0;522755,056800000020000;5485513,151100000400000;9,314403462000000;49,521810938000002
119586;119587;08;3;11;000;2016;10;07;4;3;0;7;0;0;1;1;0;0;0;0;410070,126300000000000;5314842,176000000000000;7,794876622000000;47,980559538999998
119588;119589;08;4;21;000;2016;10;12;5;3;1;5;0;0;1;1;0;0;0;0;571869,363099999960000;5360935,478900000500000;9,970941567000001;48,397480817999998
119589;119590;08;4;15;061;2016;10;12;5;3;5;2;0;0;1;1;0;0;0;0;515120,675300000000000;5371688,994300000400000;9,204680481000001;48,498139455000000
119591;119592;08;1;16;019;2016;10;08;5;3;5;2;0;0;1;1;0;0;0;0;523363,275199999970000;5396596,115399999500000;9,317657017000000;48,721953706999997
119595;119596;08;4;15;061;2016;10;14;1;3;4;2;0;0;1;1;0;0;0;0;515916,015000000010000;5370394,758999999600000;9,215397169999999;48,486476414999998
119596;119597;08;1;16;049;2016;10;13;5;3;5;3;0;0;1;1;0;0;0;0;525669,771199999960000;5387219,012500000200000;9,348434239000000;48,637507018000001
119597;119598;08;3;37;126;2016;10;16;5;3;6;4;0;0;0;0;1;0;0;1;445468,282000000010000;5275885,695000000300000;8,274084488000000;47,634074722999998
119598;119599;08;2;21;000;2016;10;07;6;3;5;3;1;0;1;1;0;0;0;0;476130,636899999980000;5472692,176000000000000;8,670973708000000;49,406446725000002
119599;119600;08;2;26;032;2016;10;06;7;3;5;2;2;0;1;1;0;0;0;0;466403,364999999990000;5464095,933000000200000;8,537618144000000;49,328666413999997
119600;119601;08;2;16;015;2016;10;08;6;3;0;7;0;0;1;0;0;0;0;0;449731,793899999990000;5405620,103799999700000;8,315449760000000;48,801538575999999
119605;119606;08;1;36;065;2016;10;07;2;2;6;2;1;0;0;1;1;0;0;0;560050,831499999970000;5405730,375000000000000;9,817772708000000;48,801662385999997
119606;119607;08;3;11;000;2016;10;05;1;3;0;1;2;0;1;0;0;0;0;0;412337,750500000020000;5314366,329199999600000;7,825354790000000;47,976593909000002
119613;119614;08;3;35;075;2016;10;16;5;3;8;6;0;0;1;1;0;0;0;0;487792,843899999980000;5290148,392400000200000;8,837095060999999;47,764586618000003
119618;119619;08;3;35;043;2016;10;07;5;3;0;6;0;0;1;0;0;0;0;0;513628,879200000020000;5279963,445399999600000;9,181559139000001;47,672918195999998
119620;119621;08;1;18;046;2016;10;17;4;3;0;7;0;0;1;0;0;0;0;0;513289,993800000000000;5410912,569000000100000;9,181160373000001;48,851039354000001
119622;119623;08;3;17;096;2016;10;17;3;3;6;4;0;0;0;1;1;0;0;0;422235,407799999990000;5368735,599899999800000;7,947980900000000;48,466943250999996
119623;119624;08;1;15;003;2016;10;13;7;3;5;3;0;0;1;0;0;0;0;0;500807,138099999980000;5392001,519500000400000;9,010965298000000;48,681057670000001
119625;119626;08;1;18;048;2016;10;14;1;3;2;7;0;0;1;1;0;0;0;0;513571,702700000020000;5415611,749200000400000;9,185156343999999;48,893306000999999
119628;119629;08;1;18;080;2016;10;08;4;2;0;1;0;0;1;0;0;0;0;0;507112,375799999980000;5411355,871000000300000;9,096959067000000;48,855128786000002
119629;119630;08;4;35;030;2016;10;16;4;3;0;1;0;0;1;0;0;0;0;0;540645,593800000030000;5271769,951899999800000;9,540694206000000;47,598064463000000
119630;119631;08;3;17;096;2016;10;18;3;3;0;7;0;0;1;0;0;0;0;0;422735,796900000020000;5373704,965400000100000;7,953829977000000;48,511703957000002
119632;119633;08;2;12;000;2016;10;13;6;3;5;3;0;0;1;1;0;0;0;0;460435,414999999980000;5431023,149000000200000;8,458740309000000;49,030821246000002
119634;119635;08;2;16;022;2016;10;07;6;2;3;6;1;0;1;0;0;0;0;1;434573,854700000030000;5404975,624800000300000;8,109155324000000;48,794330995999999
119636;119637;08;3;16;011;2016;10;12;4;2;5;3;0;0;1;1;0;0;0;0;415009,777000000000000;5330049,166000000200000;7,858036921000000;48,118026708999999
119637;119638;08;4;25;081;2016;10;17;4;2;6;3;0;0;0;1;1;0;0;0;547777,450100000020000;5341655,933799999800000;9,643307286000001;48,226325820000000