FID;OBJECTID;ULAND;UREGBEZ;UKREIS;UGEMEINDE;UJAHR;UMONAT;USTUNDE;UWOCHENTAG;UKATEGORIE;UART;UTYP1;ULICHTVERH;IstStrasse;IstRad;IstPKW;IstFuss;IstKrad;IstGkfz;IstSonstig;LINREFX;LINREFY;XGCSWGS84;YGCSWGS84
119638;119639;08;3;35;075;2016;10;12;5;1;6;4;0;0;0;0;1;0;0;1;488115,369599999980000;5289604,615600000100000;8,841414030999999;47,759700000000002
119639;119640;08;4;16;041;2016;10;22;4;3;0;1;2;0;1;0;0;0;0;0;504847,661700000000000;5373599,979199999900000;9,065642594000000;48,515494680000003
119645;119646;08;3;26;074;2016;10;14;5;3;0;1;0;0;1;0;0;0;0;0;459320,056800000020000;5322736,468399999700000;8,454061168000001;48,056610800000001
119646;119647;08;2;22;000;2016;10;16;2;3;3;6;0;0;1;1;0;0;0;0;460966,719400000000000;5482367,636400000200000;8,461001800000000;49,492689110999997
119647;119648;08;4;35;016;2016;10;00;1;2;0;7;2;0;1;0;0;0;0;0;535148,172000000020000;5277596,635999999900000;9,468034363999999;47,650811310000002
119649;119650;08;3;35;075;2016;10;18;4;3;0;1;1;0;1;0;0;0;0;0;487896,465800000010000;5290112,273900000400000;8,838478899000000;47,764263595000003
119651;119652;08;2;15;046;2016;10;19;7;2;0;7;2;0;1;0;0;0;0;0;451018,577400000010000;5414596,099399999700000;8,331898766000000;48,882382655999997
119652;119653;08;1;15;045;2016;10;14;6;2;5;3;0;0;1;1;0;0;0;0;500613,359000000000000;5394228,145499999600000;9,008336036999999;48,701088841999997
119653;119654;08;4;16;011;2016;10;16;7;2;8;1;0;0;1;0;0;0;0;0;504503,600800000010000;5366456,659099999800000;9,060906648000000;48,451232918999999
119654;119655;08;1;36;042;2016;10;16;2;2;0;7;0;0;1;0;0;0;1;0;548296,763500000000000;5404848,968600000300000;9,657614423000000;48,794758256999998
119655;119656;08;3;16;056;2016;10;22;5;2;0;1;2;0;1;0;0;0;0;0;423487,757300000000000;5328562,401100000400000;7,972197197000000;48,105727797999997
119658;119659;08;3;17;065;2016;10;19;3;3;0;1;1;0;1;0;0;0;0;0;414722,533200000010000;5354637,805400000000000;7,849229645000000;48,339163564000003
119659;119660;08;3;35;035;2016;10;07;2;3;9;6;1;1;1;1;0;0;0;0;483905,993900000000000;5289799,728299999600000;8,785238151000000;47,761364174000001
119660;119661;08;1;11;000;2016;10;13;7;3;5;3;0;0;1;1;0;0;0;0;507684,091000000010000;5397645,633000000400000;9,104496473999999;48,731785690999999
119662;119663;08;3;25;049;2016;10;10;7;3;6;4;0;0;0;1;1;0;0;0;472172,235200000000000;5335178,006000000100000;8,625725155000000;48,169235104000002
119664;119665;08;4;16;041;2016;10;11;3;2;0;7;0;1;1;0;0;0;0;1;504985,326000000000000;5375825,687400000200000;9,067533332000000;48,535516862000001
119665;119666;08;3;16;056;2016;10;10;4;3;6;4;0;0;0;1;1;0;0;0;422850,498399999980000;5327540,847900000400000;7,963822938000000;48,096461486999999
119667;119668;08;2;12;000;2016;10;13;2;3;6;4;0;1;0;0;1;0;0;1;456889,503600000000000;5428146,243200000400000;8,410539037000000;49,004705444000003
119668;119669;08;2;22;000;2016;10;04;1;3;1;5;2;1;1;1;0;0;0;0;462284,309000000010000;5482790,600999999800000;8,479154803000000;49,496576789999999
119669;119670;08;4;36;082;2016;10;18;6;3;0;7;2;0;0;0;1;1;0;0;547599,328899999960000;5294429,621299999800000;9,635665338000001;47,801462665999999
119672;119673;08;4;15;059;2016;10;15;3;3;6;2;0;0;0;1;1;0;0;0;516849,323900000020000;5367974,152800000300000;9,227930308000000;48,464675421999999
119675;119676;08;4;15;014;2016;10;06;3;3;6;4;2;1;0;0;1;1;0;0;525587,341299999970000;5375052,158800000300000;9,346566266000000;48,528056092999996
119676;119677;08;3;16;053;2016;10;08;4;3;5;3;0;0;1;1;0;0;0;0;404457,804400000020000;5342162,611999999700000;7,713568508000000;48,225486877000002
119677;119678;08;1;18;079;2016;10;16;6;3;8;2;0;0;1;0;0;0;0;0;509303,896699999980000;5423207,808199999900000;9,127104918000001;48,961716713999998
119678;119679;08;3;37;126;2016;10;13;3;3;6;7;0;0;0;0;1;0;0;1;441086,555300000010000;5274654,733799999600000;8,215926890000000;47,622615973000002
119679;119680;08;3;15;074;2016;10;07;4;3;5;3;1;1;1;1;0;0;0;0;397286,723699999970000;5296305,502600000200000;7,628030487000000;47,811901847000001
119680;119681;08;1;11;000;2016;10;19;3;2;6;2;2;1;0;1;1;0;0;0;515129,737700000000000;5409830,174499999700000;9,206198400000000;48,841260220000002
119682;119683;08;2;26;096;2016;10;15;2;3;5;3;0;1;1;1;0;0;0;0;476153,913000000000000;5488328,899400000500000;8,670351889000001;49,547095612000000
119683;119684;08;2;22;000;2016;10;16;1;3;6;4;0;0;0;1;1;0;0;0;461542,659199999990000;5483000,103500000200000;8,468892853000000;49,498414586999999
119688;119689;08;3;11;000;2016;10;11;4;3;6;4;0;0;0;1;1;0;0;0;414770,775100000030000;5320765,731100000400000;7,856678079000000;48,034487747000000
119692;119693;08;2;12;000;2016;10;19;2;3;5;3;1;1;1;1;0;0;0;0;461867,943600000000000;5427885,803500000400000;8,478631846000001;49,002690393999998
119696;119697;08;2;22;000;2016;10;17;1;3;6;5;0;0;0;1;1;0;0;0;461230,318600000000000;5481219,775200000000000;8,464754162000000;49,482381619999998
119702;119703;08;1;16;078;2016;10;08;5;2;0;1;0;1;1;0;0;0;0;0;509574,014000000020000;5393508,502999999600000;9,130101608000000;48,694541718000004
119703;119704;08;3;11;000;2016;10;14;7;3;0;7;0;0;1;0;0;0;0;1;414076,997500000000000;5315920,575299999700000;7,848344214000000;47,990810908000000
119708;119709;08;3;11;000;2016;10;20;4;3;3;2;2;0;1;1;0;0;0;0;414614,772100000000000;5317484,378100000300000;7,855239517000000;48,004949961999998
119709;119710;08;4;26;062;2016;10;00;1;3;6;4;2;0;0;1;1;0;0;0;553145,443300000040000;5320792,683799999800000;9,712976874000001;48,038207090000000
119710;119711;08;3;16;056;2016;10;06;3;3;3;2;1;1;1;1;0;0;0;0;423484,412799999990000;5328209,810999999800000;7,972215517000000;48,102555645999999
119712;119713;08;1;16;019;2016;10;15;6;3;5;3;0;0;1;1;0;0;0;0;521159,484000000000000;5398087,518400000400000;9,287770297000000;48,735448968000000
119713;119714;08;3;35;043;2016;10;08;6;3;2;6;0;0;1;0;0;0;0;1;513435,285299999990000;5279918,781200000100000;9,178978788000000;47,672520374000001
119715;119716;08;2;15;059;2016;10;15;7;3;6;6;0;0;0;1;1;0;0;0;483154,468100000000000;5437496,747499999600000;8,769272422000000;49,090093388000000
119716;119717;08;1;16;019;2016;10;13;6;3;5;3;0;0;1;0;0;0;0;1;521850,467799999980000;5398686,684600000300000;9,297199363000001;48,740815159999997
119717;119718;08;3;16;009;2016;10;08;3;3;0;3;0;1;1;1;0;0;0;0;418218,212999999990000;5324426,177000000100000;7,902215660000000;48,067865994999998
119718;119719;08;3;36;050;2016;10;07;4;2;5;3;1;0;1;0;0;0;0;0;399593,617800000010000;5272231,069500000200000;7,664379653000000;47,595711711000000
119719;119720;08;1;11;000;2016;10;18;3;2;6;4;1;0;1;0;1;0;0;0;507628,745000000000000;5396154,809999999600000;9,103716240000001;48,718374877999999
119721;119722;08;2;21;000;2016;10;18;1;3;6;7;1;0;0;1;1;0;0;0;478517,254299999970000;5467690,355299999900000;8,704141706000000;49,361544803999998
119724;119725;08;1;11;000;2016;10;00;3;3;0;1;2;1;1;0;0;0;0;0;511362,339900000020000;5400939,282599999600000;9,154607936000000;48,761359083999999
119728;119729;08;1;11;000;2016;10;19;5;3;5;3;2;0;1;1;0;0;0;0;512361,472899999990000;5401412,504999999900000;9,168217347000001;48,765597128000003
119730;119731;08;3;16;017;2016;10;17;3;3;0;6;0;0;1;1;0;0;0;0;408774,199900000010000;5341489,725999999800000;7,771817404000000;48,220069944000002
119735;119736;08;1;35;020;2016;10;11;2;3;5;3;0;0;1;1;0;0;0;0;586085,180700000030000;5386437,182099999900000;10,168218187000001;48,625075655000003
119737;119738;08;3;17;057;2016;10;09;6;3;6;7;0;1;0;1;1;0;0;0;412729,617700000000000;5381163,491700000100000;7,816810115000000;48,577478151000001
119739;119740;08;4;36;083;2016;10;19;4;3;0;1;2;0;1;0;0;0;0;0;529408,505000000000000;5302125,697999999900000;9,393266572000000;47,871794229000002
119741;119742;08;2;37;004;2016;10;16;4;3;8;1;0;0;0;1;1;0;0;0;453963,119000000010000;5372970,174999999800000;8,376699228000000;48,508159958999997
119742;119743;08;4;26;021;2016;10;17;4;2;5;3;0;0;1;1;0;0;0;0;559727,312500000000000;5329258,754599999600000;9,802451472000000;48,113787580000000
119745;119746;08;1;15;021;2016;10;07;6;3;0;1;1;1;1;0;0;0;0;0;490138,460399999980000;5382379,081299999700000;8,866256201000001;48,594415296999998
119746;119747;08;3;11;000;2016;10;00;3;3;0;7;2;1;1;0;0;1;0;0;413965,945499999970000;5317225,889100000300000;7,846594356000000;48,002537754999999
119747;119748;08;2;35;046;2016;10;19;4;2;6;2;2;0;0;1;1;0;0;0;479075,346499999990000;5376863,948099999700000;8,716495352999999;48,544528163000003
119748;119749;08;1;25;079;2016;10;09;5;3;6;4;0;1;0;0;1;0;1;0;511973,889299999980000;5454265,977400000200000;9,164501609000000;49,241052060999998
119749;119750;08;2;12;000;2016;10;22;7;3;1;7;2;0;1;1;0;0;0;0;457204,245700000030000;5428467,035400000400000;8,414808538000001;49,007612918000000
119750;119751;08;2;22;000;2016;10;07;2;3;6;5;2;1;0;1;1;0;0;0;462143,226000000020000;5482876,863900000200000;8,477198298999999;49,497343891000000
119755;119756;08;1;16;019;2016;10;06;5;2;4;2;2;1;1;1;0;0;0;0;524948,081699999980000;5397043,778300000400000;9,339231420999999;48,725919417000000
119756;119757;08;1;11;000;2016;10;16;6;3;6;4;0;0;0;1;1;0;0;0;514165,974200000000000;5403503,190499999600000;9,192845241000001;48,784366306999999
119757;119758;08;1;18;079;2016;10;14;5;3;6;4;0;1;0;1;1;0;0;0;509903,803599999980000;5422768,480999999700000;9,135289817000000;48,957755358000000
119761;119762;08;3;37;096;2016;10;20;1;3;6;7;2;1;0;1;1;0;0;0;419963,259399999980000;5268107,431599999800000;7,936037169000000;47,561448992999999
119762;119763;08;3;11;000;2016;10;11;3;3;2;1;0;0;1;1;0;0;0;0;414577,840299999980000;5315648,137299999600000;7,855110003000000;47,988427317999999
119764;119765;08;4;36;081;2016;10;07;2;3;3;6;0;0;1;1;0;0;0;0;562359,481299999980000;5281585,131400000300000;9,830919819000000;47,684644675999998
119766;119767;08;1;17;019;2016;10;18;1;3;5;2;1;0;1;1;0;0;0;0;552007,839000000040000;5394428,876000000200000;9,706825118999999;48,700726781000000
119769;119770;08;4;17;025;2016;10;16;4;3;6;4;0;0;0;1;1;0;0;0;485972,423200000020000;5358953,592000000200000;8,810542665000000;48,383591473000003
119770;119771;08;2;21;000;2016;10;20;7;3;5;3;2;1;1;0;0;0;0;0;474378,017799999970000;5472352,757799999800000;8,646837163000001;49,403322455000001
119773;119774;08;3;11;000;2016;10;18;6;3;5;3;0;0;1;1;0;0;0;0;409800,929799999980000;5317037,488199999600000;7,790808746000000;48,000268904000002
119777;119778;08;2;26;062;2016;10;20;4;3;7;7;2;1;1;0;0;0;0;1;470392,202700000020000;5467997,669900000100000;8,592223994999999;49,363968515000003
119778;119779;08;4;36;081;2016;10;19;2;3;3;6;2;1;1;0;0;0;0;0;556964,769899999960000;5276246,370400000400000;9,758347908999999;47,637110212000003
119779;119780;08;3;36;091;2016;10;15;2;3;5;3;0;0;1;1;0;0;0;0;397403,911299999980000;5272144,840099999700000;7,635280458000000;47,594593250000003
119781;119782;08;2;12;000;2016;10;12;6;3;0;7;0;0;1;1;0;0;0;0;455875,873299999980000;5426859,019999999600000;8,396820037000000;48,993055083000002
119786;119787;08;2;12;000;2016;10;22;3;3;0;2;2;1;1;1;0;0;0;0;456537,852000000010000;5426820,884999999800000;8,405872899000000;48,992759006000000
119788;119789;08;1;15;029;2016;10;06;5;2;6;4;2;1;0;1;1;0;0;0;496723,728899999990000;5399103,729000000300000;8,955434142000000;48,744941523999998
119790;119791;08;2;21;000;2016;10;16;4;3;5;3;0;0;1;1;0;0;0;0;476680,576799999980000;5470052,434000000400000;8,678709118000000;49,382723945000002
119791;119792;08;4;35;016;2016;10;20;2;3;5;3;2;1;1;1;0;0;0;0;536519,861999999960000;5278554,177400000400000;9,486379172000000;47,659350734999997
119795;119796;08;2;12;000;2016;10;14;6;3;0;7;0;0;1;0;0;0;0;0;455799,424799999980000;5433564,230399999800000;8,395044393999999;49,053363511000001
119797;119798;08;2;22;000;2016;10;07;3;3;3;5;1;0;1;1;0;0;0;0;461733,188100000030000;5480936,232800000300000;8,471723793000001;49,479863217000002
119798;119799;08;2;21;000;2016;10;17;4;3;6;4;0;0;1;0;1;0;0;0;478399,493100000020000;5473014,616600000300000;8,702230658000000;49,409431794000000
119801;119802;08;2;12;000;2016;10;15;7;3;0;1;0;1;1;0;0;0;0;0;455932,150000000020000;5428731,233000000000000;8,397386146000001;49,009899875999999
119802;119803;08;2;12;000;2016;10;15;2;3;5;3;0;0;1;1;0;0;0;0;454621,156699999990000;5429114,256900000400000;8,379416992000000;49,013250186999997
119806;119807;08;2;12;000;2016;10;09;6;3;6;4;0;0;0;1;1;0;0;0;453167,878499999990000;5428822,198099999700000;8,359577516000000;49,010514512000000
119809;119810;08;3;37;116;2016;10;06;5;3;6;4;2;0;1;0;1;0;0;0;417400,729999999980000;5276305,147500000000000;7,900434496000000;47,634875962000002
119810;119811;08;2;26;098;2016;10;08;6;3;0;7;0;0;1;1;0;0;0;0;477894,601599999990000;5460240,892099999800000;8,695979599999999;49,294514796999998
119811;119812;08;1;17;053;2016;10;06;5;3;6;7;2;1;0;1;1;0;0;0;550376,688199999980000;5400887,051099999800000;9,685447444999999;48,758954488999997
119812;119813;08;1;18;067;2016;10;23;7;3;0;7;2;0;1;0;0;0;0;0;506272,543999999990000;5413136,921500000200000;9,085537420000000;48,871159857000002
119814;119815;08;3;16;011;2016;10;10;1;3;5;2;0;0;1;1;0;0;0;0;414641,598999999990000;5329486,598600000100000;7,853203587000000;48,112917044000000
119816;119817;08;2;22;000;2016;10;18;3;3;0;7;1;0;0;0;1;0;0;1;462375,140599999980000;5482924,026100000400000;8,480396407000001;49,497782518999998
119817;119818;08;2;12;000;2016;10;09;4;3;5;3;0;1;1;1;0;0;0;0;456536,264599999990000;5427709,366299999900000;8,405756137999999;49,000750904999997
119818;119819;08;4;35;016;2016;10;12;2;3;6;4;0;0;0;0;1;1;0;0;537688,703699999950000;5277646,888399999600000;9,501867216999999;47,651120462000002
119821;119822;08;3;35;043;2016;10;19;5;3;0;1;1;0;1;0;0;0;0;0;512744,681999999970000;5278991,203599999700000;9,169751862000000;47,664188318999997
119822;119823;08;2;22;000;2016;10;14;6;2;6;4;0;1;0;1;1;0;0;0;465448,909400000000000;5475772,464100000400000;8,523468176000000;49,433640118000000
119824;119825;08;1;28;007;2016;10;16;7;3;6;4;0;0;0;1;1;0;0;0;556006,065199999950000;5482338,354299999800000;9,773346782000001;49,491096429000002
119828;119829;08;4;26;134;2016;10;17;2;2;5;3;0;0;1;0;0;0;0;0;561589,334700000010000;5337751,902900000100000;9,828694893000000;48,190014615999999
119832;119833;08;1;18;048;2016;10;07;2;3;1;3;2;1;1;1;0;0;0;0;515965,553699999990000;5415897,819500000200000;9,217826183000000;48,895822348000003
119833;119834;08;4;15;029;2016;10;11;4;2;6;7;0;0;0;0;1;0;0;1;522496,355900000020000;5379804,643100000000000;9,304958045999999;48,570928789000000
119834;119835;08;2;15;102;2016;10;12;3;3;0;7;0;0;1;0;0;0;0;0;456674,130799999980000;5438156,969100000300000;8,406523533000000;49,094737406000000
119835;119836;08;1;18;050;2016;10;07;4;3;4;6;0;0;1;1;0;0;0;0;505984,911399999980000;5416320,158599999700000;9,081661649000001;48,899798423000000
119837;119838;08;2;21;000;2016;10;08;6;2;5;2;0;0;1;0;0;0;0;1;476621,553699999990000;5474464,341000000000000;8,677636240000000;49,422406097000000
119841;119842;08;3;17;057;2016;10;15;5;3;5;3;0;0;1;0;0;0;0;0;412785,126999999980000;5380218,684999999600000;7,817760693000000;48,568987942000000
119842;119843;08;2;15;096;2016;10;17;3;3;6;7;0;1;0;1;1;0;0;0;463731,080100000020000;5418344,801300000400000;8,504955047999999;48,916978102000002
119845;119846;08;2;12;000;2016;10;08;5;3;5;3;0;1;1;1;0;0;0;0;457250,304000000000000;5427778,103099999900000;8,415510839000000;49,001419067000000
119847;119848;08;4;16;041;2016;10;11;7;3;0;7;0;0;1;0;0;0;0;1;504440,898099999990000;5373201,980100000300000;9,060130340000001;48,511917140000001
119848;119849;08;2;16;007;2016;10;15;6;3;0;2;0;0;1;1;0;0;0;0;436384,382199999990000;5394236,012099999900000;8,135463302000000;48,697916198999998
119853;119854;08;3;16;009;2016;10;07;5;3;3;2;0;0;1;1;0;0;0;0;417412,329199999980000;5324735,654600000000000;7,891340303000000;48,070546016000002
119856;119857;08;1;16;078;2016;10;08;4;3;4;2;0;0;1;1;0;0;0;0;510349,420800000020000;5394520,608699999700000;9,140663972000001;48,703634301999998
119857;119858;08;4;21;000;2016;10;16;2;3;0;1;0;0;1;0;0;0;0;0;571181,480199999990000;5360588,105499999600000;9,961590876000001;48,394434132999997
119858;119859;08;1;28;007;2016;10;10;5;3;6;4;0;1;0;1;1;0;0;0;555739,313599999990000;5482286,386199999600000;9,769656426999999;49,490653590000001
119859;119860;08;2;22;000;2016;10;16;2;2;6;7;0;1;0;1;1;0;0;0;462947,244000000010000;5485689,788999999900000;8,488037328000001;49,522694274000003
119860;119861;08;2;12;000;2016;10;18;6;3;6;7;2;1;0;1;1;0;0;0;461342,580800000000000;5427598,566700000300000;8,471476378000000;49,000073952000001
119862;119863;08;3;11;000;2016;10;07;5;3;5;3;1;0;1;1;0;0;0;0;410278,211000000010000;5316463,292999999600000;7,797325682000000;47,995171065999997
119865;119866;08;1;19;076;2016;10;14;7;3;4;6;0;0;1;1;0;0;0;0;542457,075599999980000;5406353,550499999900000;9,578260638000000;48,808718882000001
119872;119873;08;2;22;000;2016;10;00;1;3;1;5;2;0;1;1;0;0;0;0;463088,837000000000000;5481296,527700000400000;8,490404205000001;49,483187844000000
119873;119874;08;1;19;020;2016;10;11;3;3;0;1;0;1;1;0;0;0;0;0;520103,012400000010000;5406280,323699999600000;9,273802855000000;48,809185370999998
119875;119876;08;3;11;000;2016;10;17;5;2;5;3;0;0;1;1;0;0;0;0;414268,878900000010000;5316907,575299999700000;7,850718359000000;47,999715105000000
119877;119878;08;1;28;007;2016;10;18;6;3;6;4;2;0;0;1;1;0;0;0;556056,033999999990000;5482804,631000000100000;9,774102836000001;49,495285518000003
119880;119881;08;1;19;079;2016;10;11;3;3;6;4;0;0;0;1;1;0;0;0;523108,538999999990000;5408471,316300000100000;9,314860919999999;48,828790527000002
119881;119882;08;1;11;000;2016;10;07;4;3;5;3;1;1;1;1;0;0;0;0;507786,067500000000000;5398449,650899999800000;9,105898447000000;48,739017382999997
119882;119883;08;4;21;000;2016;10;17;2;3;8;1;0;0;1;0;0;0;0;0;569737,564699999990000;5357400,990600000100000;9,941558884000001;48,365926205000001
119883;119884;08;3;36;050;2016;10;14;5;3;2;7;0;0;1;1;0;0;0;0;401204,909999999970000;5276079,495400000400000;7,684939666000000;47,630577467999998
119884;119885;08;1;18;048;2016;10;06;3;3;5;3;2;1;1;1;0;0;0;0;514874,804100000010000;5415365,040900000400000;9,202925233000000;48,891056765999998
119886;119887;08;4;21;000;2016;10;19;2;3;6;4;2;1;1;0;1;0;0;0;572960,790999999970000;5361096,754999999900000;9,985712328000000;48,398806168999997
119888;119889;08;2;25;074;2016;10;19;6;2;6;7;2;1;0;1;1;0;0;0;506803,383600000000000;5466924,864699999800000;9,093683050999999;49,354999806000002
119889;119890;08;1;16;080;2016;10;14;2;3;6;4;0;1;0;1;1;0;0;0;520046,851800000000000;5395863,485000000300000;9,272530486999999;48,715478480000002
119891;119892;08;2;12;000;2016;10;09;5;3;2;6;0;0;1;1;0;0;0;0;455282,169600000020000;5428750,811099999600000;8,388496240000000;49,010029222999997
119892;119893;08;1;17;026;2016;10;19;3;3;5;2;2;1;1;1;0;0;0;0;549770,615699999970000;5394511,322800000200000;9,676431794000001;48,701650942999997
119894;119895;08;3;36;091;2016;10;13;2;3;5;3;0;1;1;1;0;0;0;0;396777,667200000030000;5271927,407100000400000;7,627003871000000;47,592537991999997
119899;119900;08;2;15;017;2016;10;07;2;3;5;3;1;1;1;1;0;0;0;0;456581,134800000000000;5421615,883399999700000;8,407020030000000;48,945942115000001
119901;119902;08;1;19;041;2016;10;15;6;3;2;6;0;1;1;1;0;0;0;0;525924,090199999980000;5409813,809399999700000;9,353307858999999;48,840756042999999
119902;119903;08;3;17;096;2016;10;18;4;3;5;2;1;1;1;1;0;0;0;0;421728,139599999990000;5368785,842400000400000;7,941110261000000;48,467332251999999
119908;119909;08;1;15;003;2016;10;12;7;2;5;2;0;0;1;1;0;0;0;0;500794,014399999990000;5391688,476099999600000;9,010786405999999;48,678241511000003
119912;119913;08;2;26;095;2016;10;10;5;2;0;1;0;1;1;0;0;0;0;0;473887,433599999990000;5462062,799700000300000;8,640750075000000;49,310744663999998
119915;119916;08;2;22;000;2016;10;12;5;3;5;3;0;1;1;1;0;0;0;0;461746,417100000020000;5483032,868999999900000;8,471703510999999;49,498722178999998
119918;119919;08;1;15;045;2016;10;17;2;2;6;7;0;0;0;1;1;0;0;0;500004,227599999980000;5394949,643400000400000;9,000057463999999;48,707579797000001
119919;119920;08;1;18;073;2016;10;15;6;3;0;7;0;0;1;0;0;0;0;0;497492,341900000000000;5419698,801599999900000;8,965763260999999;48,930215681000000
119924;119925;08;1;18;048;2016;10;06;4;2;6;2;2;0;0;1;1;0;0;0;513433,918400000020000;5416051,903900000300000;9,183291062000000;48,897268519000001
119925;119926;08;3;11;000;2016;10;15;1;3;9;5;0;0;1;1;0;0;0;0;414841,749499999980000;5315923,864000000100000;7,858591682000000;47,990942791000002
119928;119929;08;1;18;048;2016;10;17;7;3;4;2;0;0;1;1;0;0;0;0;510745,393300000000000;5418560,756600000000000;9,146675274000000;48,919889947999998
119930;119931;08;2;15;103;2016;10;16;5;3;5;3;0;0;1;1;0;0;0;0;466590,692300000000000;5443311,873100000400000;8,541928259000001;49,141724926999999
119932;119933;08;1;11;000;2016;10;12;4;3;0;7;0;0;1;0;0;0;0;0;513169,791000000030000;5402963,167100000200000;9,179266698999999;48,779530195000000
119933;119934;08;2;26;058;2016;10;09;2;2;6;7;0;0;0;0;1;0;0;1;491460,726000000020000;5462605,425200000400000;8,882506188000001;49,316124291999998
119937;119938;08;2;15;017;2016;10;07;5;3;0;3;1;0;1;1;0;0;0;0;454864,614000000000000;5421831,498999999800000;8,383554670000001;48,947758726000004
119938;119939;08;1;18;048;2016;10;18;7;3;6;7;2;0;0;1;1;0;0;0;515152,049600000030000;5416360,472500000100000;9,206744372999999;48,900004674000002
119939;119940;08;2;22;000;2016;10;08;3;2;5;3;0;1;1;1;0;0;0;0;462066,935899999980000;5479295,532499999700000;8,476488304000000;49,465126886000000
119940;119941;08;2;12;000;2016;10;09;5;3;3;6;0;0;1;1;0;0;0;0;453195,878299999980000;5426034,411700000100000;8,360281605999999;48,985440336000003
119942;119943;08;2;21;000;2016;10;09;3;3;5;3;0;1;1;1;0;0;0;0;475654,242800000010000;5473094,841199999700000;8,664382300000000;49,410049755000003
119943;119944;08;1;36;088;2016;10;14;5;3;5;3;0;0;1;1;0;0;0;0;579931,684899999990000;5409491,959499999900000;10,089198432000000;48,833256673000001
119945;119946;08;1;11;000;2016;10;16;6;2;6;2;0;0;0;1;1;0;0;0;515382,481000000030000;5406623,749300000300000;9,209522648000000;48,812409559000002
119946;119947;08;4;36;082;2016;10;20;3;3;5;3;2;1;1;1;0;0;0;0;548049,206699999980000;5296168,488300000300000;9,641865584000000;47,817073692999998
119948;119949;08;2;12;000;2016;10;15;1;2;5;3;0;0;1;0;0;0;0;0;453780,082799999970000;5430863,678600000200000;8,367716212000000;49,028923865000003
119950;119951;08;1;11;000;2016;10;10;6;3;6;4;0;0;0;1;1;0;0;0;512539,131999999980000;5403305,848000000200000;9,170692686000001;48,782625957000000
119951;119952;08;2;26;098;2016;10;17;3;2;6;4;0;0;0;1;1;0;0;0;477283,667699999990000;5460505,075299999700000;8,687562401999999;49,296868719999999
119952;119953;08;1;35;016;2016;10;11;5;2;6;4;0;0;0;1;1;0;0;0;591400,140699999990000;5386776,082200000100000;10,240402398000001;48,627369668000000
119953;119954;08;1;11;000;2016;10;12;7;3;1;5;0;0;1;1;0;0;0;0;511464,963400000010000;5404033,843100000200000;9,156090613000000;48,789195669000001
119954;119955;08;2;15;009;2016;10;16;4;3;5;3;0;0;1;1;0;0;0;0;470380,718400000010000;5442063,982400000100000;8,593983171000000;49,130694386000002
119957;119958;08;4;36;064;2016;10;14;3;3;5;3;0;1;1;1;0;0;0;0;546259,957000000050000;5292735,201999999600000;9,617599113000001;47,786315647999999
119960;119961;08;2;11;000;2016;10;09;2;3;6;4;0;0;0;1;1;0;0;0;444132,504499999980000;5401033,135400000000000;8,239828909000000;48,759799999999998
119962;119963;08;2;15;066;2016;10;13;3;3;5;3;0;0;1;1;0;0;0;0;460282,785099999980000;5453688,414699999600000;8,454419615000001;49,234685542999998
119964;119965;08;1;11;000;2016;10;23;7;3;6;7;2;0;0;1;1;0;0;0;512582,349500000010000;5402592,282399999900000;9,171259156000000;48,776205902999997
119974;119975;08;4;21;000;2016;10;16;2;3;6;7;0;0;0;1;1;0;0;0;570580,368000000020000;5360808,698400000100000;9,953508705000001;48,396486011000000
119975;119976;08;2;12;000;2016;10;16;3;3;0;6;0;0;1;1;0;0;0;0;458740,434300000020000;5430771,024700000000000;8,435579089999999;49,028442269000003
119977;119978;08;4;35;034;2016;10;19;6;3;6;4;2;0;0;1;1;0;0;0;529666,319800000060000;5285027,984699999900000;9,395544924999999;47,717949199000003
119978;119979;08;1;18;071;2016;10;13;4;3;5;3;0;0;1;1;0;0;0;0;508713,973400000020000;5418548,009399999900000;9,118946066000000;48,919807206999998
119979;119980;08;2;21;000;2016;10;14;1;3;1;5;0;0;1;1;0;0;0;0;477344,346900000000000;5472890,560499999700000;8,687692458000001;49,408277558000002
119983;119984;08;2;12;000;2016;10;07;3;3;5;3;1;1;1;1;0;0;0;0;452429,836000000010000;5431462,127000000300000;8,349175989000001;49,034204219999999
119984;119985;08;1;15;024;2016;10;07;5;3;6;4;2;0;0;1;1;0;0;0;501455,810999999990000;5386182,309999999600000;9,019757316000000;48,628705969999999
119985;119986;08;3;17;005;2016;10;15;2;3;1;5;0;0;1;1;0;0;0;0;424719,787300000030000;5377106,799599999600000;7,980074722000000;48,542544208000002
119986;119987;08;4;25;033;2016;10;08;3;3;6;4;1;1;0;1;1;0;0;0;553428,857500000040000;5347781,696300000000000;9,720169162000000;48,280982741000003
119987;119988;08;1;18;048;2016;10;11;2;3;6;4;0;0;0;0;1;1;0;0;511830,360999999980000;5414806,077999999700000;9,161376306999999;48,886094077000003
119989;119990;08;3;15;015;2016;10;13;2;3;5;3;0;0;1;1;0;0;0;0;394572,116299999990000;5320292,436999999900000;7,585913549000000;48,027215265000002
119990;119991;08;1;36;065;2016;10;10;2;3;2;6;0;0;1;1;0;0;0;0;558373,020000000020000;5405156,395499999600000;9,794845004000001;48,796659228000003