FID;OBJECTID;ULAND;UREGBEZ;UKREIS;UGEMEINDE;UJAHR;UMONAT;USTUNDE;UWOCHENTAG;UKATEGORIE;UART;UTYP1;ULICHTVERH;IstStrasse;IstRad;IstPKW;IstFuss;IstKrad;IstGkfz;IstSonstig;LINREFX;LINREFY;XGCSWGS84;YGCSWGS84
119994;119995;08;2;12;000;2016;10;15;3;3;6;7;0;0;1;1;1;0;0;0;457896,330200000030000;5428236,760999999900000;8,424295514000001;49,005589170999997
119996;119997;08;3;11;000;2016;10;17;2;3;5;2;1;0;1;1;0;0;0;0;411634,833300000000000;5316009,225999999800000;7,815599934000000;47,991275541999997
119997;119998;08;4;35;024;2016;10;10;5;3;5;3;0;0;1;1;0;0;0;0;527182,862300000040000;5279170,419800000300000;9,362068393000000;47,665355153000000
120000;120001;08;1;35;020;2016;10;13;1;3;5;3;0;0;1;1;0;0;0;0;585596,271700000040000;5380828,747399999800000;10,160428698000000;48,574698277000003
120001;120002;08;4;21;000;2016;10;09;2;3;0;4;0;0;0;0;1;0;0;1;573533,042099999960000;5360928,889700000200000;9,993412929000000;48,397229697999997
120002;120003;08;4;25;141;2016;10;06;5;3;5;2;2;0;1;1;0;0;0;0;568000,328600000010000;5362753,550900000100000;9,918973439000000;48,414264275999997
120003;120004;08;2;16;043;2016;10;06;3;3;6;2;2;1;0;1;1;0;0;0;441554,565699999980000;5410929,660100000000000;8,203346376000001;48,848583083999998
120005;120006;08;4;21;000;2016;10;10;5;3;6;4;0;0;0;1;1;0;0;0;571469,809299999960000;5360253,578099999600000;9,965428407999999;48,391392345000000
120008;120009;08;3;37;096;2016;10;16;6;3;6;4;0;0;0;1;1;0;0;0;420576,846800000000000;5267233,952300000000000;7,944350284000000;47,553666231000001
120010;120011;08;1;11;000;2016;10;07;5;3;5;2;2;0;1;1;0;0;0;0;512531,405199999980000;5401635,178399999600000;9,170536590999999;48,767596887000003
120011;120012;08;4;16;036;2016;10;15;5;2;6;4;0;0;1;0;1;0;0;0;495022,889000000020000;5369222,962000000300000;8,932656695000000;48,476116263000002
120012;120013;08;1;15;003;2016;10;13;2;3;6;4;0;0;0;1;1;0;0;0;499939,434799999990000;5391127,303999999500000;8,999177325000000;48,673193638000001
120014;120015;08;1;21;000;2016;10;16;3;3;0;7;0;0;1;0;1;0;0;0;515996,995700000030000;5442845,022900000200000;9,219317541000001;49,138225757999997
120015;120016;08;1;11;000;2016;10;15;5;2;6;4;0;0;0;1;1;0;0;0;514665,423100000010000;5404328,287800000000000;9,199673777999999;48,791777218999997
120016;120017;08;3;36;014;2016;10;16;6;3;5;3;0;0;1;1;0;0;0;0;393239,664400000010000;5280423,555100000500000;7,577886227000000;47,668387971000001
120017;120018;08;1;19;020;2016;10;15;4;3;6;2;0;0;0;0;1;0;0;1;520108,409900000030000;5408218,105899999800000;9,273971349000000;48,826617096000000
120022;120023;08;4;15;060;2016;10;14;5;2;2;7;0;0;1;0;0;0;0;1;515040,525299999980000;5378087,176799999500000;9,203826394000000;48,555701360000000
120024;120025;08;3;36;050;2016;10;08;3;3;3;2;0;1;1;0;0;0;0;0;400725,174600000030000;5275454,296699999800000;7,678697430000000;47,624880202000000
120027;120028;08;1;19;085;2016;10;07;3;3;6;4;2;1;0;1;1;0;0;0;529324,404899999960000;5413084,167000000400000;9,399882368000000;48,870023627999998
120030;120031;08;3;35;043;2016;10;06;6;3;5;3;2;0;1;0;0;0;0;1;512118,893700000020000;5281617,287999999700000;9,161489645000000;47,687828967000002
120032;120033;08;1;36;088;2016;10;16;2;3;4;2;0;0;1;1;0;0;0;0;580132,029600000010000;5409458,264000000400000;10,091921348000000;48,832927783999999
120034;120035;08;4;16;036;2016;10;14;5;3;5;3;0;0;1;1;0;0;0;0;495935,492000000030000;5369635,740399999500000;8,945000742000000;48,479836358000000
120035;120036;08;1;11;000;2016;10;15;2;3;1;5;0;0;1;1;0;0;0;0;513531,241099999980000;5402248,201799999900000;9,184163190000000;48,773090666000002
120039;120040;08;3;36;094;2016;10;14;2;3;4;6;0;0;1;1;0;0;0;0;416697,460399999980000;5291736,869800000500000;7,888125805000000;47,773609034000003
120040;120041;08;3;17;096;2016;10;15;6;3;3;2;0;0;1;1;0;0;0;0;422641,174000000000000;5369154,285199999800000;7,953391804000000;48,470759344000001
120041;120042;08;1;19;085;2016;10;17;3;3;6;7;0;1;0;1;1;0;0;0;529338,760299999970000;5413878,441700000300000;9,400135097000000;48,877167923000002
120042;120043;08;1;11;000;2016;10;07;5;3;6;4;1;0;0;1;1;0;0;0;511445,768700000020000;5402452,084900000100000;9,155785243000000;48,774966644000003
120043;120044;08;3;36;091;2016;10;13;2;3;5;3;0;0;1;1;0;0;0;0;395524,792699999990000;5272169,049200000200000;7,610286418000000;47,594510950999997
120047;120048;08;3;35;075;2016;10;16;5;3;5;3;0;0;1;1;0;0;0;0;488251,148899999970000;5288713,514299999900000;8,843249916000000;47,751684771000001
120048;120049;08;1;19;067;2016;10;07;3;3;5;3;2;1;1;0;0;0;0;1;538701,880400000020000;5406350,290300000500000;9,527117362000000;48,808934768999997
120052;120053;08;4;36;064;2016;10;15;5;2;6;4;0;0;0;1;1;0;0;0;546366,968100000060000;5292210,051799999500000;9,618971597000000;47,781583175000002
120054;120055;08;3;36;105;2016;10;16;4;3;1;3;0;0;1;1;0;0;0;0;399150,816500000020000;5267649,721699999600000;7,659543439000000;47,554431979999997
120060;120061;08;3;26;074;2016;10;12;5;2;6;4;0;0;0;1;1;0;0;0;465000,042399999980000;5323589,494400000200000;8,530215837000000;48,064622192000002
120061;120062;08;1;18;019;2016;10;12;3;2;5;3;0;1;1;1;0;0;0;0;505620,424600000030000;5405202,884899999900000;9,076535805000001;48,799792576999998
120062;120063;08;3;35;043;2016;10;18;4;3;5;3;2;0;1;1;0;0;0;0;512751,087699999970000;5278135,261300000400000;9,169812207000000;47,656486694999998
120064;120065;08;3;17;122;2016;10;12;5;3;6;7;0;0;0;1;1;0;0;0;417043,951999999990000;5367540,127999999600000;7,878000191000000;48,455526976000002
120066;120067;08;3;17;096;2016;10;07;3;3;3;6;2;1;1;0;0;0;0;1;421985,364000000000000;5369562,134999999800000;7,944444638000000;48,474346900999997
120068;120069;08;3;15;006;2016;10;13;3;3;1;5;0;1;1;1;0;0;0;0;402822,729500000020000;5307874,883999999600000;7,699355040000000;47,916829258999996
120071;120072;08;1;17;026;2016;10;07;3;3;6;7;2;1;0;1;1;0;0;0;549473,912000000010000;5393844,031200000100000;9,672319643000000;48,695671945000001
120073;120074;08;3;11;000;2016;10;13;6;3;4;6;0;0;1;1;0;0;0;0;413594,706699999980000;5316535,083999999800000;7,841757554000000;47,996273647999999
120074;120075;08;1;25;065;2016;10;12;4;3;5;3;0;0;1;1;0;0;0;0;516779,250999999990000;5448167,088600000400000;9,230263962000000;49,186078412999997
120077;120078;08;1;11;000;2016;10;10;2;2;6;7;0;0;0;1;1;0;0;0;512896,398800000020000;5402336,934000000400000;9,175525671999999;48,773902376999999
120084;120085;08;1;11;000;2016;10;09;4;2;2;2;0;0;1;1;0;0;0;0;513354,605700000010000;5405505,414599999800000;9,181865010999999;48,802396055999999
120085;120086;08;1;16;049;2016;10;14;3;3;6;4;0;0;1;0;1;0;0;0;525562,835100000030000;5386088,542299999900000;9,346913020000001;48,627341659000002
120086;120087;08;3;26;074;2016;10;13;4;3;5;3;0;0;1;1;0;0;0;0;460128,778999999980000;5323669,183000000200000;8,464827033000001;48,065053206999998
120087;120088;08;2;22;000;2016;10;09;6;3;4;2;0;0;1;1;0;0;0;0;461707,145100000020000;5484303,438500000200000;8,471037984000001;49,510147766000003
120089;120090;08;4;21;000;2016;10;11;7;2;0;1;0;0;1;0;0;0;0;0;575353,112899999950000;5364524,652999999900000;10,018643567000000;48,429359091000002
120090;120091;08;3;16;043;2016;10;14;5;2;5;3;0;0;1;1;0;0;0;0;411805,953199999990000;5330714,848299999700000;7,814860683000000;48,123578805999998
120091;120092;08;4;35;059;2016;10;14;1;3;3;6;0;0;1;1;0;0;0;0;512155,753800000010000;5290628,192099999600000;9,162232400000001;47,768904595999999
120096;120097;08;3;11;000;2016;10;14;3;2;1;5;0;1;1;1;0;0;0;0;413181,397300000010000;5315217,311200000300000;7,836484936000000;47,984363836999997
120100;120101;08;3;11;000;2016;10;15;5;2;1;5;0;0;1;1;0;0;0;0;414214,284999999970000;5316059,399400000500000;7,850156197000000;47,992078116999998
120103;120104;08;1;26;046;2016;10;10;2;3;6;7;0;0;0;1;1;0;0;0;549315,823500000060000;5459850,277800000300000;9,678183207000000;49,289410971000002
120104;120105;08;3;37;060;2016;10;15;7;3;6;7;0;0;0;1;1;0;0;0;468038,217699999980000;5277811,426500000100000;8,574378748999999;47,652909123999997
120106;120107;08;3;11;000;2016;10;07;5;3;5;3;0;0;0;1;1;0;0;0;411007,448900000020000;5316694,265900000000000;7,807050638000000;47,997350638999997
120110;120111;08;3;11;000;2016;10;08;4;3;5;2;0;0;1;1;0;0;0;0;414588,496500000010000;5318250,633700000100000;7,854734701000000;48,011839207000001
120111;120112;08;2;26;020;2016;10;13;2;3;5;3;0;0;1;1;0;0;0;0;490314,959099999980000;5462602,432300000500000;8,866741435000000;49,316080268999997
120112;120113;08;3;11;000;2016;10;22;5;3;2;6;2;0;1;0;0;0;0;0;417245,379000000020000;5315835,689000000200000;7,890819095000000;47,990465190000002
120113;120114;08;3;11;000;2016;10;14;3;3;3;6;0;1;1;1;0;0;0;0;414579,456999999990000;5318225,757000000200000;7,854618473000000;48,011614223999999
120114;120115;08;1;21;000;2016;10;13;2;3;6;7;0;0;1;0;1;0;0;0;516130,885200000020000;5442880,374900000200000;9,221154556000000;49,138540259999999
120117;120118;08;2;35;085;2016;10;10;5;3;5;3;0;0;1;1;0;0;0;0;480355,478699999980000;5398562,192099999600000;8,732810417000000;48,739768710000000
120119;120120;08;3;11;000;2016;10;16;4;3;5;3;0;0;1;1;0;0;0;0;414023,797299999980000;5315508,919400000000000;7,847713745000000;47,987100755999997
120121;120122;08;2;15;017;2016;10;18;4;3;5;3;2;0;1;1;0;0;0;0;456893,588999999980000;5421602,577999999700000;8,411288450000001;48,945844287000000
120122;120123;08;2;15;017;2016;10;18;6;3;5;3;1;0;1;1;0;0;0;0;455576,092699999980000;5421543,926699999700000;8,393302616000000;48,945223474999999
120127;120128;08;3;11;000;2016;10;08;3;3;5;2;0;1;1;1;0;0;0;0;413340,271499999970000;5317069,962100000100000;7,838239607000000;48,001050620999997
120128;120129;08;3;27;036;2016;10;17;7;2;6;6;0;0;0;1;1;0;0;0;490512,684000000010000;5318567,741999999600000;8,872766507000000;48,020330788999999
120129;120130;08;3;11;000;2016;10;16;4;3;0;1;0;0;1;0;0;0;0;0;414330,641799999980000;5315782,211699999900000;7,851770801000000;47,989600304000000
120130;120131;08;2;12;000;2016;10;07;6;3;3;6;1;0;1;1;0;0;0;0;456868,114999999990000;5428458,862599999600000;8,410213390999999;49,007516000999999
120136;120137;08;3;35;075;2016;10;12;2;3;5;2;0;0;1;1;0;0;0;0;489030,687500000000000;5289246,110899999700000;8,853636842000000;47,756490565999997
120137;120138;08;2;25;058;2016;10;06;5;3;5;3;2;0;1;1;0;0;0;0;508933,514599999990000;5465591,531200000100000;9,122985136000001;49,342978912000000
120147;120148;08;2;15;017;2016;10;15;7;3;0;7;0;0;1;0;0;0;0;0;455040,540600000010000;5422348,483400000300000;8,385900207000001;48,952421907999998
120149;120150;08;1;36;088;2016;10;12;6;3;5;3;0;0;1;1;0;0;0;0;580542,541500000050000;5410040,249800000300000;10,097628495000000;48,838109181000000
120150;120151;08;3;35;043;2016;10;20;2;2;0;3;2;0;1;1;0;0;0;0;512753,603999999990000;5278133,320000000300000;9,169845661000000;47,656469178999998
120151;120152;08;2;12;000;2016;10;16;4;3;6;7;0;0;1;0;1;0;0;0;457244,622199999980000;5428502,646800000200000;8,415356868000000;49,007936045999998
120152;120153;08;2;22;000;2016;10;11;2;3;5;3;0;0;1;1;0;0;0;0;463681,596399999980000;5478021,240399999500000;8,498888096000000;49,453763907000003
120156;120157;08;2;22;000;2016;10;07;2;3;6;4;0;1;0;0;1;1;0;0;464979,410299999990000;5484678,170300000300000;8,516204715000001;49,513716115999998
120158;120159;08;1;28;139;2016;10;11;7;3;3;7;0;0;1;1;0;0;0;0;551332,328699999950000;5490774,122000000400000;9,709913937000000;49,567381955999998
120159;120160;08;4;21;000;2016;10;16;2;2;5;2;0;0;1;1;0;0;0;0;573676,232700000050000;5360958,692499999900000;9,995352324000001;48,397481061999997
120161;120162;08;1;19;020;2016;10;16;6;3;6;4;0;0;0;1;1;0;0;0;519714,485999999980000;5408336,567699999500000;9,268610005999999;48,827695382999998
120162;120163;08;3;27;046;2016;10;07;2;3;5;3;2;1;1;1;0;0;0;0;480506,194800000000000;5324513,109000000200000;8,738300670999999;48,073594378000003
120163;120164;08;2;22;000;2016;10;10;4;3;2;6;0;0;1;1;0;0;0;0;462675,436800000020000;5480980,587000000300000;8,484726860000000;49,480320833000000
120169;120170;08;2;35;085;2016;10;15;3;2;6;4;0;1;0;1;1;0;0;0;482744,522000000000000;5393657,219999999700000;8,765509208999999;48,695714420000002
120171;120172;08;1;19;093;2016;10;09;7;2;6;3;0;0;0;1;1;0;0;0;523466,284900000030000;5406115,914900000200000;9,319600506000001;48,807588483000004
120172;120173;08;2;21;000;2016;10;18;5;3;5;3;2;0;1;1;0;0;0;0;474439,508399999990000;5472385,444299999600000;8,647682604000000;49,403619049000000
120174;120175;08;2;21;000;2016;10;08;4;2;4;6;0;1;1;1;0;0;0;0;474969,876400000010000;5475154,887099999900000;8,654818226000000;49,428551681999998
120176;120177;08;2;16;015;2016;10;07;4;3;5;3;2;0;1;0;0;0;0;1;450591,019199999980000;5405550,824500000100000;8,327158139000000;48,800984278999998
120177;120178;08;2;21;000;2016;10;07;5;3;2;6;1;0;1;1;0;0;0;0;477410,263400000000000;5468662,525999999600000;8,688841387000000;49,370249370000003
120179;120180;08;2;26;103;2016;10;08;3;3;6;4;0;0;0;1;1;0;0;0;472698,959299999990000;5457009,674900000000000;8,624744838000000;49,265239964000003
120180;120181;08;3;11;000;2016;10;09;2;3;1;5;0;1;1;1;0;0;0;0;412087,387200000000000;5315563,455099999900000;7,821755683000000;47,987328075999997
120184;120185;08;2;16;007;2016;10;12;4;3;6;6;0;0;1;0;1;0;0;0;435824,238399999970000;5394612,511099999800000;8,127793348000001;48,701245454000002
120186;120187;08;1;36;088;2016;10;13;4;3;2;7;0;0;1;0;0;0;0;1;581051,114300000020000;5412548,381600000000000;10,105054307000000;48,860601578000001
120188;120189;08;3;17;057;2016;10;10;1;3;0;7;0;0;1;0;0;0;0;0;416465,055899999980000;5382260,540500000100000;7,867223197000000;48,587854771000003
120194;120195;08;1;15;003;2016;10;14;4;2;6;4;0;0;0;1;1;0;0;0;501021,154600000010000;5392337,983400000300000;9,013873630999999;48,684084224000003
120196;120197;08;2;15;017;2016;11;13;3;3;3;2;0;0;1;1;0;0;0;0;455920,175200000000000;5421545,396700000400000;8,398001320000001;48,945261317000003
120197;120198;08;1;15;003;2016;11;19;7;3;0;5;2;1;1;1;0;0;0;0;500160,519600000000000;5391388,943799999500000;9,002180486000000;48,675547366000004
120199;120200;08;2;31;000;2016;11;08;2;3;6;4;1;0;0;1;1;0;0;0;481665,227499999980000;5415821,388799999800000;8,749853090000000;48,895069216000003
120200;120201;08;2;22;000;2016;11;08;4;3;6;4;0;0;0;1;1;0;0;0;465517,085199999970000;5481857,554600000400000;8,523878423999999;49,488376848000001
120201;120202;08;2;36;074;2016;11;12;5;3;5;3;0;0;1;1;0;0;0;0;472311,168999999990000;5422207,920800000400000;8,621801659000001;48,952172091999998
120205;120206;08;1;36;033;2016;11;14;3;3;5;3;0;0;1;1;0;0;0;0;580394,304200000010000;5415378,352599999900000;10,096657301000000;48,886140275999999
120207;120208;08;1;11;000;2016;11;03;7;3;0;1;2;1;1;0;0;0;0;0;514636,019800000010000;5404051,263700000000000;9,199263579000000;48,789285833000001
120213;120214;08;2;26;037;2016;11;07;2;3;5;3;0;0;1;1;0;0;0;0;466559,273200000000000;5469316,476499999900000;8,539325494000000;49,375632588999999
120215;120216;08;2;26;062;2016;11;16;5;3;0;7;0;0;1;0;0;0;0;0;469508,822400000000000;5469195,005599999800000;8,579966154999999;49,374694751000000
120220;120221;08;1;25;110;2016;11;10;3;3;1;5;0;0;1;1;0;0;0;0;525950,234399999960000;5443400,027499999900000;9,355809161000000;49,142878324000002
120222;120223;08;2;15;096;2016;11;06;4;3;4;2;2;1;1;0;0;0;0;1;464303,694699999990000;5412587,021599999600000;8,513273549000001;48,865217496000000
120223;120224;08;2;22;000;2016;11;15;5;3;5;3;0;0;1;1;0;0;0;0;461901,763400000000000;5487539,069500000200000;8,473413771000001;49,539262634000004
120226;120227;08;3;35;043;2016;11;16;6;3;2;1;0;0;1;1;0;0;0;0;512348,759100000020000;5279096,141900000200000;9,164481385000000;47,665140201000000
120227;120228;08;4;16;041;2016;11;14;3;3;0;7;0;1;1;0;0;0;0;0;505375,596100000020000;5375819,889299999900000;9,072820017000000;48,535461478000002
120229;120230;08;3;26;031;2016;11;10;6;3;0;1;0;0;1;0;0;0;0;0;456865,799100000000000;5331904,507299999700000;8,420199206000000;48,138930518000002
120230;120231;08;2;22;000;2016;11;14;1;2;5;3;0;0;1;1;0;0;0;0;462616,606399999990000;5482875,995400000400000;8,483735478000000;49,497365436999999
120232;120233;08;1;21;000;2016;11;09;3;3;6;3;0;0;0;1;1;0;0;0;515483,228400000020000;5443342,634300000000000;9,212293001999999;49,142715103999997
120234;120235;08;2;22;000;2016;11;13;5;3;5;3;0;0;1;1;0;0;0;0;464494,948399999990000;5484197,444100000000000;8,509555559000001;49,509364052999999
120238;120239;08;3;17;065;2016;11;11;6;3;6;2;0;0;0;0;1;0;0;1;416580,328900000020000;5354386,332700000100000;7,874344247000000;48,337149637000003
120240;120241;08;1;17;026;2016;11;07;3;3;0;7;1;0;1;1;0;0;0;0;550089,526199999960000;5395761,189500000300000;9,680917460000000;48,712868516000000
120244;120245;08;4;21;000;2016;11;14;4;3;0;1;0;0;1;0;0;0;0;0;573670,588800000030000;5360818,942800000300000;9,995251567000000;48,396224644999997
120246;120247;08;2;16;043;2016;11;12;5;3;5;3;0;0;1;1;0;0;0;0;441402,686700000020000;5411983,014200000100000;8,201125619999999;48,858043651000003
120247;120248;08;2;21;000;2016;11;11;2;3;6;4;0;0;0;1;1;0;0;0;482371,560500000020000;5473988,050800000300000;8,756942968000001;49,418315765000003
120249;120250;08;1;17;026;2016;11;17;3;2;6;4;2;1;0;1;1;0;0;0;548119,089599999950000;5394931,376100000000000;9,654036436000000;48,705559119000000
120250;120251;08;3;16;056;2016;11;11;6;3;0;7;0;0;1;0;0;0;0;0;422501,461499999980000;5326920,429999999700000;7,959248545000000;48,090838122999997
120252;120253;08;2;16;043;2016;11;21;2;3;0;7;2;1;1;0;0;0;0;0;443455,202600000020000;5412465,600900000000000;8,229038806000000;48,862575004000000
120257;120258;08;1;28;007;2016;11;07;4;3;3;2;0;1;1;1;0;0;0;0;556177,913799999980000;5482295,673200000100000;9,775713419000001;49,490696667999998
120260;120261;08;3;11;000;2016;11;11;4;3;0;1;0;0;1;0;0;0;0;0;414344,327899999970000;5316054,169400000000000;7,851899931000000;47,992048504000003
120261;120262;08;1;19;008;2016;11;06;4;3;6;4;2;1;0;0;1;0;0;1;531729,026599999980000;5420806,373399999900000;9,433272166000000;48,939370427999997
120266;120267;08;1;25;110;2016;11;16;4;3;0;1;1;0;1;0;0;0;0;0;527770,874300000020000;5442796,116100000200000;9,380730166999999;49,137366399999998
120267;120268;08;2;12;000;2016;11;16;5;3;0;1;0;1;1;0;0;0;0;0;464407,298400000030000;5428265,352800000500000;8,513317054000000;49,006256205000000
120268;120269;08;2;12;000;2016;11;05;4;3;5;3;2;1;1;1;0;0;0;0;452552,691999999980000;5431595,282999999800000;8,350841126000001;49,035411422000003
120269;120270;08;2;12;000;2016;11;15;6;3;6;4;0;0;1;0;1;0;0;0;454989,135699999980000;5428501,176199999600000;8,384517003999999;49,007762431000003
120271;120272;08;1;18;048;2016;11;07;4;3;5;3;1;0;1;0;0;0;0;1;513110,890900000000000;5415752,720700000400000;9,178874127000000;48,894584066000000
120274;120275;08;2;31;000;2016;11;14;6;3;0;7;0;0;1;1;0;0;0;0;481188,642700000030000;5417218,157100000400000;8,743286623000000;48,907619810000000
120275;120276;08;1;19;041;2016;11;17;4;2;8;1;2;1;1;0;0;0;0;0;527332,248600000050000;5408402,146999999900000;9,372404473000000;48,827996763999998
120278;120279;08;1;15;048;2016;11;10;4;1;6;4;0;1;0;0;1;0;0;1;510279,973600000030000;5387243,173000000400000;9,139539192999999;48,638166867999999
120279;120280;08;2;25;075;2016;11;10;5;2;6;4;0;0;0;1;1;0;0;0;530742,054499999970000;5475191,407599999600000;9,423953810000000;49,428618229000001
120280;120281;08;1;18;048;2016;11;20;2;2;6;7;2;1;0;1;1;0;0;0;516151,593999999980000;5415689,978400000400000;9,220356188000000;48,893947847000000
120282;120283;08;1;27;014;2016;11;19;5;3;4;6;2;0;1;1;0;0;0;0;578077,790200000050000;5443395,901200000200000;10,070453163000000;49,138427196000002
120283;120284;08;2;26;012;2016;11;17;6;2;4;2;2;0;1;1;0;0;0;0;475999,890200000020000;5476777,691999999800000;8,668924296000000;49,443189986999997
120285;120286;08;3;35;075;2016;11;14;7;3;0;7;0;1;1;0;0;0;0;0;487962,734799999980000;5290345,092500000300000;8,839356802999999;47,766359627000000
120287;120288;08;1;21;000;2016;11;18;5;3;5;3;2;0;1;1;0;0;0;0;516798,837999999990000;5444155,842000000200000;9,230365296000000;49,149995589000000
120289;120290;08;3;35;063;2016;11;17;7;3;6;4;2;1;1;0;1;0;0;0;497615,180799999970000;5288812,495299999600000;8,968181767000001;47,752677990000002
120297;120298;08;1;15;041;2016;11;16;3;3;6;4;0;1;0;1;1;0;0;0;495263,060600000030000;5401661,016699999600000;8,935535815000000;48,767937469000003
120298;120299;08;4;15;059;2016;11;00;4;3;3;6;2;1;1;1;0;0;0;0;516525,378000000030000;5369160,862300000200000;9,223595042000000;48,475360105999997
120300;120301;08;1;18;080;2016;11;14;5;3;2;6;0;0;1;1;0;0;0;0;509615,775299999980000;5408574,444699999900000;9,131021156999999;48,830073771999999
120301;120302;08;2;31;000;2016;11;18;4;3;6;2;2;1;0;1;1;0;0;0;478088,875000000000000;5415593,650000000400000;8,701072672000001;48,892904395999999
120306;120307;08;1;21;000;2016;11;16;6;1;0;7;1;0;1;0;0;0;0;1;516268,127199999990000;5443539,059200000000000;9,223062721000000;49,144461720999999
120307;120308;08;3;17;096;2016;11;05;3;3;5;3;2;1;1;1;0;0;0;0;421726,620799999980000;5368326,935399999800000;7,941175593000000;48,463204232000002
120308;120309;08;1;21;000;2016;11;08;2;3;6;2;0;0;0;1;1;0;0;0;515185,707300000010000;5441450,634700000300000;9,208142403000000;49,125703338999998
120309;120310;08;3;11;000;2016;11;07;3;3;5;2;1;0;1;0;0;0;0;0;413374,221200000030000;5317178,922799999800000;7,838672638000000;48,002035360000001
120310;120311;08;1;11;000;2016;11;17;3;3;5;3;2;1;1;1;0;0;0;0;512807,370300000010000;5408738,954699999700000;9,174513657000000;48,831496053000002
120311;120312;08;3;35;043;2016;11;20;4;3;0;6;2;1;1;0;0;0;0;1;512650,835900000010000;5280048,561900000100000;9,168532516000001;47,673703922000001
120313;120314;08;1;16;019;2016;11;14;4;3;5;3;0;0;1;1;0;0;0;0;523630,666199999980000;5398282,352199999600000;9,321389178000000;48,737112842999998
120314;120315;08;1;17;030;2016;11;17;5;3;1;6;2;0;1;1;0;0;0;0;547781,946600000020000;5389631,772300000300000;9,648841644999999;48,657912254999999
120318;120319;08;4;35;057;2016;11;08;2;3;5;3;0;1;1;1;0;0;0;0;544424,800900000030000;5280478,262400000400000;9,591849204000001;47,676167589999999
120320;120321;08;1;16;070;2016;11;10;4;3;6;4;0;1;0;1;1;0;0;0;539602,103299999960000;5384832,006799999600000;9,537312629000001;48,615306664000002
120321;120322;08;1;18;049;2016;11;06;2;3;6;4;2;0;0;1;1;0;0;0;519392,986299999990000;5421174,556099999700000;9,264838756000000;48,943192199999999
120328;120329;08;1;18;048;2016;11;12;6;3;4;1;0;0;1;1;0;0;0;0;517113,085499999990000;5417473,798100000200000;9,233548461000000;48,909968735000000
120334;120335;08;1;11;000;2016;11;18;5;2;6;4;2;0;0;0;1;0;0;1;512445,797499999990000;5402867,363900000200000;9,169408873000000;48,778683262999998
120337;120338;08;3;11;000;2016;11;20;3;2;0;1;2;0;1;0;0;0;0;0;413151,597400000030000;5317182,875799999600000;7,835687924000000;48,002040710999999
120339;120340;08;3;26;074;2016;11;19;4;3;6;2;2;1;0;1;1;0;0;0;462949,424300000010000;5325025,751400000400000;8,502568107000000;48,077427989999997
120340;120341;08;2;35;046;2016;11;14;7;3;6;2;0;1;0;1;1;0;0;0;479800,851000000020000;5377529,024000000200000;8,726292709999999;48,550535119999999
120342;120343;08;4;16;022;2016;11;12;2;3;4;6;0;1;1;1;0;0;0;0;509880,451500000020000;5375519,709099999600000;9,133837374000001;48,532706187999999
120343;120344;08;4;36;052;2016;11;12;3;3;5;3;0;0;1;1;0;0;0;0;566599,281300000030000;5293009,313799999700000;9,889155140000000;47,786999590000001
120344;120345;08;1;11;000;2016;11;17;5;2;5;2;1;0;1;1;0;0;0;0;506170,863100000020000;5399619,782200000200000;9,083947580000000;48,749561987000000
120350;120351;08;4;15;061;2016;11;06;2;1;6;4;2;0;0;0;1;0;0;1;515358,656200000030000;5374110,161799999900000;9,207990998000000;48,519915298000001
120351;120352;08;4;17;075;2016;11;14;4;1;6;4;0;1;0;1;1;0;0;0;508790,776799999990000;5336298,891800000300000;9,118257599000000;48,179868098000000
120352;120353;08;1;17;033;2016;11;13;2;3;6;7;0;0;0;1;1;0;0;0;559154,924099999950000;5387077,613800000400000;9,802898706000001;48,633963502000000
120353;120354;08;4;35;059;2016;11;15;3;3;1;5;0;0;1;1;0;0;0;0;511561,542000000020000;5290906,659400000200000;9,154309408000000;47,771421046000000
120354;120355;08;1;11;000;2016;11;10;5;3;6;4;0;0;0;1;1;0;0;0;511059,863000000010000;5406476,133000000400000;9,150641142000000;48,811173598000003
120356;120357;08;2;22;000;2016;11;20;7;3;5;3;2;1;1;1;0;0;0;0;462396,112499999990000;5478370,877500000400000;8,481118877000000;49,456830525000001
120357;120358;08;4;35;016;2016;11;16;3;3;6;2;0;0;1;0;1;0;0;0;537460,139700000060000;5278500,256500000100000;9,498896882000000;47,658811819000000
120360;120361;08;2;15;017;2016;11;15;7;3;0;7;0;1;1;0;0;0;0;0;455299,038500000020000;5422571,519000000300000;8,389406327000000;48,954446894999997
120361;120362;08;4;15;014;2016;11;12;2;3;6;4;0;0;0;1;1;0;0;0;525593,500299999960000;5375048,649100000000000;9,346649469000001;48,528024268000003
120363;120364;08;3;11;000;2016;11;17;3;3;1;5;2;0;1;1;0;0;0;0;414598,347300000020000;5317157,312400000200000;7,855084470000000;48,002005685999997
120366;120367;08;1;11;000;2016;11;11;5;3;0;1;0;0;1;0;0;0;0;0;516336,322200000000000;5405469,640900000000000;9,222468757000000;48,802003026000001
120370;120371;08;4;36;049;2016;11;17;2;2;6;4;2;1;1;0;1;0;0;0;577827,276300000030000;5282113,936700000400000;10,037086083000000;47,687724475000003