FID;OBJECTID;ULAND;UREGBEZ;UKREIS;UGEMEINDE;UJAHR;UMONAT;USTUNDE;UWOCHENTAG;UKATEGORIE;UART;UTYP1;ULICHTVERH;IstStrasse;IstRad;IstPKW;IstFuss;IstKrad;IstGkfz;IstSonstig;LINREFX;LINREFY;XGCSWGS84;YGCSWGS84
120371;120372;08;2;22;000;2016;11;15;4;3;6;7;0;1;1;0;1;0;0;0;461410,813700000000000;5481791,915799999600000;8,467190083000000;49,487539222999999
120374;120375;08;4;36;081;2016;11;17;4;3;5;3;2;1;1;1;0;0;0;0;561647,102100000020000;5282881,232900000200000;9,821611746000000;47,696373717000000
120375;120376;08;1;16;019;2016;11;09;4;3;6;7;0;0;0;0;1;0;0;1;522691,483400000030000;5398762,016400000100000;9,308642424000000;48,741462767999998
120376;120377;08;3;15;074;2016;11;18;2;3;1;1;2;0;1;1;0;0;0;0;396768,376300000000000;5296043,149000000200000;7,621171323000000;47,809459060999998
120377;120378;08;2;22;000;2016;11;16;4;3;5;3;0;0;1;1;0;0;0;0;461756,858200000020000;5484622,424300000100000;8,471693770000000;49,513019999999997
120379;120380;08;2;26;098;2016;11;06;3;3;5;3;1;0;1;1;0;0;0;0;476251,960599999990000;5460976,767300000400000;8,673344627000001;49,301072355000002
120381;120382;08;3;35;075;2016;11;15;3;3;6;4;0;0;0;1;1;0;0;0;488617,996999999970000;5287684,368999999900000;8,848171219999999;47,742431560000000
120382;120383;08;4;26;021;2016;11;10;4;3;5;2;0;0;1;1;0;0;0;0;557533,074000000020000;5327712,987999999900000;9,772765661999999;48,100083607000002
120384;120385;08;4;35;059;2016;11;17;5;3;7;7;2;0;1;0;0;0;0;1;513187,892500000020000;5289618,140499999700000;9,175976750000000;47,759796344000002
120389;120390;08;4;26;097;2016;11;09;5;3;5;3;0;1;1;1;0;0;0;0;534399,791899999950000;5334207,613699999600000;9,462585367000001;48,160183062000002
120390;120391;08;3;17;151;2016;11;19;3;3;9;7;1;0;1;0;0;0;0;0;411396,315999999990000;5370052,911000000300000;7,801099152000000;48,477358199000001
120396;120397;08;4;21;000;2016;11;18;4;3;8;1;2;0;1;0;0;0;0;0;572401,768000000040000;5361262,173999999600000;9,978189515000000;48,400358603000001
120397;120398;08;2;21;000;2016;11;21;4;3;3;2;2;1;1;1;0;0;0;0;476894,712000000000000;5472503,086799999700000;8,681516898000000;49,404775387000001
120398;120399;08;4;16;041;2016;11;21;5;3;0;7;2;0;1;0;0;0;0;0;503861,553699999990000;5374478,280199999900000;9,052297762000000;48,523403037000001
120400;120401;08;3;11;000;2016;11;07;2;3;3;7;1;1;1;0;0;0;0;1;417315,238200000020000;5315267,152200000400000;7,891864751000000;47,985359942000002
120403;120404;08;1;19;079;2016;11;17;7;2;6;4;2;1;0;1;1;0;0;0;522378,011600000030000;5408401,729500000400000;9,304903612000000;48,828191296000000
120404;120405;08;3;11;000;2016;11;10;2;3;5;3;0;1;1;1;0;0;0;0;412368,253399999990000;5316409,731900000000000;7,825346389000000;47,994979143000002
120407;120408;08;3;11;000;2016;11;20;2;3;5;3;2;0;1;1;0;0;0;0;414099,054999999990000;5318057,050800000300000;7,848212031000000;48,010032252999999
120409;120410;08;4;17;057;2016;11;22;5;2;6;7;2;0;0;1;1;0;0;0;482353,039300000000000;5339949,731100000400000;8,762453926999999;48,212529682000003
120412;120413;08;3;11;000;2016;11;18;2;2;0;1;2;0;1;0;0;0;0;0;413421,263199999990000;5318256,972799999600000;7,839085535000000;48,011739147000000
120413;120414;08;3;17;089;2016;11;12;4;3;6;2;0;1;0;1;1;0;0;0;432076,063800000000000;5375642,343899999700000;8,079965010000000;48,530210895000003
120414;120415;08;2;21;000;2016;11;09;3;3;5;3;0;0;1;1;0;0;0;0;477170,359899999980000;5469663,380199999500000;8,685479490000001;49,379243006999999
120415;120416;08;4;21;000;2016;11;17;4;3;6;4;1;0;0;1;1;0;0;0;571689,594900000030000;5360634,940200000100000;9,968461979000001;48,394797855999997
120418;120419;08;1;11;000;2016;11;13;4;3;5;3;0;1;1;1;0;0;0;0;506558,162499999980000;5405925,092799999800000;9,089316917000000;48,806280311999998
120422;120423;08;2;15;017;2016;11;12;3;3;5;3;0;0;1;1;0;0;0;0;456117,509900000000000;5421157,565100000200000;8,400737940000001;48,941786723000000
120425;120426;08;4;35;016;2016;11;20;1;2;5;3;2;1;1;1;0;0;0;0;534010,442400000060000;5278343,720400000000000;9,452942936000000;47,657593966000000
120428;120429;08;2;12;000;2016;11;18;4;3;1;7;2;1;1;1;0;0;0;0;454775,048799999990000;5428518,698499999900000;8,381587785000001;49,007904394000001
120430;120431;08;3;11;000;2016;11;13;2;3;6;4;0;0;0;0;1;0;0;1;411468,287200000020000;5318096,988500000000000;7,812937316000000;48,010032457999998
120435;120436;08;3;35;100;2016;11;12;4;3;0;1;0;0;1;0;0;0;0;0;487824,778999999980000;5286060,047899999700000;8,837635671999999;47,727802134999997
120436;120437;08;2;12;000;2016;11;17;4;2;6;2;2;1;0;1;1;0;0;0;461787,280499999990000;5427391,341099999800000;8,477575535000000;48,998237596999999
120442;120443;08;4;36;081;2016;11;16;3;3;5;3;0;0;1;1;0;0;0;0;562407,574700000000000;5282116,853500000200000;9,831636622000000;47,689423794000000
120443;120444;08;2;12;000;2016;11;17;2;3;5;2;2;0;1;1;0;0;0;0;455969,888099999980000;5427897,071399999800000;8,397992632999999;49,002399195000002
120444;120445;08;3;16;017;2016;11;08;5;3;5;3;0;0;1;1;0;0;0;0;408789,467500000030000;5341456,977699999700000;7,772029950000000;48,219777575999998
120448;120449;08;3;36;069;2016;11;10;4;3;3;2;0;0;1;1;0;0;0;0;409558,866199999990000;5269845,963999999700000;7,797398677000000;47,575722384999999
120449;120450;08;3;16;024;2016;11;10;5;3;0;1;0;0;1;0;0;0;0;0;409621,878000000030000;5334616,046000000100000;7,784690034000000;48,158363483000002
120450;120451;08;2;21;000;2016;11;18;3;3;5;3;2;0;1;0;0;0;0;0;477216,231199999980000;5471438,227199999600000;8,686009720000000;49,395209250999997
120451;120452;08;1;16;077;2016;11;11;7;3;0;7;0;1;1;0;0;0;0;0;514589,158400000010000;5388558,753300000000000;9,198077607000000;48,649916275000002
120452;120453;08;1;15;028;2016;11;18;3;3;1;5;2;0;1;1;0;0;0;0;500616,666000000030000;5405302,514000000400000;9,008397566999999;48,800713936999998
120453;120454;08;2;12;000;2016;11;10;4;3;1;5;0;1;1;1;0;0;0;0;455476,557600000000000;5428412,844700000200000;8,391191350000000;49,007003238999999
120458;120459;08;1;15;003;2016;11;12;7;3;6;4;0;1;0;1;1;0;0;0;501202,839800000020000;5392760,893000000200000;9,016343277000001;48,687888440999998
120459;120460;08;3;11;000;2016;11;07;5;3;5;7;0;0;1;1;0;0;0;0;412819,612000000020000;5317730,644999999600000;7,831126867000000;48,006922869999997
120464;120465;08;3;17;057;2016;11;10;1;3;6;7;0;0;0;1;1;0;0;0;413042,073299999990000;5379286,133600000300000;7,821437881000000;48,560635912999999
120468;120469;08;1;18;076;2016;11;07;2;3;6;6;0;0;0;1;1;0;0;0;501691,554899999990000;5426750,442300000200000;9,023123893999999;48,993652720999997
120469;120470;08;4;17;031;2016;11;16;2;3;6;4;0;0;0;0;1;0;0;1;497299,120300000010000;5355139,057799999600000;8,963546148000001;48,349423807000001
120470;120471;08;1;27;014;2016;11;17;5;3;5;3;2;0;1;1;0;0;0;0;579114,681400000000000;5441582,526800000100000;10,084310609999999;49,121985410999997
120474;120475;08;1;28;007;2016;11;12;5;2;6;4;0;0;0;1;1;0;0;0;555769,159800000020000;5482441,847600000000000;9,770090443999999;49,492049072999997
120475;120476;08;3;25;049;2016;11;12;6;3;5;3;0;0;1;1;0;0;0;0;471942,538899999990000;5333993,314399999600000;8,622714051999999;48,158566649000001
120477;120478;08;3;35;025;2016;11;14;3;2;6;7;0;0;0;0;1;0;0;1;499304,479999999980000;5283236,718399999700000;8,990729286000001;47,702513324999998
120482;120483;08;3;11;000;2016;11;15;2;3;0;7;0;0;1;1;0;0;0;0;410837,210000000020000;5316923,161799999900000;7,804721527000000;47,999385889999999
120484;120485;08;1;18;048;2016;11;13;6;3;0;7;0;0;0;0;1;0;0;1;511400,619599999980000;5417265,510300000200000;9,155582934000000;48,908226556000002
120489;120490;08;3;11;000;2016;11;19;3;2;0;1;2;0;1;0;0;0;0;0;411345,787000000010000;5316314,987999999900000;7,811663416000000;47,993985942999998
120490;120491;08;4;17;002;2016;11;07;3;3;6;4;0;0;0;1;1;0;0;0;488652,966000000010000;5346447,697800000200000;8,847082817000000;48,271134363000002
120492;120493;08;1;26;046;2016;11;19;4;3;6;4;2;1;0;1;1;0;0;0;548940,745800000030000;5458287,229600000200000;9,672834264000001;49,275382206000003
120494;120495;08;1;15;037;2016;11;06;2;3;5;3;2;0;1;1;0;0;0;0;491691,127299999990000;5385291,185700000300000;8,887255373000000;48,620635743999998
120497;120498;08;2;22;000;2016;11;13;2;3;6;2;0;0;1;0;1;0;0;0;462722,234799999980000;5485835,909199999600000;8,484914673000001;49,523994743999999
120501;120502;08;1;17;019;2016;11;07;4;3;0;1;1;1;1;0;0;0;0;0;552278,923500000030000;5393589,940100000200000;9,710402866000001;48,693157558000003
120503;120504;08;1;28;058;2016;11;09;2;3;5;3;0;0;1;1;0;0;0;0;559134,958699999960000;5482594,648199999700000;9,816585234000000;49,493104645000003
120506;120507;08;3;35;043;2016;11;19;5;3;5;3;2;1;1;1;0;0;0;0;511601,550300000000000;5280539,702999999700000;9,154567198000001;47,678142725000001
120507;120508;08;2;15;106;2016;11;12;6;3;6;4;0;1;0;1;1;0;0;0;464683,475500000000000;5453179,259600000500000;8,514912667000001;49,230375399000003
120509;120510;08;2;22;000;2016;11;08;2;3;6;2;0;0;0;1;1;0;0;0;461811,396200000020000;5482330,668999999800000;8,472668720000000;49,492410364000001
120511;120512;08;3;27;050;2016;11;08;5;3;5;3;0;1;1;1;0;0;0;0;486191,248000000020000;5314608,443000000000000;8,814939858000001;47,984629634999997
120514;120515;08;4;21;000;2016;11;09;6;3;4;2;0;1;1;1;0;0;0;0;572651,890000000010000;5360713,690200000100000;9,981473376000000;48,395396083000001
120516;120517;08;1;16;049;2016;11;13;2;3;6;4;0;0;0;1;1;0;0;0;525977,551300000050000;5384100,019299999800000;9,352416477000000;48,609435728000001
120517;120518;08;3;11;000;2016;11;11;2;3;4;6;0;0;1;1;0;0;0;1;414507,505300000020000;5317810,908499999900000;7,853736599000000;48,007872886000001
120518;120519;08;1;19;067;2016;11;18;5;3;6;4;2;0;0;1;1;0;0;0;538175,829999999960000;5405924,109000000200000;9,519913261999999;48,805133572999999
120519;120520;08;3;27;025;2016;11;10;5;2;6;7;0;0;0;1;1;0;0;0;480314,942400000000000;5309613,310200000200000;8,736417092000000;47,939533799000003
120522;120523;08;4;15;061;2016;11;11;7;3;5;3;0;0;1;1;0;0;0;0;516276,119100000010000;5369559,799800000200000;9,220238029000001;48,478955597000002
120524;120525;08;3;26;074;2016;11;19;6;3;5;3;2;1;1;1;0;0;0;0;465410,182900000010000;5323641,878200000200000;8,535716489000000;48,065115853000002
120525;120526;08;1;15;003;2016;11;09;6;3;5;3;0;1;1;1;0;0;0;0;500706,148300000000000;5393393,779500000200000;9,009595689999999;48,693582712000001
120527;120528;08;3;35;075;2016;11;12;6;3;6;1;0;1;1;0;1;0;0;0;488103,397100000000000;5288892,799700000300000;8,841273752999999;47,753295188999999
120530;120531;08;3;36;050;2016;11;21;3;3;5;3;2;0;1;1;0;0;0;0;399010,252600000010000;5272557,548899999800000;7,656546650000000;47,598557901000000
120532;120533;08;2;31;000;2016;11;07;2;2;6;2;2;0;0;1;1;0;0;0;477236,622099999980000;5415527,072100000500000;8,689449508999999;48,892274759999999
120533;120534;08;3;17;057;2016;11;10;5;3;6;4;0;0;0;1;1;0;0;0;412513,088200000000000;5380100,721099999700000;7,814098711000000;48,567889014000002
120535;120536;08;1;17;026;2016;11;07;6;3;6;4;1;1;0;1;1;0;0;0;548567,116900000020000;5395094,724399999700000;9,660144839000001;48,706993787999998
120536;120537;08;2;15;106;2016;11;10;4;2;5;3;0;1;1;1;0;0;0;0;466811,078700000010000;5454249,764999999700000;8,544046567000001;49,240123572000002
120544;120545;08;3;26;060;2016;11;16;3;3;6;6;1;1;0;1;1;0;0;0;442054,851599999990000;5331309,165599999900000;8,221211230000000;48,132398092000003
120546;120547;08;3;11;000;2016;11;17;5;3;4;3;2;1;1;1;0;0;0;0;415201,952099999990000;5317428,980600000400000;7,863121185000000;48,004529810999998
120548;120549;08;2;21;000;2016;11;13;4;3;6;4;0;1;1;0;1;0;0;0;476427,784800000020000;5474084,766900000200000;8,674986968000001;49,418984420000001
120553;120554;08;3;11;000;2016;11;16;5;3;5;3;1;1;1;0;0;0;0;1;413177,217200000010000;5316766,621700000000000;7,836115551000000;47,998299848999999
120554;120555;08;1;16;033;2016;11;13;4;3;5;7;0;1;1;1;0;0;0;0;533252,811400000010000;5388211,469499999700000;9,451441006000000;48,646077707000003
120559;120560;08;2;21;000;2016;11;10;2;3;6;2;0;0;0;1;1;0;0;0;477292,886500000020000;5469969,069400000400000;8,687150039000001;49,381997226000003
120561;120562;08;2;15;009;2016;11;15;5;3;6;4;0;0;0;1;1;0;0;0;468639,642700000030000;5440372,163900000000000;8,570248964999999;49,115389798000002
120562;120563;08;3;11;000;2016;11;09;5;3;3;6;0;1;1;0;0;0;0;0;412983,743100000020000;5318142,538499999800000;7,833243408000000;48,010650345999998
120564;120565;08;1;16;047;2016;11;19;5;3;5;3;2;0;1;1;0;0;0;0;520119,864999999990000;5392276,553799999900000;9,273348294000000;48,683208147000002
120566;120567;08;3;36;078;2016;11;15;6;3;5;3;0;0;1;1;0;0;0;0;393431,274399999990000;5290600,171299999600000;7,577949010000000;47,759956885999998
120569;120570;08;3;11;000;2016;11;13;2;3;1;7;0;0;1;0;0;0;0;1;415102,342100000010000;5315677,326200000000000;7,862132546000000;47,988759729000002
120574;120575;08;2;15;009;2016;11;07;6;3;6;4;2;1;0;1;1;0;0;0;466602,841000000010000;5437709,925800000300000;8,542558439000000;49,091335250000000
120575;120576;08;4;17;002;2016;11;16;4;3;6;4;0;1;0;1;1;0;0;0;488618,096100000020000;5346145,952499999700000;8,846621021000001;48,268419016000003
120576;120577;08;1;17;026;2016;11;17;5;3;6;4;2;1;0;1;1;0;0;0;549972,432700000000000;5393639,423299999900000;9,679068980000000;48,693791672000003
120577;120578;08;3;26;074;2016;11;07;6;3;5;3;0;1;1;1;0;0;0;0;465641,372500000000000;5323572,351800000300000;8,538825126000001;48,064502834999999
120578;120579;08;4;25;028;2016;11;07;5;3;5;3;0;1;1;1;0;0;0;0;580026,393999999970000;5339966,647500000000000;10,077145990000000;48,207881159999999
120579;120580;08;3;35;043;2016;11;13;3;3;0;7;0;0;1;0;0;0;0;0;511968,363799999990000;5281259,417100000200000;9,159473961000000;47,684611775999997
120580;120581;08;4;35;059;2016;11;17;3;3;5;3;2;1;1;1;0;0;0;0;513888,362100000030000;5289430,585300000400000;9,185317641999999;47,758094100999998
120581;120582;08;3;11;000;2016;11;08;5;3;5;3;0;1;1;1;0;0;0;0;413669,009499999990000;5316677,196800000000000;7,842724764000000;47,997562041000002
120583;120584;08;2;22;000;2016;11;13;4;3;6;7;0;0;0;1;1;0;0;0;461793,834900000020000;5482853,060100000400000;8,472375726999999;49,497107884000002
120584;120585;08;2;26;032;2016;11;13;7;3;6;4;0;0;0;1;1;0;0;0;467768,263800000020000;5463238,914599999800000;8,556471538000000;49,321031294000001
120586;120587;08;1;19;067;2016;11;07;6;3;6;4;1;1;0;0;1;1;0;0;540396,670999999970000;5408425,336000000100000;9,550403552000001;48,827492952999997
120588;120589;08;3;26;027;2016;11;00;7;2;6;2;2;1;0;1;1;0;0;0;461907,262400000010000;5308375,770100000300000;8,490055419000001;47,927569593000001
120590;120591;08;3;26;074;2016;11;21;6;2;6;6;2;1;0;1;1;0;0;0;464804,743200000030000;5322408,074199999700000;8,527691773000001;48,053982458000000
120591;120592;08;3;11;000;2016;11;17;3;3;0;1;1;0;1;0;0;0;0;0;414053,113000000010000;5315236,885999999900000;7,848161016000000;47,984657650000003
120595;120596;08;1;18;048;2016;11;09;7;3;0;7;0;1;1;0;0;0;0;0;516301,103999999990000;5417523,264000000400000;9,222469122000000;48,910435622000001
120596;120597;08;1;16;041;2016;11;06;2;3;6;2;2;0;0;1;1;0;0;0;520028,139499999990000;5384105,888100000100000;9,271706977999999;48,609707219000001
120600;120601;08;2;26;076;2016;11;00;2;3;6;6;2;0;0;0;1;0;0;1;475765,626200000000000;5465624,753600000400000;8,666372867000000;49,342861702999997
120602;120603;08;4;15;061;2016;11;17;3;3;1;5;2;1;1;1;0;0;0;0;515481,652799999980000;5372715,964700000400000;9,209604897000000;48,507369634000000
120604;120605;08;1;18;048;2016;11;12;4;2;6;2;0;1;0;0;1;0;1;0;511308,582600000020000;5415501,450699999900000;9,154278072000000;48,892359222000003
120605;120606;08;4;36;081;2016;11;18;6;3;6;7;2;1;0;1;1;0;0;0;562341,327099999990000;5282052,950000000200000;9,830744779000000;47,688855265999997
120608;120609;08;1;16;019;2016;11;11;3;3;0;7;0;1;1;1;0;0;0;0;523029,328800000020000;5398410,537899999900000;9,313217974000001;48,738288507000000
120610;120611;08;2;26;084;2016;11;10;5;3;5;3;0;1;1;1;0;0;0;0;469288,307500000000000;5469572,883200000000000;8,576899343999999;49,378082601000003
120612;120613;08;1;11;000;2016;11;11;5;3;5;3;0;0;1;1;0;0;0;0;519154,714600000010000;5404388,853199999800000;9,260798959000001;48,792199967999998
120613;120614;08;1;11;000;2016;11;08;5;3;5;3;0;1;1;1;0;0;0;0;512610,396499999970000;5401138,776100000400000;9,171596342999999;48,763129683999999
120614;120615;08;2;22;000;2016;11;05;5;3;1;6;2;1;1;0;0;0;1;0;461781,429999999990000;5485427,818000000000000;8,471955210999999;49,520265602999999
120616;120617;08;1;18;048;2016;11;12;5;3;5;3;0;0;1;1;0;0;0;0;514863,491700000010000;5415622,480399999800000;9,202780274000000;48,893372892999999
120617;120618;08;4;26;021;2016;11;16;6;3;0;3;1;1;1;1;0;0;0;0;557781,046100000040000;5327740,849499999500000;9,776099799000001;48,100311810999997
120620;120621;08;3;36;050;2016;11;13;2;3;6;4;0;0;0;1;1;0;0;0;398953,847400000030000;5274253,813400000300000;7,655405463000000;47,613807565999998
120623;120624;08;1;36;088;2016;11;20;6;3;6;6;2;1;0;1;1;0;0;0;582594,115299999950000;5407744,386900000300000;10,125119196000000;48,817190296000000
120625;120626;08;1;11;000;2016;11;17;5;3;6;4;2;1;0;1;1;0;0;0;511820,762200000000000;5401426,906200000100000;9,160859694000001;48,765737184999999
120627;120628;08;1;11;000;2016;11;07;6;3;6;4;0;1;0;1;1;0;0;0;513981,358499999970000;5403074,284000000000000;9,190317443000000;48,780512080999998
120628;120629;08;3;26;074;2016;11;20;3;3;0;1;2;1;1;0;0;0;0;0;458911,392500000020000;5324191,087700000000000;8,448437222000001;48,069671341999999
120632;120633;08;4;25;002;2016;11;05;7;3;6;6;2;0;0;1;1;0;0;0;553366,848800000040000;5352877,989400000300000;9,719977929000001;48,326834216999998
120634;120635;08;1;11;000;2016;11;18;4;3;5;2;2;1;1;1;0;0;0;0;507361,829000000030000;5397871,018500000200000;9,100118044000000;48,733817154000000
120635;120636;08;3;11;000;2016;11;07;2;3;5;3;0;0;1;1;0;0;0;0;412333,006999999980000;5314501,310100000400000;7,825263696000000;47,977807456999997
120637;120638;08;2;31;000;2016;11;07;4;2;6;2;2;1;0;0;1;1;0;0;477500,141200000010000;5415377,166299999700000;8,693052782000001;48,890935884000001
120639;120640;08;2;15;007;2016;11;12;4;3;6;4;0;1;0;1;1;0;0;0;479067,540600000010000;5431403,071600000400000;8,713610965000001;49,035152844000002
120640;120641;08;3;11;000;2016;11;21;7;3;5;1;2;0;1;1;0;0;0;0;414809,378600000000000;5315795,657100000400000;7,858183335000000;47,989785204999997
120641;120642;08;1;11;000;2016;11;16;5;3;5;3;1;0;1;1;0;0;0;0;511497,951899999990000;5395262,370400000400000;9,156294817999999;48,710287106999999
120644;120645;08;4;16;041;2016;11;16;3;3;0;7;0;1;1;0;0;0;0;0;504285,281100000020000;5373941,449000000000000;9,058030863999999;48,518570758999999
120646;120647;08;1;21;000;2016;11;07;4;3;6;4;0;1;0;1;1;0;0;0;514011,658999999990000;5443434,414800000400000;9,192119397000001;49,143576033999999
120652;120653;08;2;22;000;2016;11;13;2;3;0;7;0;0;1;0;0;0;0;0;461907,806900000030000;5481221,869400000200000;8,474106797999999;49,482443355000001
120654;120655;08;4;15;050;2016;11;15;3;3;1;5;0;1;1;1;0;0;0;0;521205,894800000010000;5376256,673499999600000;9,287284171000000;48,539055540000000
120655;120656;08;1;28;139;2016;11;12;5;2;6;4;0;1;0;1;1;0;0;0;551381,428300000030000;5490374,170400000200000;9,710540709000000;49,563780608999998
120656;120657;08;1;16;072;2016;11;09;4;3;6;6;0;1;0;0;1;0;1;0;531315,996200000050000;5392920,849800000000000;9,425504055999999;48,688542824999999
120658;120659;08;1;11;000;2016;11;12;2;2;2;7;0;0;1;0;0;0;1;0;506831,005699999980000;5398396,578400000000000;9,092907773000000;48,738551147000003
120660;120661;08;1;19;091;2016;11;17;3;3;6;4;2;1;0;1;1;0;0;0;526922,663599999970000;5406783,646700000400000;9,366717726999999;48,813455091999998
120661;120662;08;2;12;000;2016;11;19;5;3;6;7;2;1;1;0;1;0;0;0;456714,627800000020000;5427648,527700000400000;8,408201098999999;49,000216186999999
120665;120666;08;1;16;008;2016;11;14;1;2;3;6;0;0;0;1;1;0;0;0;521518,495999999980000;5381340,079400000200000;9,291781953999999;48,584776165999997
120670;120671;08;3;17;001;2016;11;11;4;3;1;5;0;1;1;1;0;0;0;0;431344,950100000020000;5387050,809999999600000;8,068178861000000;48,632751448000000
120672;120673;08;4;25;033;2016;11;17;4;2;6;2;2;1;0;1;1;0;0;0;553056,171500000050000;5349127,815200000100000;9,715315218000001;48,293123819000002
120673;120674;08;1;21;000;2016;11;17;2;3;5;3;2;0;1;1;0;0;0;0;514181,542699999990000;5444828,459599999700000;9,194497806999999;49,156112028000003
120674;120675;08;1;11;000;2016;11;23;3;2;6;4;2;1;0;0;1;1;0;0;513975,732800000000000;5408781,142099999800000;9,190435153999999;48,831850365000001
120676;120677;08;2;11;000;2016;11;14;5;3;6;2;0;1;0;1;1;0;0;0;443589,552000000030000;5401937,174999999800000;8,232317881000000;48,767883032999997
120679;120680;08;4;21;000;2016;11;17;4;3;3;2;2;1;1;1;0;0;0;0;570100,767100000060000;5361404,960500000000000;9,947130007000000;48,401903093000001
120680;120681;08;3;35;063;2016;11;08;6;3;5;3;0;0;1;1;0;0;0;0;497496,624000000010000;5287719,135599999700000;8,966606277000000;47,742839945999997
120681;120682;08;4;36;010;2016;11;07;5;3;2;6;1;1;1;1;0;0;0;0;566916,427499999990000;5306496,862700000400000;9,895475102000001;47,908305147999997
120682;120683;08;3;36;050;2016;11;08;3;2;5;3;0;0;1;1;0;0;0;0;399242,735900000030000;5274641,107699999600000;7,659159464000000;47,617336391999999
120683;120684;08;4;35;059;2016;11;07;3;3;0;1;0;0;1;0;0;0;0;0;512585,270299999970000;5290607,533900000200000;9,167964164000001;47,768710478000003
120685;120686;08;2;16;015;2016;11;14;5;3;5;3;0;1;1;1;0;0;0;0;450297,662000000010000;5405731,124900000200000;8,323141723999999;48,802582747999999
120686;120687;08;2;22;000;2016;11;12;4;3;0;7;0;0;1;0;0;0;0;0;462208,687700000010000;5481019,733099999800000;8,478279833000000;49,480644050999999
120687;120688;08;2;31;000;2016;11;14;7;3;6;7;0;0;0;1;1;0;0;0;475831,245500000020000;5412879,386099999800000;8,670433433000000;48,868403864999998
120688;120689;08;4;21;000;2016;11;18;4;3;6;4;2;1;0;1;1;0;0;0;571358,470899999960000;5360374,317400000100000;9,963945164000000;48,392491040000003
120689;120690;08;3;11;000;2016;11;10;6;3;5;3;0;1;1;1;0;0;0;0;410975,812099999980000;5314703,715599999800000;7,807039407000000;47,979440732000000
120691;120692;08;3;26;074;2016;11;06;6;2;6;4;2;1;0;1;1;0;0;0;464146,726299999980000;5322401,636199999600000;8,518862273000000;48,053887899000003
120692;120693;08;3;17;096;2016;11;17;3;3;5;3;2;1;1;1;0;0;0;0;421898,175200000000000;5369323,839700000400000;7,943309677000000;48,472192630999999
120693;120694;08;4;25;071;2016;11;12;3;3;5;3;0;0;1;1;0;0;0;0;550509,627400000000000;5371117,785799999700000;9,683629605000000;48,491152499999998
120694;120695;08;1;18;048;2016;11;21;5;2;6;4;2;1;0;1;1;0;0;0;514626,163200000010000;5415920,598799999800000;9,199553133000000;48,896060333000001
120702;120703;08;2;12;000;2016;11;07;6;3;5;3;0;1;1;1;0;0;0;0;453240,634000000020000;5429296,445500000400000;8,360517735000000;49,014785902000000
120704;120705;08;4;15;061;2016;11;16;3;3;5;3;1;1;1;1;0;0;0;0;514585,880000000000000;5371461,809000000400000;9,197433352999999;48,496108261000003
120705;120706;08;4;25;072;2016;11;18;5;3;6;4;2;1;0;1;1;0;0;0;582626,454700000000000;5371951,417200000000000;10,118414737000000;48,495248678000003
120708;120709;08;1;11;000;2016;11;20;2;3;0;1;2;0;1;0;0;0;0;0;512975,584099999980000;5402137,481300000100000;9,176597120000000;48,772106467999997
120709;120710;08;2;12;000;2016;11;00;2;3;4;2;2;0;1;1;0;0;0;0;456971,715000000030000;5427154,414099999700000;8,411768149000000;48,995789537999997
120711;120712;08;2;12;000;2016;11;14;5;3;6;4;0;0;0;0;1;0;0;1;456854,413000000000000;5428485,342500000300000;8,410023226000000;49,007753233999999
120712;120713;08;2;22;000;2016;11;09;6;2;6;2;0;1;0;1;1;0;0;0;461343,010200000020000;5481429,209499999900000;8,466289411000000;49,484272558999997
120715;120716;08;3;36;050;2016;11;06;6;3;7;7;2;1;1;0;0;0;0;0;399709,433399999980000;5273327,169900000100000;7,665669092000000;47,605589469000002
120716;120717;08;4;21;000;2016;11;12;7;3;6;4;0;0;0;0;1;0;0;1;573511,002699999950000;5360965,392400000200000;9,993121620000000;48,397560617000003
120718;120719;08;3;17;089;2016;11;16;4;1;8;1;1;1;1;0;0;0;0;0;433307,271300000020000;5371875,546900000400000;8,097241816000000;48,496459631000000
120720;120721;08;3;17;057;2016;11;07;3;3;0;1;1;0;1;0;0;0;0;0;412401,528999999980000;5380438,753600000400000;7,812515648000000;48,570913816000001
120725;120726;08;4;37;076;2016;11;17;5;3;0;1;2;1;1;0;0;0;0;0;524977,096099999970000;5322188,963299999900000;9,335174164000000;48,052492968000003
120730;120731;08;4;15;061;2016;11;00;6;3;6;7;2;1;0;1;1;0;0;0;514575,743900000000000;5368753,902200000400000;9,197201690000000;48,471747157000003
120736;120737;08;3;36;050;2016;11;13;4;3;5;3;0;0;1;1;0;0;0;0;399664,074100000030000;5274887,764899999800000;7,664708403000000;47,619620548999997
120737;120738;08;4;21;000;2016;11;13;5;3;6;7;0;0;0;1;1;0;0;0;573640,653599999960000;5361188,442900000100000;9,994912034000000;48,399551871000000
120739;120740;08;1;19;067;2016;11;13;2;3;8;1;0;0;1;0;0;0;0;0;539287,699499999990000;5405055,429999999700000;9,534971921000000;48,797250050000002
120740;120741;08;4;26;021;2016;11;11;5;2;3;6;0;1;1;1;0;0;0;0;559001,077500000010000;5326507,023199999700000;9,792314777000000;48,089100258000002