FID;OBJECTID;ULAND;UREGBEZ;UKREIS;UGEMEINDE;UJAHR;UMONAT;USTUNDE;UWOCHENTAG;UKATEGORIE;UART;UTYP1;ULICHTVERH;IstStrasse;IstRad;IstPKW;IstFuss;IstKrad;IstGkfz;IstSonstig;LINREFX;LINREFY;XGCSWGS84;YGCSWGS84
120741;120742;08;2;16;023;2016;11;14;5;3;6;4;0;0;0;1;1;0;0;0;437694,809300000020000;5407773,629099999600000;8,151220682000000;48,819819430000003
120745;120746;08;1;11;000;2016;11;13;2;3;5;3;0;0;1;1;0;0;0;0;517075,526599999980000;5402886,614699999800000;9,232427841000000;48,778746587000001
120748;120749;08;2;22;000;2016;11;17;6;3;6;7;1;0;0;1;1;0;0;0;462164,240200000000000;5481427,843000000300000;8,477627201000001;49,484312021000001
120749;120750;08;4;21;000;2016;11;18;7;3;6;4;2;1;0;1;1;0;0;0;572150,173799999990000;5360750,086299999600000;9,974702838000001;48,395781089000003
120755;120756;08;3;17;073;2016;11;16;4;3;5;2;1;0;1;1;0;0;0;0;411884,056700000020000;5349224,527599999700000;7,812065453000000;48,290082927000000
120761;120762;08;1;15;045;2016;11;09;3;3;3;6;0;0;1;1;0;0;0;0;500240,264900000010000;5395707,529400000300000;9,003266252000000;48,714397746000003
120764;120765;08;4;17;002;2016;11;17;6;1;6;4;2;1;0;0;1;0;1;0;490805,945100000010000;5349963,975599999500000;8,876020605000001;48,302804232000000
120766;120767;08;1;18;048;2016;11;08;3;2;3;6;0;0;1;1;0;0;0;0;513761,077999999980000;5415705,371899999700000;9,187743097000000;48,894144029000003
120767;120768;08;3;11;000;2016;11;12;2;3;6;1;0;0;0;1;1;0;0;0;417479,192400000000000;5315048,677500000200000;7,894103614000000;47,983415819999998
120768;120769;08;1;18;073;2016;11;16;1;3;6;4;1;0;1;0;1;0;0;0;496605,679000000000000;5420070,080600000000000;8,953654676999999;48,933551373999997
120769;120770;08;3;36;069;2016;11;07;3;3;5;3;1;0;1;0;0;0;0;0;408151,749200000020000;5268390,380500000000000;7,778996914000000;47,562430540999998
120772;120773;08;2;12;000;2016;11;18;3;3;6;2;2;0;0;0;1;0;0;1;453576,848799999980000;5428783,086699999900000;8,365174238000000;49,010193606999998
120773;120774;08;4;25;141;2016;11;14;2;3;5;2;0;0;1;1;0;0;0;0;567929,122100000040000;5362923,184899999800000;9,918038738000000;48,415797877999999
120775;120776;08;4;17;079;2016;11;09;5;3;3;7;0;1;1;1;0;0;0;0;500923,560000000000000;5339737,330799999600000;9,012431651000000;48,210863476000000
120776;120777;08;3;15;074;2016;11;13;6;3;2;6;0;0;1;1;0;0;0;0;397475,787100000020000;5295955,942099999600000;7,630637786000000;47,808787731000002
120777;120778;08;1;26;046;2016;11;07;2;3;4;6;0;0;1;1;0;0;0;0;549856,874399999970000;5459365,677299999600000;9,685562656000000;49,285008316000003
120779;120780;08;3;37;127;2016;11;17;5;2;6;4;2;1;0;1;1;0;0;0;454759,835700000000000;5297035,714499999800000;8,395566234000000;47,825079770000002
120780;120781;08;2;26;062;2016;11;06;2;3;4;3;2;0;0;1;1;0;0;0;470148,012500000010000;5468932,532999999800000;8,588790827000000;49,372365518000002
120782;120783;08;3;36;045;2016;11;11;7;3;6;7;0;0;0;1;1;0;0;0;399495,941100000000000;5285390,782200000200000;7,660055237000000;47,714071779999998
120784;120785;08;2;26;082;2016;11;18;5;3;3;6;2;0;1;1;0;0;0;0;475509,384399999980000;5480366,509700000300000;8,661936025999999;49,475450905000002
120785;120786;08;3;36;050;2016;11;18;6;2;6;4;2;1;0;1;1;0;0;0;399205,819299999970000;5272979,506099999900000;7,659050510000000;47,602383989000003
120786;120787;08;4;36;081;2016;11;10;4;3;0;5;0;0;1;1;0;0;0;0;563113,444999999950000;5281524,299999999800000;9,840956233000000;47,684024207000000
120788;120789;08;3;11;000;2016;11;14;2;3;5;3;0;0;1;1;0;0;0;0;412850,168899999990000;5316159,443199999600000;7,831855620000000;47,992793583000001
120789;120790;08;3;11;000;2016;11;08;4;3;1;3;0;0;1;0;0;0;0;0;413530,322400000000000;5317437,624200000400000;7,840712779000000;48,004383601999997
120792;120793;08;4;21;000;2016;11;15;7;3;6;7;0;1;0;0;1;0;0;1;574256,662099999960000;5363581,615000000200000;10,003656787000001;48,421006577999997
120793;120794;08;1;18;080;2016;11;09;2;3;5;2;0;0;1;1;0;0;0;0;509107,607000000020000;5408909,108000000000000;9,124104488000000;48,833092016999998
120795;120796;08;1;19;055;2016;11;16;5;3;2;1;0;0;1;1;0;0;0;0;543178,512600000020000;5405119,179399999800000;9,587956181999999;48,797565448999997
120797;120798;08;1;15;028;2016;11;16;6;3;5;3;0;0;1;1;0;0;0;0;500245,752299999990000;5404961,089200000300000;9,003346375000000;48,797642760000002
120798;120799;08;2;26;107;2016;11;18;5;1;0;4;2;0;0;0;1;0;0;1;475128,882800000020000;5482906,201000000400000;8,656523974000001;49,498279177999997
120799;120800;08;3;11;000;2016;11;15;6;3;0;1;0;1;1;0;0;0;0;0;413861,466900000000000;5316236,545400000200000;7,845392579000000;47,993624179999998
120800;120801;08;3;11;000;2016;11;15;6;3;5;3;0;1;1;0;0;0;0;0;414618,628000000030000;5317620,501000000200000;7,855264105000000;48,006174954000002
120804;120805;08;1;15;028;2016;11;11;4;3;6;4;0;0;0;1;1;0;0;0;500166,006799999970000;5405411,837600000200000;9,002260673000000;48,801697687999997
120806;120807;08;2;26;103;2016;11;05;7;3;6;7;2;1;0;1;1;0;0;0;473302,202600000020000;5456660,569500000200000;8,633059574000001;49,262126385999998
120807;120808;08;1;11;000;2016;11;20;5;3;6;4;2;0;0;1;1;0;0;0;513374,722799999990000;5403318,176300000400000;9,182067759000001;48,782719454999999
120808;120809;08;2;12;000;2016;11;11;6;3;5;3;0;1;1;1;0;0;0;0;456706,076100000010000;5428396,164800000400000;8,408004476000000;49,006940680000000
120809;120810;08;3;17;065;2016;11;12;4;3;5;7;0;0;1;1;0;0;0;0;416965,993000000020000;5354869,821000000500000;7,879452000000000;48,341549385000000
120812;120813;08;1;36;065;2016;11;10;4;3;0;1;0;0;1;0;0;0;0;0;560418,795300000000000;5407093,759899999900000;9,822983778999999;48,813890362000002
120813;120814;08;1;11;000;2016;11;09;2;3;6;4;0;0;0;1;1;0;0;0;511707,796800000010000;5403443,118300000200000;9,159379845000000;48,783877033000003
120814;120815;08;1;25;065;2016;11;17;6;3;0;1;2;0;1;0;0;0;0;0;516112,172900000010000;5446437,134800000100000;9,221040323000000;49,170534900000000
120816;120817;08;1;11;000;2016;11;19;7;2;6;4;2;0;0;1;1;0;0;0;512493,152300000020000;5407181,063699999800000;9,170184673000000;48,817487896999999
120819;120820;08;1;17;042;2016;11;19;3;2;5;2;2;0;1;0;0;0;1;0;553866,854999999980000;5392686,257000000200000;9,731861172000000;48,684893528000003
120820;120821;08;3;25;049;2016;11;21;5;2;6;2;2;0;0;1;1;0;0;0;472542,655000000030000;5334119,129400000000000;8,630775457000000;48,159724777999998
120822;120823;08;1;18;048;2016;11;14;1;3;5;2;0;0;1;1;0;0;0;0;513739,658000000000000;5415705,569100000000000;9,187450870999999;48,894146278000001
120823;120824;08;3;36;050;2016;11;21;7;2;1;5;2;0;1;1;0;0;0;0;400513,267799999970000;5273931,836400000400000;7,676223610000000;47,611152572000002
120827;120828;08;2;22;000;2016;11;09;3;3;1;5;0;0;1;1;0;0;0;0;461386,198199999980000;5481672,950600000100000;8,466861846000001;49,486467629000003
120828;120829;08;1;11;000;2016;11;07;3;3;1;7;2;0;1;1;0;0;0;0;513327,653300000010000;5402607,749599999700000;9,181403982999999;48,776329525000001
120830;120831;08;2;16;043;2016;11;17;2;3;5;3;2;0;1;1;0;0;0;0;441339,246999999970000;5413186,428000000300000;8,200088313000000;48,868862305999997
120833;120834;08;2;22;000;2016;11;10;5;3;3;7;0;0;1;1;0;0;0;0;462737,852000000010000;5481956,105299999900000;8,485496543000000;49,489098962000000
120836;120837;08;4;21;000;2016;11;10;4;3;0;1;0;1;1;0;0;0;0;0;571135,695900000050000;5359504,045199999600000;9,960788866000000;48,384687843999998
120839;120840;08;2;21;000;2016;11;20;6;3;6;4;2;0;0;1;1;0;0;0;476164,564499999980000;5472741,943400000200000;8,671438386000000;49,406895704000000
120840;120841;08;1;36;088;2016;11;17;3;2;6;7;2;0;0;1;1;0;0;0;577682,430000000050000;5410623,540799999600000;10,058768751000001;48,843719964999998
120841;120842;08;3;36;081;2016;11;19;2;3;0;1;2;0;1;0;0;0;0;0;411919,485900000030000;5278060,139100000300000;7,827129813000000;47,649941157000001
120842;120843;08;3;36;081;2016;11;07;4;2;6;4;1;0;0;1;1;0;0;0;411112,939000000010000;5277578,089999999900000;7,816490257000000;47,645494446000001
120843;120844;08;3;17;001;2016;11;19;5;2;0;7;2;0;1;0;0;0;0;0;431764,307700000000000;5386306,254400000000000;8,073992378000000;48,626100057999999
120844;120845;08;2;12;000;2016;11;13;6;3;5;3;0;0;1;0;0;0;0;0;455431,393700000020000;5430589,662999999700000;8,390334728999999;49,026580635000002
120845;120846;08;1;25;013;2016;11;17;2;3;5;3;2;0;1;0;0;0;0;0;504893,099899999970000;5436450,314899999600000;9,067006736000000;49,080891358000002
120847;120848;08;2;12;000;2016;11;15;5;2;5;3;0;0;1;0;0;0;0;0;455843,304500000030000;5428655,597500000100000;8,396179510000000;49,009213176000003
120849;120850;08;4;15;061;2016;11;17;4;3;6;4;2;0;0;1;1;0;0;0;516188,020000000020000;5371342,088000000500000;9,219114999000000;48,494991970999997
120850;120851;08;2;16;007;2016;11;19;4;3;6;4;2;0;0;1;1;0;0;0;435878,089700000010000;5393818,514999999700000;8,128648428000000;48,694108958000001
120851;120852;08;1;15;028;2016;11;15;2;3;5;3;0;0;1;1;0;0;0;0;501158,280399999990000;5404755,777400000000000;9,015771561999999;48,795794758000000
120853;120854;08;4;36;011;2016;11;17;3;3;8;6;1;0;1;1;0;0;0;0;548680,670300000000000;5297119,238699999600000;9,650407274999999;47,825580015000000
120854;120855;08;2;31;000;2016;11;12;5;3;6;7;0;0;1;0;1;0;0;0;478078,631400000010000;5415573,006099999900000;8,700934030999999;48,892718328000001
120855;120856;08;2;11;000;2016;11;14;7;3;6;4;0;1;1;0;1;0;0;0;443736,221800000000000;5400961,655299999800000;8,234447090000000;48,759121331999999
120858;120859;08;3;11;000;2016;11;07;7;3;5;2;2;1;1;1;0;0;0;0;414229,835700000000000;5316060,628800000100000;7,850364345000000;47,992091262000002
120859;120860;08;1;18;048;2016;11;17;5;3;5;3;2;0;1;1;0;0;0;0;512124,314000000010000;5416029,396999999900000;9,165422362999999;48,897093067000000
120861;120862;08;4;35;059;2016;11;14;4;3;6;4;0;0;1;0;1;0;0;0;512403,022999999990000;5290673,702200000200000;9,165533775000000;47,769309362000001
120862;120863;08;1;19;067;2016;11;11;4;3;6;6;0;0;0;1;1;0;0;0;537387,800900000030000;5408938,171199999700000;9,509456308000001;48,832294609999998
120863;120864;08;4;21;000;2016;11;09;1;2;0;7;0;1;1;0;0;0;0;1;573043,121399999950000;5360363,323200000500000;9,986696865000001;48,392199247999997
120865;120866;08;4;35;034;2016;11;17;6;3;0;7;1;0;0;1;1;0;0;0;528935,853200000010000;5285614,152200000400000;9,385844689000001;47,723256352000000
120867;120868;08;2;26;006;2016;11;17;3;3;0;3;2;0;1;1;0;0;0;0;483774,837999999990000;5466821,864000000100000;8,776583357000000;49,353895369000000
120868;120869;08;1;16;077;2016;11;07;3;3;6;1;1;0;0;1;1;0;0;0;515981,474700000020000;5388761,350800000100000;9,216988828000000;48,651704805000001
120869;120870;08;3;17;031;2016;11;12;5;3;0;3;0;0;1;1;0;0;0;0;416896,102100000020000;5358799,314799999800000;7,877732825000000;48,376885580000000
120872;120873;08;1;18;050;2016;11;11;3;3;6;4;0;0;0;1;1;0;0;0;506052,679999999990000;5416921,726099999600000;9,082595240000000;48,905209321000001
120874;120875;08;2;21;000;2016;11;13;1;2;4;6;0;0;1;0;0;0;0;1;479161,106800000010000;5470781,069199999800000;8,712846749000001;49,389367868000001
120875;120876;08;3;15;006;2016;11;09;3;2;0;1;0;0;1;0;0;0;0;0;403673,801600000010000;5306834,845400000000000;7,710975395000000;47,907602498000003
120876;120877;08;4;26;021;2016;11;17;6;2;6;4;2;1;0;1;1;0;0;0;559048,566699999970000;5327300,734400000400000;9,793062230000000;48,096236226999999
120877;120878;08;1;21;000;2016;11;13;6;3;5;3;0;1;1;1;0;0;0;0;515783,279800000020000;5443299,932599999900000;9,216405351000001;49,142323351000002
120878;120879;08;2;15;017;2016;11;09;3;3;6;7;0;0;1;0;1;0;0;0;457140,039300000000000;5420677,080699999800000;8,414751430000001;48,937536346999998
120879;120880;08;4;35;016;2016;11;14;2;3;0;1;0;0;1;0;0;0;0;0;535869,800700000020000;5277988,104899999700000;9,477675377000001;47,654293918999997
120882;120883;08;1;35;016;2016;11;16;2;2;0;1;1;0;1;0;0;0;0;0;589053,500499999970000;5383488,179499999600000;10,207857668000001;48,598136085999997
120886;120887;08;1;19;055;2016;11;09;6;3;0;7;0;0;1;0;1;0;0;0;544302,668999999990000;5404489,481999999800000;9,603194885000001;48,791821949999999
120887;120888;08;2;26;096;2016;11;16;2;3;6;4;0;0;0;0;1;0;0;1;476105,231199999980000;5489102,146999999900000;8,669632021000000;49,554048750000000
120894;120895;08;3;15;113;2016;11;17;2;3;6;4;2;1;0;1;1;0;0;0;441308,182800000010000;5306990,918700000300000;8,214507856000001;47,913555389000003
120896;120897;08;3;15;048;2016;11;19;5;3;5;2;2;0;1;1;0;0;0;0;398981,943000000030000;5310136,921000000100000;7,647433060000000;47,936582166000001
120897;120898;08;2;31;000;2016;11;21;6;2;6;4;2;0;0;1;1;0;0;0;478844,061500000010000;5415374,059500000400000;8,711386700000000;48,890955278000000
120899;120900;08;4;21;000;2016;11;16;5;3;6;4;1;1;1;0;1;0;0;0;573483,765999999950000;5361977,196000000500000;9,992930854000001;48,406665171000000
120904;120905;08;1;17;051;2016;11;17;6;3;6;4;2;1;0;1;1;0;0;0;542947,422000000020000;5395039,172000000300000;9,583758193000000;48,706906380000000
120907;120908;08;3;36;081;2016;11;14;5;2;6;4;0;1;0;1;1;0;0;0;411104,928699999990000;5277506,277099999600000;7,816398221000000;47,644847329999997
120908;120909;08;2;21;000;2016;11;01;6;2;0;7;2;0;1;0;0;0;0;0;477780,151799999990000;5473041,249499999900000;8,693691491999999;49,409649051999999
120909;120910;08;1;17;033;2016;11;17;4;3;6;4;2;0;0;1;1;0;0;0;558497,313199999980000;5388198,471800000400000;9,794132232000001;48,644107845999997
120910;120911;08;3;15;047;2016;11;17;5;3;6;7;2;0;0;1;1;0;0;0;415624,935799999980000;5321600,843899999700000;7,867969459000000;48,042113340000000
120913;120914;08;1;16;047;2016;11;17;6;3;6;2;2;1;0;1;1;0;0;0;520027,944299999970000;5392733,157800000200000;9,272121604000001;48,687318716999997
120914;120915;08;3;17;065;2016;11;17;4;2;5;2;2;0;1;1;0;0;0;0;415540,725800000010000;5354419,332700000100000;7,860312209000000;48,337308346000000
120915;120916;08;3;11;000;2016;11;02;1;3;6;6;2;0;1;0;1;0;0;0;413901,311999999980000;5316230,881000000100000;7,845927690000000;47,993578593000002
120916;120917;08;1;11;000;2016;11;08;2;3;5;3;0;0;1;1;0;0;0;0;508413,718300000010000;5407290,102300000400000;9,114616039000000;48,818537440000000
120917;120918;08;1;27;014;2016;11;08;6;3;5;3;0;0;1;1;0;0;0;0;579030,710199999970000;5442673,207499999600000;10,083373669000000;49,131805585999999
120921;120922;08;1;18;079;2016;11;15;3;3;3;2;0;0;1;0;0;1;0;0;508967,335199999970000;5422120,219999999700000;9,122483049000000;48,951938110999997
120922;120923;08;2;15;110;2016;11;07;2;2;0;7;2;0;1;0;0;0;0;0;461322,283400000010000;5418082,270999999700000;8,472102985999999;48,914470741000002
120925;120926;08;1;15;044;2016;11;07;6;3;6;4;2;1;0;1;1;0;0;0;504366,262500000010000;5389934,198200000500000;9,059295604000001;48,662445036999998
120926;120927;08;1;36;088;2016;11;18;3;3;5;3;2;0;1;1;0;0;0;0;580295,029600000010000;5409229,073400000100000;10,094097159000000;48,830845332999999
120931;120932;08;4;21;000;2016;11;17;6;3;6;2;2;1;0;1;1;0;0;0;571614,243699999990000;5360612,564899999600000;9,967440387000000;48,394605147000000
120933;120934;08;2;22;000;2016;11;06;3;3;5;3;2;0;1;1;0;0;0;0;461474,130300000020000;5480594,762699999800000;8,468180903000000;49,476775484000001
120935;120936;08;3;36;057;2016;11;12;5;3;6;4;0;1;0;1;1;0;0;0;408104,202800000030000;5277469,054399999800000;7,776461839000000;47,644093392000002
120936;120937;08;2;21;000;2016;11;16;2;3;1;5;0;0;1;1;0;0;0;0;478529,089900000020000;5473089,419999999900000;8,704013118000001;49,410109227000000
120938;120939;08;1;18;067;2016;11;07;6;3;5;3;1;0;1;1;0;0;0;0;505489,853200000010000;5413868,162899999900000;9,074873850000000;48,877745386000001
120939;120940;08;2;26;084;2016;11;17;5;3;5;3;2;0;1;0;0;0;0;0;469121,978000000000000;5470293,720200000300000;8,574551994000000;49,384557956000002
120941;120942;08;4;26;021;2016;11;12;4;3;3;3;0;0;1;1;0;0;0;0;559008,944499999980000;5327316,205699999800000;9,792532269000001;48,096379081000002
120943;120944;08;3;36;069;2016;11;07;5;3;5;3;0;1;1;1;0;0;0;0;407577,156800000000000;5268193,663200000300000;7,771401640000000;47,560579349000001
120945;120946;08;1;17;038;2016;11;16;2;2;6;4;2;0;0;1;1;0;0;0;546923,234799999980000;5397374,247200000100000;9,638061254000000;48,727625089999997
120948;120949;08;1;25;065;2016;11;19;2;3;6;7;2;0;0;1;1;0;0;0;516513,041199999980000;5447301,543700000300000;9,226575212000000;49,178299836999997
120949;120950;08;1;11;000;2016;11;16;6;3;3;6;2;0;1;1;0;0;0;0;510804,769600000000000;5395335,248100000400000;9,146874142000000;48,710955114000001
120950;120951;08;2;15;009;2016;11;17;5;3;5;3;2;0;1;1;0;0;0;0;468948,491199999990000;5440364,405199999900000;8,574481788000000;49,115335684000001
120952;120953;08;4;16;048;2016;11;13;4;2;4;6;0;0;1;1;0;0;0;0;492980,375000000000000;5378334,427000000100000;8,904866934999999;48,558066811000003
120955;120956;08;2;21;000;2016;11;11;6;3;5;7;0;0;1;1;0;0;0;0;476729,452200000000000;5471626,363400000100000;8,679290355999999;49,396883097000000
120957;120958;08;3;11;000;2016;11;12;5;3;5;3;0;0;1;0;0;1;0;0;413900,438199999980000;5317137,626100000000000;7,845734039000000;48,001734976999998
120959;120960;08;1;11;000;2016;11;09;5;3;1;5;0;0;1;1;0;0;0;0;511529,146799999990000;5402144,992100000400000;9,156911466000000;48,772202516999997
120960;120961;08;1;11;000;2016;11;09;6;2;5;3;0;0;1;1;0;0;0;0;512830,701300000020000;5402966,587200000000000;9,174651152999999;48,779568048000002
120961;120962;08;3;11;000;2016;11;17;3;3;5;2;2;0;1;1;0;0;0;0;414200,587100000000000;5318152,711699999900000;7,849553981000000;48,010906396999999
120964;120965;08;1;19;008;2016;11;13;5;3;8;1;0;0;0;1;1;0;0;0;531883,827999999980000;5422534,184999999600000;9,435521218000000;48,954904892999998
120965;120966;08;4;37;053;2016;11;10;5;3;6;7;0;1;0;1;1;0;0;0;528003,472900000050000;5319765,147699999600000;9,375626479999999;48,030560426999998
120967;120968;08;1;26;046;2016;11;07;4;3;0;1;2;0;1;1;0;0;0;0;549989,966299999970000;5459237,906700000200000;9,687376637000000;49,283848208000002
120969;120970;08;4;15;061;2016;11;15;3;2;0;1;0;0;1;0;0;0;0;0;516646,580100000020000;5374438,483199999700000;9,225445377000000;48,522836142000003
120970;120971;08;4;16;041;2016;11;17;6;3;6;4;2;1;0;1;1;0;0;0;504521,526200000020000;5373990,961199999800000;9,061230607000001;48,519014531000003
120972;120973;08;1;16;033;2016;11;13;3;3;5;3;0;0;1;1;0;0;0;0;533398,907600000040000;5388686,879200000300000;9,453462691000000;48,650346648000003
120973;120974;08;3;11;000;2016;11;09;5;3;0;1;0;1;1;0;0;0;0;0;415658,145900000000000;5316072,997299999900000;7,869502632000000;47,992392510999998
120977;120978;08;4;21;000;2016;11;06;2;3;5;2;1;0;1;1;0;0;0;0;571362,578100000040000;5360423,568500000100000;9,964009007000000;48,392933603000003
120978;120979;08;3;35;043;2016;11;06;3;3;5;3;1;0;1;1;0;0;0;0;512059,568000000030000;5280892,821999999700000;9,160679088000000;47,681311586000000
120979;120980;08;2;12;000;2016;12;10;5;3;6;4;0;0;0;1;1;0;0;0;453248,297199999970000;5428909,774000000200000;8,360667072000000;49,011308358999997
120985;120986;08;3;35;043;2016;11;09;2;2;3;6;0;0;1;0;0;0;0;0;513339,354899999980000;5278885,410299999600000;9,177669296000000;47,663224433000003
120986;120987;08;2;22;000;2016;11;15;4;3;5;2;0;0;1;1;0;0;0;0;462713,428499999980000;5478637,742300000000000;8,485472078999999;49,459250408999999
120990;120991;08;3;36;050;2016;12;11;6;3;3;2;0;0;1;1;0;0;0;0;399117,137600000020000;5273572,146900000100000;7,657734641000000;47,607701196999997
120991;120992;08;1;17;049;2016;11;16;2;3;5;3;2;0;1;1;0;0;0;0;556430,617300000040000;5392716,533900000200000;9,766694641000001;48,684939344999997
120992;120993;08;1;16;019;2016;12;09;5;3;6;7;0;0;0;1;1;0;0;0;524398,595600000000000;5397587,399000000200000;9,331792091000001;48,730831524000003
120993;120994;08;2;12;000;2016;11;08;4;2;5;2;0;0;1;1;0;0;0;0;451149,737900000010000;5427789,496000000300000;8,332105907000001;49,001068895000003
120994;120995;08;2;12;000;2016;12;13;6;3;3;6;0;0;1;1;0;0;0;0;454427,348000000000000;5428837,202100000300000;8,376797813000000;49,010743777000002
120997;120998;08;3;11;000;2016;11;18;2;3;3;7;2;0;1;0;0;0;0;0;414027,060999999990000;5315231,707999999600000;7,847812983000000;47,984607570000001
121000;121001;08;2;15;017;2016;12;17;6;3;6;2;2;1;0;1;1;0;0;0;456381,706100000010000;5420831,680400000000000;8,404380498000000;48,938874003999999
121002;121003;08;3;35;043;2016;11;10;3;3;0;3;0;0;1;1;0;0;0;0;512889,414999999980000;5278960,575400000400000;9,171678711000000;47,663909867999998
121003;121004;08;2;22;000;2016;11;09;3;2;6;2;0;0;0;0;1;0;1;0;463107,571500000020000;5484933,292399999700000;8,490323224000001;49,515899785000002
121011;121012;08;1;11;000;2016;12;08;7;3;0;7;1;2;1;0;0;0;0;0;506422,957899999980000;5406356,434500000400000;9,087482291000001;48,810162034000001
121012;121013;08;1;16;050;2016;11;17;2;3;6;6;2;0;0;1;1;0;0;0;526740,361500000000000;5388010,905799999800000;9,363016949000000;48,644586013000001
121013;121014;08;2;26;096;2016;12;07;6;3;0;7;0;0;0;1;1;0;0;0;475885,456400000020000;5488475,196600000400000;8,666631859000001;49,548400866999998
121014;121015;08;1;16;019;2016;11;11;3;3;0;3;0;0;1;1;0;0;0;0;523390,749699999990000;5398386,044499999800000;9,318132129000000;48,738054701000003
121015;121016;08;3;26;074;2016;11;07;3;3;6;7;1;0;0;1;1;0;0;0;463693,873900000010000;5323249,622999999700000;8,512713400000001;48,061491433999997
121023;121024;08;1;19;020;2016;11;16;4;3;0;2;0;0;1;1;0;0;0;0;519426,093999999980000;5408612,701200000000000;9,264693790999999;48,830188509999999
121025;121026;08;2;22;000;2016;12;17;5;3;1;3;1;0;1;1;0;0;0;0;461046,649299999990000;5481736,228000000100000;8,462167699000000;49,487015075000002
121026;121027;08;4;35;059;2016;11;17;4;3;5;3;2;0;1;1;0;0;0;0;515188,386899999980000;5291284,535500000200000;9,202729063000000;47,774745697000000
121027;121028;08;4;16;036;2016;11;18;2;3;2;6;2;0;1;1;0;0;0;0;497985,264000000020000;5369315,305999999900000;8,972738957000001;48,476963501999997
121028;121029;08;4;17;002;2016;11;11;3;3;5;3;0;0;1;1;0;0;0;0;488885,612100000030000;5346392,141599999700000;8,850219498000000;48,270638665000000
121031;121032;08;1;11;000;2016;11;00;2;3;0;1;2;0;1;0;0;0;0;0;514310,129900000000000;5402163,550900000100000;9,194761032000001;48,772311727000002
121034;121035;08;2;22;000;2016;12;16;6;3;1;5;2;1;1;1;0;0;0;0;463072,113100000020000;5478279,825000000200000;8,490454840000000;49,456053017999999
121036;121037;08;2;16;043;2016;11;13;3;2;2;6;0;0;1;1;0;0;0;0;441746,224999999980000;5411789,979000000300000;8,205836176000000;48,856339658000003
121037;121038;08;3;26;074;2016;11;15;2;3;5;3;0;0;1;1;0;0;0;0;459461,549899999980000;5323087,378399999800000;8,455926701999999;48,059776835000001
121039;121040;08;1;19;079;2016;11;15;7;3;6;7;0;0;0;0;1;0;0;1;525603,502400000000000;5407675,913499999800000;9,348805273000000;48,821537448000001
121040;121041;08;3;35;043;2016;11;12;2;3;1;2;0;0;1;1;0;0;0;0;513788,479300000010000;5280006,799599999600000;9,183686633000001;47,673304897999998
121041;121042;08;3;17;065;2016;11;17;3;3;5;2;2;0;1;1;0;0;0;0;411613,127400000000000;5356281,487099999600000;7,806934226000000;48,353520594999999
121042;121043;08;2;16;007;2016;11;09;4;3;6;4;0;0;0;1;1;0;0;0;436372,450100000020000;5394201,386500000000000;8,135306499000000;48,697603522999998
121044;121045;08;1;16;004;2016;11;18;2;2;0;1;1;0;1;0;0;0;0;0;527949,057500000000000;5396789,382100000000000;9,380019045999999;48,723503551999997
121045;121046;08;4;15;073;2016;12;18;6;2;5;2;2;1;1;1;0;0;0;0;517684,744799999990000;5350516,731599999600000;9,238496483000001;48,307596766000003
121047;121048;08;2;26;076;2016;11;07;4;3;5;3;2;0;1;1;0;0;0;0;474691,831699999980000;5465832,585900000300000;8,651577351000000;49,344687524000001
121048;121049;08;2;12;000;2016;12;14;6;3;1;5;0;0;1;1;0;0;0;0;455231,300899999970000;5427431,569799999700000;8,387946114000000;48,998158832000001
121051;121052;08;2;22;000;2016;11;12;4;3;5;3;0;0;1;1;0;0;0;0;462469,882500000010000;5483063,009899999900000;8,481691544000000;49,499038472999999
121052;121053;08;2;12;000;2016;11;11;2;2;3;2;0;0;1;0;0;0;1;0;456216,211399999970000;5428708,389100000300000;8,401272836000000;49,009714613000000
121053;121054;08;1;25;005;2016;12;19;7;3;6;2;2;0;0;1;1;0;0;0;515797,625999999990000;5452458,144000000300000;9,216961905000000;49,224703517000002
121056;121057;08;4;16;041;2016;11;18;1;2;0;7;1;1;1;0;0;0;0;0;502383,351599999990000;5374031,212600000200000;9,032275637000000;48,519388407000001
121057;121058;08;4;15;014;2016;11;16;1;3;6;4;2;1;0;0;1;0;0;1;525427,245899999980000;5375553,309000000400000;9,344428477999999;48,532571042999997
121060;121061;08;2;15;009;2016;11;11;3;3;5;3;0;0;1;1;0;0;0;0;469467,067700000010000;5441077,644799999900000;8,581533993000001;49,121777383000001
121063;121064;08;1;16;019;2016;11;14;4;3;6;7;0;0;0;1;1;0;0;0;522010,643700000020000;5398638,133399999700000;9,299375372000000;48,740372759000003
121064;121065;08;4;35;016;2016;12;03;6;3;9;1;2;1;1;0;0;0;0;0;533416,947799999970000;5278716,454900000200000;9,445067666000000;47,660978557000000
121071;121072;08;3;36;091;2016;11;16;3;3;6;4;0;0;0;1;1;0;0;0;394596,149700000010000;5273218,329300000300000;7,597685314000000;47,603799051999999
121073;121074;08;1;28;115;2016;11;05;2;3;0;7;2;2;1;0;0;0;0;0;547541,853899999990000;5496879,537800000000000;9,658235004000000;49,622604295999999