FID;OBJECTID;ULAND;UREGBEZ;UKREIS;UGEMEINDE;UJAHR;UMONAT;USTUNDE;UWOCHENTAG;UKATEGORIE;UART;UTYP1;ULICHTVERH;IstStrasse;IstRad;IstPKW;IstFuss;IstKrad;IstGkfz;IstSonstig;LINREFX;LINREFY;XGCSWGS84;YGCSWGS84
121074;121075;08;3;26;074;2016;12;16;5;2;6;7;1;0;0;1;1;0;0;0;460643,441300000010000;5323166,035899999600000;8,471781115000001;48,060558507000003
121075;121076;08;1;15;041;2016;11;11;4;3;5;3;0;0;1;1;0;0;0;0;495559,563599999990000;5401678,570799999900000;8,939570680999999;48,768097572000002
121078;121079;08;4;26;021;2016;11;17;4;2;6;4;2;0;0;1;1;0;0;0;558702,286599999990000;5326052,004300000100000;9,788240209000000;48,085034411999999
121080;121081;08;4;15;061;2016;11;11;2;2;5;3;0;0;1;1;0;0;0;0;514959,730800000020000;5372570,167799999900000;9,202533455999999;48,506070645999998
121081;121082;08;3;11;000;2016;11;13;3;3;3;2;0;0;1;1;0;0;0;0;414284,763099999980000;5319424,478199999800000;7,850428118000000;48,022357675999999
121082;121083;08;2;16;007;2016;11;14;4;3;6;3;0;0;1;0;1;0;0;0;436348,111099999980000;5393772,522400000100000;8,135041866000000;48,693743378000001
121084;121085;08;1;11;000;2016;11;16;4;3;6;4;1;0;0;1;1;0;0;0;511696,008199999980000;5401346,064199999900000;9,159159722000000;48,765012292000002
121085;121086;08;3;26;003;2016;11;17;1;3;6;2;2;0;0;1;1;0;0;0;464876,505899999990000;5318617,148199999700000;8,528965753000000;48,019880116000003
121093;121094;08;3;11;000;2016;11;18;1;3;5;3;2;0;1;1;0;0;0;0;414574,602699999990000;5318501,142199999700000;7,854498527000000;48,014090766000002
121094;121095;08;4;15;053;2016;12;16;6;3;6;4;2;1;0;1;1;0;0;0;537018,821000000000000;5361974,374900000200000;9,500236394000000;48,409836755999997
121095;121096;08;1;15;050;2016;12;12;6;2;6;4;0;0;0;1;1;0;0;0;489000,995600000020000;5401759,251000000200000;8,850314051000000;48,768742007999997
121096;121097;08;2;12;000;2016;11;07;3;3;5;3;0;0;1;1;0;0;0;0;455525,308100000020000;5428762,698499999900000;8,391819591000001;49,010153723000002
121097;121098;08;3;11;000;2016;11;16;1;3;5;3;2;0;1;1;0;0;0;0;412921,270000000020000;5316280,325000000200000;7,832783920000000;47,993890641999997
121100;121101;08;2;15;017;2016;12;09;6;3;5;2;0;1;1;1;0;0;0;0;455701,972000000010000;5421678,538999999900000;8,395007011000001;48,946443369000001
121102;121103;08;2;11;000;2016;11;15;3;3;6;7;0;0;0;1;1;0;0;0;444550,668999999990000;5401223,699000000000000;8,245492547000000;48,761551548000000
121103;121104;08;3;17;001;2016;11;19;2;3;5;3;2;0;1;1;0;0;0;0;431955,297299999980000;5387117,370699999900000;8,076450747000001;48,633416879999999
121104;121105;08;1;18;007;2016;12;17;7;2;5;3;2;0;1;1;0;0;0;0;510348,003399999990000;5427703,541799999800000;9,141483339000001;49,002142016000001
121107;121108;08;1;26;060;2016;12;11;6;3;5;2;0;0;1;1;0;0;0;0;544727,397099999940000;5460468,143199999800000;9,615157080000000;49,295321532000003
121108;121109;08;3;11;000;2016;11;13;3;3;6;4;0;0;0;1;1;0;0;0;411812,705900000000000;5315564,154299999600000;7,818074947000000;47,987296549000000
121109;121110;08;1;15;045;2016;11;18;3;3;6;4;2;0;0;1;1;0;0;0;500327,746099999990000;5395049,666899999600000;9,004454982000000;48,708479529999998
121110;121111;08;2;12;000;2016;11;16;2;2;5;3;2;0;1;1;0;0;0;0;458376,189699999990000;5430830,754999999900000;8,430590436999999;49,028955072999999
121111;121112;08;3;35;079;2016;12;09;5;3;6;7;0;0;0;1;1;0;0;0;501049,615899999980000;5300078,983199999700000;9,014031236999999;47,854051732999999
121114;121115;08;1;11;000;2016;12;06;6;3;0;7;2;1;1;0;0;0;0;1;515521,141000000000000;5408043,828999999900000;9,211465033000000;48,825180918999997
121116;121117;08;1;11;000;2016;12;13;7;3;6;7;0;0;0;1;1;0;0;0;516366,427000000030000;5406505,279000000100000;9,222920013000000;48,811318679999999
121120;121121;08;1;17;018;2016;11;07;3;3;5;3;2;0;1;1;0;0;0;0;538865,183399999980000;5395111,223899999600000;9,528280182000000;48,707822298000004
121123;121124;08;3;11;000;2016;12;13;5;3;7;2;0;0;0;1;1;0;0;0;411715,807900000010000;5321237,398099999900000;7,815608370000000;48,038315394000001
121125;121126;08;2;22;000;2016;11;17;1;3;1;4;2;0;0;1;1;0;0;0;461012,733699999980000;5482122,203599999700000;8,461661377000000;49,490484535999997
121127;121128;08;4;15;080;2016;11;18;4;3;1;5;2;0;1;1;0;0;0;0;510955,856499999990000;5373956,519100000200000;9,148363330000001;48,518625358999998
121128;121129;08;1;11;000;2016;11;11;7;3;1;5;0;0;1;1;0;0;0;0;508667,880500000030000;5407812,086600000000000;9,118089392000000;48,823229652999999
121130;121131;08;2;22;000;2016;12;14;5;3;6;4;0;0;0;1;1;0;0;0;461687,744000000010000;5481715,192699999500000;8,471020987999999;49,486866687000003
121131;121132;08;4;36;082;2016;11;08;4;3;4;2;0;0;1;1;0;0;0;0;547504,324600000050000;5294090,951399999700000;9,634359588000001;47,798422688999999
121133;121134;08;2;31;000;2016;11;18;3;2;6;4;2;0;0;1;1;0;0;0;479133,005799999980000;5415686,190700000200000;8,715312539999999;48,893772906000002
121138;121139;08;3;11;000;2016;11;20;4;3;6;4;2;0;0;1;1;0;0;0;415159,358599999980000;5316941,151399999900000;7,862646733000000;48,000135936000000
121139;121140;08;1;11;000;2016;11;10;7;3;6;7;0;0;0;0;1;0;0;1;516509,051800000020000;5407457,792100000200000;9,224900954000001;48,819883558999997
121141;121142;08;3;27;049;2016;11;07;2;3;5;3;1;0;1;1;0;0;0;0;472920,770900000000000;5324944,559100000200000;8,636442786000000;48,077199047999997
121143;121144;08;2;12;000;2016;12;10;7;3;3;2;0;0;1;1;0;0;0;0;455091,727300000030000;5429276,357800000300000;8,385834001999999;49,014742726999998
121144;121145;08;1;11;000;2016;11;12;1;3;5;2;0;0;1;1;0;0;0;0;512476,312600000000000;5401537,300499999900000;9,169783884999999;48,766717489999998
121145;121146;08;3;35;063;2016;11;13;2;3;0;7;0;0;1;0;0;0;0;0;498002,335700000000000;5288348,373800000200000;8,973349315000000;47,748503335999999
121147;121148;08;1;35;020;2016;11;09;4;3;1;5;0;0;1;1;0;0;0;0;586665,250800000040000;5386014,665400000300000;10,175999997000000;48,621195301999997
121148;121149;08;2;16;024;2016;12;11;7;3;6;7;0;0;0;1;1;0;0;0;447192,711499999980000;5408518,821000000500000;8,280502378000000;48,827402591000002
121150;121151;08;4;16;036;2016;12;09;6;3;0;2;0;2;1;0;0;0;0;0;494777,094300000000000;5369783,127899999700000;8,929323947000000;48,481153761000002
121151;121152;08;1;15;045;2016;12;17;5;3;5;3;1;0;1;1;0;0;0;0;500214,880699999980000;5395412,890599999600000;9,002921016000000;48,711747164999998
121152;121153;08;2;15;105;2016;11;06;4;2;6;4;2;0;0;0;1;0;0;1;457880,116199999990000;5442636,753600000400000;8,422574659000000;49,135116719999999
121153;121154;08;2;12;000;2016;12;13;6;3;5;2;0;0;1;1;0;0;0;0;452599,388199999990000;5426552,288999999900000;8,352068928000000;48,990053181999997
121154;121155;08;4;21;000;2016;11;14;6;3;6;4;0;0;0;1;1;0;0;0;571583,861700000010000;5360224,955000000100000;9,966963944000000;48,391121935000001
121157;121158;08;1;27;014;2016;12;18;7;3;6;7;2;0;0;1;1;0;0;0;578075,875400000020000;5443177,393699999900000;10,070384592000000;49,136462219999999
121160;121161;08;1;15;003;2016;12;06;6;2;6;4;2;1;0;1;1;0;0;0;501370,068600000000000;5392972,262000000100000;9,018616156000000;48,689789593999997
121161;121162;08;3;35;043;2016;11;14;7;3;6;2;0;0;0;1;1;0;0;0;513279,216599999990000;5278393,973899999600000;9,176853373000000;47,658803884000001
121164;121165;08;4;21;000;2016;11;17;6;3;0;6;2;0;1;0;1;0;0;0;572693,987199999970000;5360730,123900000000000;9,982044836000000;48,395539055999997
121167;121168;08;4;36;049;2016;12;16;5;3;6;7;1;0;0;1;1;0;0;0;578115,711299999970000;5282878,177100000000000;10,041065800000000;47,694564923999998
121170;121171;08;3;25;053;2016;11;02;7;3;6;7;2;0;0;1;1;0;0;0;454460,450699999990000;5341807,756299999500000;8,386807143000000;48,227856305000003
121171;121172;08;2;22;000;2016;12;12;6;3;1;7;0;0;1;0;0;0;0;1;462010,537000000010000;5480936,201999999600000;8,475552449000000;49,479880362000003
121172;121173;08;1;16;056;2016;11;11;3;3;6;4;0;0;0;1;1;0;0;0;530354,517200000000000;5395604,994800000500000;9,412637707000000;48,712736505999999
121174;121175;08;2;26;032;2016;11;10;3;3;5;3;0;0;1;0;0;0;0;1;467744,083300000000000;5463128,525299999900000;8,556147734000000;49,320037081999999
121175;121176;08;1;19;020;2016;11;13;3;3;6;6;0;0;1;0;1;0;0;0;519475,267999999980000;5408527,531700000200000;9,265359767000000;48,829420802999998
121178;121179;08;3;17;096;2016;11;15;7;3;0;1;0;0;1;0;0;0;0;0;424843,811500000010000;5367986,446100000300000;7,983396758000000;48,460521696999997
121179;121180;08;2;26;018;2016;12;19;5;3;5;3;2;0;1;1;0;0;0;0;472815,266799999980000;5471736,085500000000000;8,625339520000001;49,397707816999997
121186;121187;08;2;15;009;2016;11;15;4;2;6;4;0;0;0;1;1;0;0;0;470378,016799999980000;5442056,850399999900000;8,593946663000001;49,130630101999998
121188;121189;08;4;25;071;2016;11;16;6;3;0;1;1;1;1;0;0;0;0;0;551774,040999999970000;5371145,565299999900000;9,700745115000000;48,491299490000003
121190;121191;08;4;21;000;2016;11;21;3;3;6;4;2;0;0;1;1;0;0;0;570957,103800000040000;5362648,165099999900000;9,958908510000001;48,412990260000001
121192;121193;08;1;21;000;2016;12;07;5;3;5;3;1;0;1;1;0;0;0;0;515074,788600000030000;5441041,639200000100000;9,206606826000000;49,122027006000003
121193;121194;08;3;37;051;2016;11;07;4;2;6;4;1;0;0;1;1;0;0;0;437606,956799999990000;5287101,463200000100000;8,167843345000000;47,734270193999997
121194;121195;08;4;16;041;2016;11;07;6;3;6;4;1;0;0;0;1;1;0;0;504061,573800000010000;5372601,775000000400000;9,054988399999999;48,506520033000001
121196;121197;08;1;21;000;2016;11;07;4;3;6;2;0;0;0;1;1;0;0;0;514177,740899999980000;5444824,127700000100000;9,194445513000000;49,156073149000001
121198;121199;08;3;15;015;2016;11;16;7;3;0;6;0;0;1;0;0;0;0;1;395049,801700000010000;5320057,928299999800000;7,592376099000000;48,025184668000001
121199;121200;08;4;15;092;2016;12;17;6;3;6;7;2;0;0;1;1;0;0;0;519220,089299999990000;5364320,782599999600000;9,259832943999999;48,431740298999998
121200;121201;08;2;12;000;2016;12;19;6;3;3;6;2;0;1;1;0;0;0;0;456794,607699999990000;5428778,108199999700000;8,409174329000001;49,010382513000003
121201;121202;08;4;15;050;2016;11;16;6;3;6;4;0;0;0;1;1;0;0;0;521008,542699999990000;5376145,772699999600000;9,284605011000000;48,538064491999997
121202;121203;08;1;19;020;2016;11;17;3;3;5;7;2;0;1;1;0;0;0;0;520000,486700000010000;5407342,173200000100000;9,272458229000000;48,818740871999999
121203;121204;08;2;26;032;2016;11;11;2;3;4;2;0;0;1;1;0;0;0;0;468074,571699999970000;5462467,461100000000000;8,560748107000000;49,314108279999999
121204;121205;08;1;19;020;2016;11;10;3;3;6;5;0;0;1;1;1;0;0;0;520116,179000000000000;5406932,506699999800000;9,274014150999999;48,815051859000000
121205;121206;08;3;17;073;2016;11;06;2;3;5;2;2;0;1;1;0;0;0;0;410467,327899999970000;5347717,388000000300000;7,793289599000000;48,276327741999999
121207;121208;08;3;11;000;2016;11;02;7;2;6;4;2;0;0;1;1;0;0;0;413805,195499999970000;5316968,499200000400000;7,844491447000000;48,000200784999997
121208;121209;08;3;36;050;2016;12;09;6;3;6;4;0;0;0;1;1;0;0;0;399444,074700000000000;5273710,334900000100000;7,662051669000000;47,608995055999998
121209;121210;08;1;27;076;2016;12;13;6;2;6;4;0;0;0;0;1;0;0;1;552333,302000000030000;5439509,458999999800000;9,717025997000000;49,106202486000001
121217;121218;08;2;22;000;2016;12;18;5;3;6;4;2;0;0;1;1;0;0;0;463491,051099999980000;5483061,631799999600000;8,495793903999999;49,499088399999998
121218;121219;08;4;36;064;2016;11;19;4;3;0;1;2;0;1;0;0;0;0;0;544836,362100000030000;5291890,920900000300000;9,598507128000000;47,778820303000003
121220;121221;08;1;18;046;2016;12;11;7;3;5;3;0;1;1;1;0;0;0;0;513577,006899999980000;5411492,737200000300000;9,185091962000000;48,856252216999998
121223;121224;08;1;15;003;2016;12;07;6;3;5;2;2;1;1;1;0;0;0;0;501117,154600000010000;5392096,748700000300000;9,015177255999999;48,681913885000000
121226;121227;08;3;17;041;2016;12;14;5;3;6;2;0;0;0;1;1;0;0;0;438874,376400000010000;5348378,564199999900000;8,176009982000000;48,285655624999997
121227;121228;08;4;16;036;2016;11;12;3;3;6;3;0;0;0;1;1;0;0;0;495301,184499999970000;5369635,304200000100000;8,936417562000001;48,479828011999999
121228;121229;08;2;21;000;2016;12;18;5;3;6;4;2;0;0;1;1;0;0;0;478553,505100000010000;5468547,123399999900000;8,704594776000000;49,369252645000003
121230;121231;08;3;27;050;2016;11;11;6;3;5;3;0;0;1;1;0;0;0;0;487820,668000000010000;5313331,956000000200000;8,836812883000000;47,973177950999997
121231;121232;08;4;15;053;2016;11;07;2;3;5;2;0;0;1;1;0;0;0;0;537671,565799999980000;5362110,005199999500000;9,509068772999999;48,411018227000000
121232;121233;08;3;11;000;2016;12;10;5;3;5;3;0;0;1;1;0;0;0;0;410850,723999999990000;5315875,524899999600000;7,805120270000000;47,989964034000003
121234;121235;08;2;16;007;2016;12;13;3;3;1;5;0;0;1;1;0;0;0;0;436600,163699999980000;5393476,592400000400000;8,138511992000000;48,691107125999999
121235;121236;08;3;16;020;2016;12;09;4;3;0;1;0;2;1;0;0;0;0;0;409036,454900000010000;5338284,370099999900000;7,776034565000000;48,191276045000002
121237;121238;08;1;16;020;2016;12;10;2;2;6;4;0;0;0;1;1;0;0;0;526568,601600000050000;5382301,390200000300000;9,360319510000000;48,593230329999997
121238;121239;08;2;11;000;2016;12;12;4;3;6;3;0;0;0;1;1;0;0;0;444032,476499999990000;5401058,028300000400000;8,238464600000000;48,760014931999997
121239;121240;08;3;17;096;2016;12;15;7;3;0;7;0;0;1;0;0;0;0;0;421830,479999999980000;5368851,865000000200000;7,942482173000000;48,467938848000003
121240;121241;08;1;15;003;2016;12;18;3;3;6;4;2;0;0;1;1;0;0;0;500398,448700000010000;5390612,750000000000000;9,005411749000000;48,668564517999997
121243;121244;08;1;16;033;2016;12;20;2;2;6;7;2;0;0;1;1;0;0;0;533275,272099999940000;5387954,422899999700000;9,451725271000001;48,643764146999999
121245;121246;08;1;21;000;2016;12;07;6;3;5;3;0;0;1;1;0;0;0;0;512747,005100000010000;5444852,185399999800000;9,174824184000000;49,156356911000003
121253;121254;08;3;15;064;2016;12;21;6;3;4;2;2;0;1;1;0;0;0;0;421693,283999999990000;5312749,197999999900000;7,950987463000000;47,963260147000000
121254;121255;08;1;11;000;2016;12;08;2;3;5;3;0;0;1;0;0;0;0;1;512986,690100000010000;5402664,742300000000000;9,176764923000000;48,776849437999999
121256;121257;08;1;18;049;2016;12;13;5;3;0;1;0;0;1;0;0;0;0;0;518895,778799999970000;5420892,436900000100000;9,258035671000000;48,940669753999998
121257;121258;08;2;12;000;2016;12;07;3;3;2;6;1;0;1;1;0;0;0;0;455113,351599999990000;5428491,300499999900000;8,386216534000001;49,007682645999999
121259;121260;08;1;11;000;2016;12;14;3;3;6;6;0;0;1;1;1;0;0;0;508474,297399999980000;5407174,574900000400000;9,115438891000000;48,817497346000003
121262;121263;08;1;17;010;2016;12;23;4;3;6;7;2;0;0;1;1;0;0;0;567143,566800000030000;5390575,150799999900000;9,911880719999999;48,664617120999999
121266;121267;08;3;11;000;2016;12;20;3;3;5;3;2;1;1;1;0;0;0;0;414133,289899999970000;5319689,525000000400000;7,848343943000000;48,024721515000003
121269;121270;08;3;27;050;2016;12;07;5;3;0;1;2;2;1;0;0;0;0;0;487478,032000000010000;5314499,043999999800000;8,832188005000001;47,983671841000003
121271;121272;08;1;15;045;2016;12;09;3;2;2;6;0;0;1;1;0;0;0;0;499005,287000000010000;5395584,125099999800000;8,986477791000000;48,713286846000003
121272;121273;08;4;37;104;2016;12;13;2;2;6;4;0;0;0;1;1;0;0;0;517164,800899999970000;5326185,852599999900000;9,230500546000000;48,088710982999999
121275;121276;08;3;11;000;2016;12;10;3;3;5;3;0;0;1;1;0;0;0;0;414898,725500000000000;5316775,971699999600000;7,859186227000000;47,998615434000001
121277;121278;08;2;21;000;2016;12;18;4;3;5;3;2;0;1;1;0;0;0;0;474985,349200000000000;5473568,167799999900000;8,655131636000000;49,414280106000000
121280;121281;08;3;11;000;2016;12;18;3;3;6;4;2;0;1;0;1;0;0;0;411810,069000000020000;5315275,632600000100000;7,818098874000000;47,984700848000003
121282;121283;08;2;12;000;2016;12;08;4;3;5;3;0;0;1;0;0;0;0;1;456119,773999999980000;5428060,841000000000000;8,400024153000000;49,003882994999998
121283;121284;08;2;31;000;2016;12;13;7;2;0;7;0;0;1;1;0;0;0;0;477853,719800000020000;5415083,204599999800000;8,697892227000001;48,888304241000000
121284;121285;08;4;15;061;2016;12;11;2;2;5;2;0;1;1;1;0;0;0;0;516037,274399999990000;5370150,661799999900000;9,217028835000001;48,484277347000003
121286;121287;08;3;11;000;2016;12;18;4;3;3;1;2;0;1;0;0;1;0;0;411575,740300000000000;5317116,300699999600000;7,814579941000000;48,001225804000001
121287;121288;08;3;11;000;2016;12;14;3;2;0;1;0;2;1;0;0;0;0;0;415955,455800000000000;5315366,902300000200000;7,873625137000000;47,986080006000002
121290;121291;08;3;11;000;2016;12;08;5;3;5;2;0;0;1;1;0;0;0;0;414163,408200000010000;5315485,668999999800000;7,849589121000000;47,986910362000003
121295;121296;08;3;17;096;2016;12;18;7;3;2;6;2;0;1;1;0;0;0;0;420633,089299999990000;5367663,988199999600000;7,926511546000000;48,457104072000000
121298;121299;08;1;15;045;2016;12;14;4;3;6;7;0;0;1;0;1;0;0;0;499885,291499999990000;5394934,142599999900000;8,998440823999999;48,707440339999998
121299;121300;08;3;26;074;2016;12;19;6;3;6;4;2;0;0;1;1;0;0;0;460118,127700000010000;5322862,614500000100000;8,464759301000001;48,057796088000003
121301;121302;08;3;17;057;2016;12;17;6;3;6;4;2;0;0;1;1;0;0;0;412645,929699999980000;5380536,282499999700000;7,815807518000000;48,571825142999998
121302;121303;08;1;15;045;2016;12;14;4;3;4;6;0;0;1;1;0;0;0;0;500139,044899999980000;5395174,511300000400000;9,001890050000000;48,709602709999999
121303;121304;08;2;21;000;2016;12;16;5;3;5;3;1;1;1;1;0;0;0;0;477149,509800000000000;5472171,770300000000000;8,685048033999999;49,401804865000003
121306;121307;08;1;16;071;2016;12;07;4;3;5;3;1;0;1;1;0;0;0;0;528045,294600000020000;5390911,885099999600000;9,380928401000000;48,670625899000001
121309;121310;08;2;12;000;2016;12;13;6;3;5;3;0;0;1;1;0;0;0;0;454930,133700000010000;5429287,753300000000000;8,383622914000000;49,014833447000001
121310;121311;08;1;11;000;2016;12;08;2;3;6;4;0;0;0;1;1;0;0;0;514402,500300000010000;5404099,376199999800000;9,196086010000000;48,789724100999997
121311;121312;08;3;15;004;2016;12;14;6;3;4;6;0;0;1;1;0;0;0;0;395102,439499999980000;5293371,262000000100000;7,599572892000000;47,785156544000003
121316;121317;08;4;16;025;2016;12;08;3;2;6;3;0;1;0;1;1;0;0;0;504294,772899999980000;5361388,508899999800000;9,058030528000000;48,405638721000003
121317;121318;08;3;35;075;2016;12;13;2;3;5;3;0;0;1;1;0;0;0;0;489001,256799999970000;5289332,745199999800000;8,853241958000000;47,757269559999997
121319;121320;08;1;17;018;2016;12;11;7;2;6;3;0;0;0;1;1;0;0;0;538491,182000000030000;5395786,561999999900000;9,523259731000000;48,713920629999997
121320;121321;08;2;12;000;2016;12;15;3;3;3;2;0;0;1;1;0;0;0;0;458782,894700000000000;5427239,613900000200000;8,436518531000001;48,996679499999999
121321;121322;08;2;21;000;2016;12;04;6;3;0;7;2;0;1;0;0;0;0;0;479006,299999999990000;5473291,720700000400000;8,710580903000000;49,411945545000002
121326;121327;08;4;36;008;2016;12;19;5;3;6;2;2;1;0;1;1;0;0;0;547566,224200000060000;5310819,857900000200000;9,637028193000001;47,948925262000003
121327;121328;08;1;18;048;2016;12;14;5;3;0;1;0;0;0;0;1;0;0;1;511878,279199999990000;5417491,231800000200000;9,162108041000000;48,910248105999997
121328;121329;08;1;35;019;2016;12;15;3;2;6;7;0;0;0;1;1;0;0;0;590571,574900000010000;5400414,570700000000000;10,232150084000001;48,750155139999997
121332;121333;08;4;36;064;2016;12;13;6;3;6;4;0;0;0;1;1;0;0;0;545925,829299999980000;5292487,718799999900000;9,613112380000001;47,784112952999998
121334;121335;08;4;16;048;2016;12;02;1;3;6;7;2;1;0;0;1;1;0;0;493987,591699999990000;5376923,042000000400000;8,918537551000000;48,545380022000003
121336;121337;08;3;11;000;2016;12;08;7;3;0;7;0;1;1;0;0;0;0;0;415942,043599999980000;5315321,732599999800000;7,873454264000000;47,985671920999998
121337;121338;08;3;26;017;2016;12;18;2;3;6;6;2;1;0;1;1;0;0;0;440800,614599999970000;5322334,902300000200000;8,205600342000000;48,051548591000000
121341;121342;08;4;15;061;2016;12;17;6;2;6;4;2;0;1;0;1;0;0;0;516333,620200000000000;5373020,144999999600000;9,221151437000000;48,510084556999999
121342;121343;08;2;31;000;2016;12;16;3;3;6;4;1;0;0;1;1;0;0;0;478596,018099999990000;5416131,431400000100000;8,707963210000001;48,897759823000001
121345;121346;08;3;11;000;2016;12;17;7;2;1;5;2;0;1;0;0;1;0;0;413644,205000000020000;5315744,326000000400000;7,842580024000000;47,989167182999999
121346;121347;08;3;36;050;2016;12;13;2;3;1;5;0;0;0;1;1;0;1;0;399951,841799999990000;5274990,518000000200000;7,668513536000000;47,620589356000004
121347;121348;08;1;11;000;2016;12;00;4;3;5;3;2;0;1;1;0;0;0;0;516137,462200000010000;5402962,458700000300000;9,219662219000000;48,779453914000001
121348;121349;08;3;25;057;2016;12;18;6;3;6;6;2;1;0;1;1;0;0;0;472535,436999999980000;5356655,501500000200000;8,629215009999999;48,362474935999998
121349;121350;08;3;17;096;2016;12;16;1;3;0;7;1;0;1;0;0;0;0;0;422293,416099999970000;5363967,205299999600000;7,949650402000000;48,424058846000001
121350;121351;08;3;11;000;2016;12;17;1;3;0;7;1;0;1;1;0;0;0;0;417469,182700000000000;5315006,351900000100000;7,893977630000000;47,983033786999997
121352;121353;08;2;16;043;2016;12;13;5;2;5;2;0;0;1;1;0;0;0;0;441222,143999999970000;5412482,308199999900000;8,198592778000000;48,862517699000001
121353;121354;08;4;15;050;2016;12;15;3;3;0;1;0;2;1;0;0;0;0;0;520940,032200000020000;5375450,932099999900000;9,283641984000001;48,531815831999999
121354;121355;08;3;11;000;2016;12;08;1;3;0;1;0;0;1;0;0;0;0;0;404437,107100000020000;5317026,546099999900000;7,718922909000000;47,999391164000002
121357;121358;08;2;31;000;2016;12;02;7;3;6;4;2;1;0;1;1;0;0;0;478343,367600000000000;5415437,199900000400000;8,704552887000000;48,891505971000001
121359;121360;08;3;15;047;2016;12;07;2;2;6;4;2;0;0;1;1;0;0;0;415146,030499999990000;5321610,057599999900000;7,861543639000000;48,042132737999999
121360;121361;08;3;11;000;2016;12;15;6;3;1;6;0;0;1;1;0;0;0;0;409682,986700000010000;5316569,616100000200000;7,789326469000000;47,996043659000001
121361;121362;08;2;26;068;2016;12;13;1;3;5;3;0;0;1;1;0;0;0;0;468461,218200000000000;5460482,803999999500000;8,566224433000000;49,296276622000001
121362;121363;08;1;17;015;2016;12;10;6;3;6;7;0;0;0;1;1;0;0;0;559609,691200000000000;5392944,982699999600000;9,809915702000000;48,686698763999999
121363;121364;08;1;25;065;2016;12;17;5;3;5;3;2;0;1;1;0;0;0;0;516462,591200000020000;5449007,691200000200000;9,225952864000000;49,193648424999999
121370;121371;08;2;12;000;2016;12;12;2;3;1;7;0;0;1;1;0;0;0;0;456993,524800000010000;5427589,328900000100000;8,412020244000001;48,999703179000001
121371;121372;08;1;16;033;2016;12;16;5;2;5;3;0;1;1;1;0;0;0;0;534266,638099999980000;5387195,288099999500000;9,465120217999999;48,636881494000001
121372;121373;08;1;36;019;2016;12;09;7;3;6;7;0;0;0;1;1;0;0;0;582786,234799999980000;5423658,642900000300000;10,130959609000000;48,960298201999997
121375;121376;08;2;12;000;2016;12;22;1;2;0;7;2;0;1;0;0;0;0;0;456874,812600000000000;5428126,256000000100000;8,410340296999999;49,004524629999999
121376;121377;08;3;35;063;2016;12;13;5;2;5;3;0;0;1;0;0;0;0;1;497930,469999999970000;5287296,570100000100000;8,972395563999999;47,739039411000000
121377;121378;08;1;17;015;2016;12;17;5;3;5;3;2;0;1;1;0;0;0;0;559395,538999999990000;5392655,140999999800000;9,806964664000001;48,684111991999998
121378;121379;08;2;26;084;2016;12;15;2;3;5;3;0;0;1;1;0;0;0;0;469151,816500000020000;5469812,833700000300000;8,575000414000000;49,380234004999998
121381;121382;08;3;25;053;2016;12;17;4;2;6;4;2;1;0;1;1;0;0;0;454124,579499999990000;5342205,356999999800000;8,382241838000001;48,231409032999998
121382;121383;08;4;25;141;2016;12;13;6;3;3;6;0;0;1;1;0;0;0;0;568076,503000000030000;5362766,685999999800000;9,920004873000000;48,414374205000001
121383;121384;08;2;26;063;2016;12;17;3;3;1;5;2;0;1;1;0;0;0;0;470613,541199999980000;5471504,885599999700000;8,595013164999999;49,395525921000001
121384;121385;08;2;12;000;2016;12;01;1;3;0;7;2;0;1;0;0;0;0;0;456805,259900000000000;5428664,791600000100000;8,409332044999999;49,009363962000002
121386;121387;08;2;26;098;2016;12;12;7;3;6;7;0;0;0;1;1;0;0;0;478130,456000000010000;5460212,557000000000000;8,699224860999999;49,294268410000001
121387;121388;08;2;11;000;2016;12;20;1;2;6;4;2;0;0;1;1;0;0;0;444668,075599999980000;5401434,354700000000000;8,247061647000001;48,763456888000000
121388;121389;08;3;11;000;2016;12;12;4;3;3;2;0;1;1;1;0;0;0;0;413761,973000000000000;5317515,479000000300000;7,843802178000000;48,005115230000001
121390;121391;08;2;22;000;2016;12;14;2;2;6;5;0;0;0;1;1;0;0;0;461191,752400000000000;5481575,792600000300000;8,464186807000001;49,485581342000003
121391;121392;08;1;25;065;2016;12;16;3;3;6;4;2;0;0;1;1;0;0;0;516373,110700000020000;5447986,611899999900000;9,224683138000000;49,184465957000000
121393;121394;08;2;22;000;2016;12;18;3;2;5;3;2;1;1;1;0;0;0;0;462548,583999999970000;5481104,568099999800000;8,482963966000000;49,481428166999997
121397;121398;08;3;36;050;2016;12;17;3;3;3;2;2;0;1;1;0;0;0;0;399959,717500000030000;5274378,491200000000000;7,668758098000000;47,615085172999997
121398;121399;08;2;22;000;2016;12;15;2;3;6;4;0;0;0;1;1;0;0;0;461527,615700000020000;5483007,828999999900000;8,468684355000001;49,498483120000003
121399;121400;08;1;11;000;2016;12;13;4;3;2;7;0;0;1;1;0;0;0;0;517036,829900000010000;5405245,610899999700000;9,231998926999999;48,799968878999998
121400;121401;08;3;17;001;2016;12;12;6;3;6;3;0;0;0;1;1;0;0;0;431755,703700000010000;5386429,127299999800000;8,073855406000000;48,627204364000001