FID;OBJECTID;ULAND;UREGBEZ;UKREIS;UGEMEINDE;UJAHR;UMONAT;USTUNDE;UWOCHENTAG;UKATEGORIE;UART;UTYP1;ULICHTVERH;IstStrasse;IstRad;IstPKW;IstFuss;IstKrad;IstGkfz;IstSonstig;LINREFX;LINREFY;XGCSWGS84;YGCSWGS84
121402;121403;08;2;26;096;2016;12;09;2;2;0;7;0;2;1;0;0;0;0;0;476279,947300000000000;5485176,754700000400000;8,672283770000000;49,518748170999999
121404;121405;08;1;11;000;2016;12;00;4;3;0;1;2;2;1;0;0;0;0;0;511181,036700000000000;5395572,332299999900000;9,151995317000001;48,713081299000002
121405;121406;08;3;35;099;2016;12;12;6;3;5;3;0;0;1;0;0;0;0;1;495341,751899999970000;5298457,396200000300000;8,937746145000000;47,839445599000001
121408;121409;08;1;18;048;2016;12;18;4;2;6;2;2;0;0;1;1;0;0;0;513338,919700000030000;5415286,970499999800000;9,181969941000000;48,890389431000003
121409;121410;08;2;21;000;2016;12;13;5;3;0;1;0;0;1;0;0;0;0;0;477107,907000000010000;5472722,176000000000000;8,684442900000001;49,406754116999998
121412;121413;08;2;21;000;2016;12;07;2;3;5;3;0;0;1;1;0;0;0;0;476924,060200000010000;5473914,221900000200000;8,681839404000000;49,417469427000000
121414;121415;08;2;12;000;2016;12;17;6;3;0;4;2;0;0;0;1;0;0;1;455760,727799999990000;5428725,612999999900000;8,395042751000000;49,009837058000002
121416;121417;08;1;11;000;2016;12;01;6;3;6;7;2;0;0;1;1;0;0;0;512716,925300000000000;5402388,469600000400000;9,173084564000000;48,774369682000000
121419;121420;08;1;19;067;2016;12;16;6;3;6;4;1;0;0;1;1;0;0;0;538723,111200000040000;5406132,785100000000000;9,527385991999999;48,806976870000000
121422;121423;08;4;35;016;2016;12;17;3;2;4;6;2;0;1;1;0;0;0;0;537616,640800000050000;5279080,409699999700000;9,501031035000001;47,664022594000002
121425;121426;08;1;36;088;2016;12;13;7;2;5;3;0;0;1;1;0;0;0;0;578243,398999999980000;5409292,554999999700000;10,066158956000001;48,831678203999999
121426;121427;08;2;22;000;2016;12;12;3;2;5;2;0;0;1;1;0;0;0;0;461987,016000000000000;5482163,668999999800000;8,475109739000001;49,490919316000003
121435;121436;08;3;35;043;2016;12;18;4;3;4;6;2;0;1;0;0;0;0;0;511856,422000000020000;5279960,462399999600000;9,157947106000000;47,672926287999999
121438;121439;08;2;22;000;2016;12;08;4;3;0;1;1;1;1;0;0;0;0;0;462372,156000000020000;5479997,960300000400000;8,480633656000000;49,471463870000001
121439;121440;08;2;26;032;2016;12;15;7;3;5;2;0;0;1;1;0;0;0;0;466385,133399999990000;5462607,195299999800000;8,537492666000000;49,315274484000000
121440;121441;08;1;28;045;2016;12;17;2;2;6;7;2;0;0;1;1;0;0;0;556880,478299999960000;5506402,737499999800000;9,788903787000001;49,707446036999997
121442;121443;08;3;11;000;2016;12;16;4;3;5;3;1;0;1;0;0;0;0;0;413893,771000000010000;5315932,137799999700000;7,845886562000000;47,990890272000001
121445;121446;08;3;11;000;2016;12;08;5;3;2;6;0;0;1;1;0;0;0;0;410261,272500000020000;5314468,103099999900000;7,797515681000000;47,977221508000000
121446;121447;08;2;22;000;2016;12;11;7;2;5;3;0;1;1;1;0;0;0;0;465801,897699999970000;5475868,531700000200000;8,528328162999999;49,434524168999999
121447;121448;08;3;17;057;2016;12;09;4;3;0;1;0;2;1;0;0;0;0;0;412249,537399999970000;5379124,646099999500000;7,810732902000000;48,559072997999998
121448;121449;08;4;21;000;2016;12;16;6;3;0;1;0;0;1;0;0;0;0;0;572935,917299999970000;5360410,197999999900000;9,985257072000000;48,392633306999997
121449;121450;08;2;22;000;2016;12;14;3;3;5;3;0;0;1;1;0;0;0;0;463318,440500000030000;5478252,765100000400000;8,493856127000001;49,455824550000003
121450;121451;08;4;15;061;2016;12;10;7;2;0;1;0;2;1;0;0;0;0;0;514894,992700000000000;5377700,386300000400000;9,201840335000000;48,552225167000003
121451;121452;08;2;26;098;2016;12;07;4;3;5;3;2;1;1;1;0;0;0;0;476268,292699999990000;5460968,968299999800000;8,673569735999999;49,301002836999999
121453;121454;08;1;27;025;2016;12;07;2;3;0;7;0;0;1;1;0;0;0;0;556407,180999999980000;5427820,401999999800000;9,771209494000001;49,000702588999999
121455;121456;08;3;26;074;2016;12;13;6;3;6;4;0;0;0;1;1;0;0;0;464063,974500000010000;5323133,676500000100000;8,517690306000000;48,060469247999997
121460;121461;08;3;17;153;2016;12;06;3;3;0;7;2;2;1;0;0;0;0;0;421682,703600000010000;5390878,383800000000000;7,936336137000000;48,666043487000003
121462;121463;08;3;15;006;2016;12;07;3;3;5;2;0;0;1;1;0;0;0;0;403319,040199999990000;5306947,238599999800000;7,706204074000000;47,908560096999999
121464;121465;08;3;36;050;2016;12;07;6;2;4;6;1;1;1;0;0;0;0;0;398550,230300000000000;5272395,152700000400000;7,650466351000000;47,597025269000000
121466;121467;08;1;18;079;2016;12;17;6;3;1;7;2;0;0;1;1;0;0;0;509529,379000000020000;5423286,928999999500000;9,130187183000000;48,962425023000002
121467;121468;08;1;25;001;2016;12;16;5;3;6;2;1;1;0;1;1;0;0;0;521503,015300000030000;5436971,368999999900000;9,294490821000000;49,085222289000001
121468;121469;08;1;17;018;2016;12;07;3;3;4;1;0;0;1;1;0;0;0;0;538782,204600000060000;5394918,825000000200000;9,527134254000000;48,706096702000004
121469;121470;08;3;11;000;2016;12;09;3;3;8;1;0;1;1;0;0;0;0;0;415116,219999999970000;5315981,977000000000000;7,862258270000000;47,991502035000003
121470;121471;08;1;18;046;2016;12;10;2;3;7;7;0;0;1;0;0;0;0;0;513613,792299999970000;5412367,048100000200000;9,185622527000000;48,864116527000000
121471;121472;08;4;16;041;2016;12;17;4;3;5;2;2;1;1;1;0;0;0;0;503482,819499999980000;5374387,983799999600000;9,047167740000001;48,522592914000001
121472;121473;08;4;25;019;2016;12;14;7;3;6;4;0;0;0;1;1;0;0;0;575929,179699999980000;5372330,882700000000000;10,027846661000000;48,499507008999998
121476;121477;08;3;11;000;2016;12;21;4;3;6;2;2;2;0;1;1;0;0;0;414604,021200000020000;5319263,940499999600000;7,854740958000000;48,020956343000002
121477;121478;08;2;12;000;2016;12;15;7;3;5;3;0;0;1;1;0;0;0;0;455006,790500000000000;5426642,190999999600000;8,384964331999999;48,991041963999997
121478;121479;08;2;12;000;2016;12;04;7;2;0;7;2;1;1;0;0;0;0;0;456037,467899999990000;5428562,830699999800000;8,398844489000000;49,008392592000000
121479;121480;08;2;22;000;2016;12;18;3;2;6;4;2;0;0;1;1;0;0;0;461626,943099999970000;5483784,362900000100000;8,469980598999999;49,505473903000002
121481;121482;08;3;35;063;2016;12;12;7;3;0;1;0;0;1;0;0;0;0;0;497702,911700000000000;5288963,050099999600000;8,969351476000000;47,754032936000002
121482;121483;08;4;26;013;2016;12;15;5;3;5;2;0;0;1;1;0;0;0;0;544096,341000000010000;5323253,276999999800000;9,591838919000001;48,061033336999998
121483;121484;08;1;18;011;2016;12;14;5;3;5;2;0;0;1;1;0;0;0;0;505263,010899999990000;5408009,961299999600000;9,071704750000000;48,825047894999997
121487;121488;08;4;21;000;2016;12;17;6;2;5;3;2;0;1;0;0;0;0;1;572468,929600000030000;5360559,753100000300000;9,978975524000001;48,394032436000003
121488;121489;08;2;16;028;2016;12;08;3;2;0;1;0;2;1;0;0;0;0;0;426676,706899999990000;5396926,203499999800000;8,003077445000001;48,721048285999998
121489;121490;08;2;22;000;2016;12;09;4;2;6;7;0;0;0;0;1;0;0;1;461350,433699999990000;5481810,551400000200000;8,466354618000000;49,487702998000003
121490;121491;08;2;21;000;2016;12;10;7;2;0;1;0;2;1;0;0;0;0;0;477192,835299999980000;5475646,575000000200000;8,685445495000000;49,433061758999997
121492;121493;08;3;11;000;2016;12;08;4;1;2;6;0;1;1;0;0;0;1;0;413275,932099999980000;5315864,845700000400000;7,837620793000000;47,990201464000002
121494;121495;08;1;36;065;2016;12;14;6;3;6;6;0;0;0;1;1;0;0;0;558674,539100000050000;5405631,872800000000000;9,799018199000001;48,800907789999997
121497;121498;08;2;26;012;2016;12;08;5;3;0;1;0;1;1;0;0;0;0;0;476600,428900000000000;5477260,485899999700000;8,677179931000000;49,447556028000001
121500;121501;08;2;26;096;2016;12;21;7;3;6;4;2;0;0;0;1;0;0;1;475063,820599999980000;5488517,892400000200000;8,655270780000000;49,548751619999997
121501;121502;08;3;11;000;2016;12;09;2;3;0;1;0;2;1;0;0;0;0;0;414966,701000000000000;5315240,197999999900000;7,860401519000000;47,984809552999998
121502;121503;08;1;19;020;2016;12;16;3;2;5;3;0;0;1;1;0;0;0;0;519861,605700000010000;5407547,954400000200000;9,270576297000000;48,820596494000000
121503;121504;08;1;11;000;2016;12;17;3;3;6;6;2;0;1;0;1;0;0;0;513176,646100000010000;5403287,728600000000000;9,179370413999999;48,782449776999997
121504;121505;08;3;11;000;2016;12;07;2;3;0;1;0;2;1;0;0;0;0;0;415627,917200000030000;5316075,149100000000000;7,869097113000000;47,992407880000002
121505;121506;08;1;27;071;2016;12;14;3;3;6;7;0;0;0;1;1;0;0;0;576304,424600000030000;5458907,278900000300000;10,049092307000000;49,278156015000000
121506;121507;08;1;16;070;2016;12;13;3;3;6;7;0;0;0;1;1;0;0;0;540157,555999999980000;5384685,911999999500000;9,544834395000001;48,613957016999997
121507;121508;08;2;12;000;2016;12;18;2;3;5;3;2;1;1;1;0;0;0;0;451640,156499999980000;5428846,150200000000000;8,338684720000000;49,010612123999998
121508;121509;08;4;21;000;2016;12;19;6;3;4;3;2;0;1;1;0;0;0;0;572831,685500000020000;5360457,861899999900000;9,983857536000000;48,393074102999996
121509;121510;08;2;21;000;2016;12;09;5;3;0;1;0;1;1;0;0;0;0;0;476582,098100000000000;5471991,513899999700000;8,677238064000001;49,400161920000002
121510;121511;08;1;11;000;2016;12;07;5;3;6;2;0;0;0;1;1;0;0;0;511458,757300000000000;5402466,197399999900000;9,155962420000000;48,775093360000000
121511;121512;08;1;16;049;2016;12;08;4;3;5;3;1;1;1;1;0;0;0;0;525381,398700000020000;5386502,708900000000000;9,344476154000001;48,631074906000002
121516;121517;08;4;16;041;2016;12;19;2;3;6;4;2;1;0;1;1;0;0;0;505473,836899999990000;5375223,928000000300000;9,074142997999999;48,530099157000002
121517;121518;08;3;17;096;2016;12;08;6;3;3;6;0;1;1;1;0;0;0;0;421299,158400000010000;5366890,042299999900000;7,935664460000000;48,450226163000004
121518;121519;08;2;12;000;2016;12;18;4;3;6;4;2;0;0;1;1;0;0;0;456898,571000000000000;5428653,382000000200000;8,410609171999999;49,009267856000001
121519;121520;08;1;11;000;2016;12;14;5;3;5;3;0;0;1;1;0;0;0;0;513964,350700000010000;5405022,294800000300000;9,190152134000000;48,798036568999997
121523;121524;08;3;11;000;2016;12;13;5;3;5;2;0;0;1;1;0;0;0;0;413876,346800000000000;5317726,396999999900000;7,845292919000000;48,007027933000003
121524;121525;08;1;15;028;2016;12;08;4;3;5;2;0;0;1;1;0;0;0;0;501997,935999999990000;5404022,491999999600000;9,027201047000000;48,789196034000000
121526;121527;08;4;17;079;2016;12;06;5;3;6;2;2;0;0;1;1;0;0;0;498831,737700000000000;5339608,186999999900000;8,984274870000000;48,209701183999996
121530;121531;08;3;17;089;2016;12;10;2;3;0;7;0;0;1;0;0;0;0;0;431865,604400000010000;5377733,360299999800000;8,076772706000000;48,548997127000000
121532;121533;08;2;37;054;2016;12;20;4;3;6;7;2;0;0;1;1;0;0;0;468267,143400000000000;5374611,725100000400000;8,570231887000000;48,523813244999999
121534;121535;08;1;11;000;2016;12;13;4;3;6;4;0;0;0;0;1;0;0;1;514354,786000000020000;5408895,843999999600000;9,195604167999999;48,832873556999999
121535;121536;08;2;12;000;2016;12;17;6;3;5;3;2;0;1;1;0;0;0;0;458396,296099999980000;5431454,642500000100000;8,430801456999999;49,034568374000003
121536;121537;08;3;25;053;2016;12;18;5;2;6;4;2;1;0;1;1;0;0;0;453940,419500000020000;5342414,316800000100000;8,379739372000000;48,233275546999998
121539;121540;08;2;22;000;2016;12;20;6;3;6;7;2;0;0;1;1;0;0;0;461161,501700000020000;5482543,297899999700000;8,463674099000000;49,494281589000003
121540;121541;08;4;15;050;2016;12;13;5;3;0;1;0;1;1;0;0;0;0;0;520801,251600000020000;5377076,956399999600000;9,281843357000000;48,546448538000000
121543;121544;08;3;16;014;2016;12;08;2;2;0;1;0;2;1;0;0;0;0;0;425786,256999999980000;5330208,865799999800000;8,002781874000000;48,120810785000003
121544;121545;08;1;11;000;2016;12;12;4;3;6;7;0;0;0;0;1;0;1;0;515893,270699999990000;5405646,678200000000000;9,216442161000000;48,803607114999998
121546;121547;08;1;35;019;2016;12;23;1;1;0;1;2;0;1;0;0;0;0;0;584865,317300000000000;5392590,835199999600000;10,152928962000001;48,680590404000000
121548;121549;08;2;12;000;2016;12;13;1;3;0;7;0;1;1;0;0;0;0;0;456229,697600000010000;5428707,308100000000000;8,401457361000000;49,009705846000003
121549;121550;08;2;26;105;2016;12;18;2;3;5;3;2;1;1;1;0;0;0;0;470613,734999999990000;5478213,475599999500000;8,594518862999999;49,455867851999997
121553;121554;08;1;11;000;2016;12;15;4;3;5;3;0;0;1;1;0;0;0;0;519194,250000000000000;5402232,054999999700000;9,261236529000000;48,772796485000001
121554;121555;08;2;12;000;2016;12;23;5;2;0;1;2;0;1;0;0;0;0;0;458781,179599999970000;5428198,484500000300000;8,436397768000001;49,005304598000002
121556;121557;08;1;11;000;2016;12;14;4;2;6;3;0;0;0;1;1;0;0;0;516183,397000000000000;5405299,798999999600000;9,220379538000000;48,800479152000001
121559;121560;08;4;15;059;2016;12;16;7;3;0;1;0;1;1;0;0;0;0;0;517335,096599999990000;5368919,197900000000000;9,234540748000001;48,473164199999999
121561;121562;08;1;11;000;2016;12;08;3;3;4;6;1;0;1;1;0;0;0;0;515577,279800000020000;5406152,693799999500000;9,212158078000000;48,808167160000004
121563;121564;08;4;15;061;2016;12;12;6;3;5;3;0;0;1;1;0;0;0;0;512569,107900000000000;5371384,403199999600000;9,170132285999999;48,495455475000000
121565;121566;08;4;17;051;2016;12;09;4;3;0;1;0;2;1;0;0;0;0;0;490712,641100000010000;5359539,480000000400000;8,874551193000000;48,388950059999999
121566;121567;08;3;11;000;2016;12;19;5;3;0;1;2;1;1;0;0;0;0;0;413950,702999999980000;5316420,074000000000000;7,846551658000000;47,995287103000003
121567;121568;08;1;11;000;2016;12;14;4;3;6;2;0;0;0;1;1;0;0;0;512972,795900000030000;5406284,085000000000000;9,176690102000000;48,809408965999999
121570;121571;08;2;22;000;2016;12;16;2;2;5;5;0;0;1;0;0;1;0;0;464822,673000000010000;5485946,838000000500000;8,513926443000001;49,525118048000003
121571;121572;08;2;22;000;2016;12;14;7;3;3;2;0;0;1;0;0;0;0;1;461012,333500000010000;5482111,260800000300000;8,461656931000000;49,490386086000001
121572;121573;08;2;21;000;2016;12;16;2;3;5;3;2;0;1;1;0;0;0;0;477472,436099999990000;5474335,518500000200000;8,689376126999999;49,421279472000002
121573;121574;08;1;18;019;2016;12;14;3;2;8;7;0;1;1;0;0;0;0;0;505410,093700000030000;5405562,463600000400000;9,073676376000000;48,803029185000000
121578;121579;08;1;11;000;2016;12;12;4;3;6;6;0;0;0;1;1;0;0;0;512588,039899999970000;5407594,626299999700000;9,171489939000001;48,821206332999999
121579;121580;08;2;12;000;2016;12;01;6;2;6;7;2;0;0;0;1;0;0;1;457158,600700000010000;5428641,168600000400000;8,414166044000000;49,009176101999998
121580;121581;08;4;15;014;2016;12;14;5;2;6;2;0;1;0;1;1;0;0;0;525816,515000000010000;5374745,122700000200000;9,349651221000000;48,525284552000002
121582;121583;08;1;17;019;2016;12;11;7;3;0;1;0;0;1;0;0;0;0;0;554088,736000000030000;5395172,642000000000000;9,735201117000001;48,707240247000001
121585;121586;08;2;22;000;2016;12;15;4;3;6;2;0;0;0;1;1;0;0;0;461347,064200000020000;5481687,113300000300000;8,466320165999999;49,486592524000002
121588;121589;08;3;16;056;2016;12;17;6;2;0;4;2;0;1;0;1;0;0;0;421530,772799999980000;5326484,264299999900000;7,946295301000000;48,086795793000000
121589;121590;08;2;22;000;2016;12;14;4;3;6;1;0;0;0;1;1;0;0;0;461815,653999999980000;5481270,252999999600000;8,472829938000000;49,482872749000002
121591;121592;08;4;36;082;2016;12;00;3;3;6;3;2;0;1;0;1;0;0;0;547512,842999999990000;5295616,691999999800000;9,634640527000000;47,812149058999999
121594;121595;08;1;25;065;2016;12;19;1;3;5;3;2;1;0;1;1;0;0;0;516311,259199999970000;5448620,888299999800000;9,223860114000001;49,190173082000001
121600;121601;08;1;28;082;2016;12;17;3;3;6;1;2;1;0;1;1;0;0;0;566765,639100000030000;5472334,181699999600000;9,920213686000000;49,400032815000003
121608;121609;08;3;17;096;2016;12;21;7;3;6;4;2;0;0;1;1;0;0;0;420088,729200000000000;5370568,144600000200000;7,918595115000000;48,483157599999998
121610;121611;08;1;19;086;2016;12;08;3;2;0;1;0;2;1;0;0;0;0;0;535361,230300000050000;5405613,377700000100000;9,481556185000001;48,802504869000003
121611;121612;08;1;11;000;2016;12;17;3;3;8;1;2;1;1;0;0;0;0;0;510348,362299999980000;5400272,449799999600000;9,140793971000001;48,755377959999997
121612;121613;08;2;25;058;2016;12;17;2;3;6;4;2;1;0;1;1;0;0;0;509089,510799999990000;5465272,192900000100000;9,125125403000000;49,340104140000001
121613;121614;08;4;16;041;2016;12;03;6;3;0;7;2;1;1;0;0;0;0;0;504051,117299999980000;5374800,215300000300000;9,054868185000000;48,526298085999997
121614;121615;08;3;36;105;2016;12;18;4;3;5;2;2;0;1;1;0;0;0;0;401587,677299999980000;5266409,118999999900000;7,692202335000000;47,543646011000000
121615;121616;08;1;16;056;2016;12;16;3;2;0;1;2;0;1;0;0;0;0;0;529763,719200000050000;5396226,134499999700000;9,404651453000000;48,718352658999997
121616;121617;08;1;19;067;2016;12;14;2;3;0;1;0;0;1;0;0;0;0;0;539162,520900000000000;5404944,389800000000000;9,533256882000000;48,796259081000002
121617;121618;08;4;26;070;2016;12;10;6;2;0;1;0;1;1;0;0;0;0;0;565769,496000000040000;5342112,385700000500000;9,885609037000000;48,228821394999997
121618;121619;08;1;25;069;2016;12;14;5;3;6;4;0;0;0;1;1;0;0;0;521652,050600000020000;5455883,114199999700000;9,297549620000000;49,255332539000001
121620;121621;08;4;15;050;2016;12;07;3;3;0;1;2;2;1;0;0;0;0;0;521402,530199999980000;5376825,442300000200000;9,289977255000000;48,544165632000002
121624;121625;08;4;16;041;2016;12;11;2;3;5;3;0;1;1;1;0;0;0;0;504451,386500000020000;5373872,114199999700000;9,060279506000001;48,517945841000000
121625;121626;08;3;17;009;2016;12;17;6;3;5;3;2;0;1;1;0;0;0;0;425236,714400000000000;5362892,716099999800000;7,989619582000000;48,414749919000002
121626;121627;08;2;21;000;2016;12;10;4;2;0;7;0;0;0;1;1;0;0;0;478055,978000000000000;5473125,953999999900000;8,697489117000000;49,410420965999997
121632;121633;08;3;35;043;2016;12;09;3;2;5;3;0;1;1;1;0;0;0;0;510471,669899999980000;5281072,487099999600000;9,139526655999999;47,682955827999997
121633;121634;08;2;12;000;2016;12;10;6;3;1;5;0;0;1;1;0;0;0;0;463135,306600000010000;5428975,578099999600000;8,495860449000000;49,012570191999998
121637;121638;08;1;18;019;2016;12;06;2;3;5;3;2;1;1;1;0;0;0;0;505067,810000000000000;5405351,889000000400000;9,069012452999999;48,801137758000003
121638;121639;08;3;27;002;2016;12;12;2;2;6;4;0;0;0;1;1;0;0;0;478583,550999999980000;5327001,666899999600000;8,712365192000000;48,095922102999999
121640;121641;08;3;17;041;2016;12;09;3;2;0;1;0;2;1;0;0;0;0;0;438091,707600000020000;5348148,172700000000000;8,165494314000000;48,283506998999997
121641;121642;08;2;12;000;2016;12;16;4;3;6;4;1;0;0;1;1;0;0;0;452617,450599999980000;5427109,356200000300000;8,352250849000001;48,995065416999999
121642;121643;08;2;12;000;2016;12;06;1;3;6;7;2;1;0;1;1;0;0;0;455938,849899999970000;5428737,377799999900000;8,397477092999999;49,009955628000000
121643;121644;08;3;17;047;2016;12;07;3;2;0;1;1;2;1;0;0;0;0;0;417466,506999999980000;5362612,748999999800000;7,884684756000000;48,411261770000003
121647;121648;08;1;16;042;2016;12;18;2;3;6;4;2;0;0;1;1;0;0;0;517317,217599999970000;5381944,400600000300000;9,234840094999999;48,590343007000001
121649;121650;08;1;16;049;2016;12;07;2;3;5;2;1;1;1;1;0;0;0;0;525373,895800000060000;5386508,658599999700000;9,344374691000001;48,631128734000001
121650;121651;08;3;16;011;2016;12;07;2;3;5;3;1;0;1;1;0;0;0;0;415300,685400000020000;5329447,860899999700000;7,862064338000000;48,112656600999998
121651;121652;08;3;11;000;2016;12;20;3;2;6;4;2;1;0;0;1;0;0;1;414573,184000000010000;5318535,763199999900000;7,854472608000000;48,014402003999997
121658;121659;08;3;27;050;2016;12;07;4;3;4;2;1;1;1;1;0;0;0;0;486997,897300000010000;5314491,813900000400000;8,825753773000001;47,983597209999999
121664;121665;08;1;36;088;2016;12;07;4;2;6;4;1;1;0;1;1;0;0;0;576886,431100000050000;5415019,859100000000000;10,048747607999999;48,883360983000003
121665;121666;08;2;22;000;2016;12;21;5;3;6;7;2;0;1;0;1;0;0;0;461468,934599999980000;5482029,781100000300000;8,467969350000001;49,489682387000002
121672;121673;08;3;17;065;2016;12;12;4;3;6;4;0;0;1;0;1;0;0;0;416264,667399999980000;5354615,290599999900000;7,870040089000000;48,339167332999999
121673;121674;08;2;15;017;2016;12;13;3;3;5;3;0;0;1;0;0;0;0;1;456411,450000000010000;5421027,396999999900000;8,404765701000001;48,940636615000003
121676;121677;08;1;11;000;2016;12;20;2;3;5;3;2;0;1;1;0;0;0;0;511519,320000000010000;5402754,580000000100000;9,156794800000000;48,777686512999999
121677;121678;08;4;15;061;2016;12;18;2;3;6;2;2;1;0;1;1;0;0;0;516301,438199999980000;5373384,306499999900000;9,220729937000000;48,513361504999999
121678;121679;08;3;17;089;2016;12;17;6;3;6;7;2;0;0;1;1;0;0;0;431962,760100000010000;5375822,442200000400000;8,078401109000000;48,531818637999997
121680;121681;08;1;11;000;2016;12;07;3;1;6;4;2;0;0;0;1;0;0;1;518509,283799999980000;5401149,758899999800000;9,251865439000000;48,763081018000001
121682;121683;08;3;35;075;2016;12;05;6;2;5;2;2;0;1;1;0;0;0;0;489028,969099999990000;5289251,418499999700000;8,853613779000000;47,756538292000002
121683;121684;08;1;11;000;2016;12;16;5;3;4;6;1;1;1;1;0;0;0;0;519468,691200000000000;5401635,156700000200000;9,264943420000000;48,767418333000002
121684;121685;08;3;17;057;2016;12;16;4;3;0;7;1;0;1;0;0;0;0;0;416203,819000000020000;5379876,531000000400000;7,864161943000000;48,566376876000000
121689;121690;08;1;18;079;2016;12;15;7;3;0;1;0;0;1;0;0;0;0;0;510769,996800000020000;5421684,342400000400000;9,147093641000000;48,947988330999998
121693;121694;08;2;22;000;2016;12;19;1;3;6;4;2;0;0;1;1;0;0;0;461780,801900000020000;5484107,082100000200000;8,472074409999999;49,508386297999998
121695;121696;08;3;17;057;2016;12;13;4;2;1;5;0;0;1;1;0;0;0;0;412500,666399999990000;5380412,960699999700000;7,813864681000000;48,570695676000000
121696;121697;08;2;31;000;2016;12;15;3;2;6;4;0;0;0;0;1;0;0;1;477883,852900000000000;5415458,331700000000000;8,698282978000000;48,891679834000001
121697;121698;08;2;22;000;2016;12;16;6;3;8;2;0;0;0;1;1;0;0;0;461366,193299999980000;5481999,834800000300000;8,466553705999999;49,489406504000002
121698;121699;08;3;37;096;2016;12;10;5;2;6;7;0;0;0;0;1;0;0;1;420853,062700000010000;5267056,885200000400000;7,948052841000000;47,552106999000003
121700;121701;08;3;16;053;2016;12;13;2;2;5;3;0;0;1;1;0;0;0;0;404472,419700000030000;5342159,508600000300000;7,713765945000000;48,225461164999999
121702;121703;08;1;27;025;2016;12;07;4;3;2;7;1;0;1;1;0;0;0;0;556439,254199999970000;5428176,171299999600000;9,771697407000000;49,003899730000001
121703;121704;08;1;28;007;2016;12;19;1;2;6;4;2;1;0;1;1;0;0;0;555758,461299999970000;5482413,644799999900000;9,769938749000000;49,491796399000002
121706;121707;08;1;16;019;2016;12;06;3;3;6;4;2;0;0;1;1;0;0;0;520148,346200000030000;5399453,830500000200000;9,274085750999999;48,747773721000002
121709;121710;08;1;11;000;2016;12;12;5;3;6;4;0;0;0;1;1;0;0;0;512815,575100000020000;5408581,075899999600000;9,174620520000000;48,830075631000000
121711;121712;08;3;17;034;2016;12;16;5;3;0;7;1;0;1;0;0;0;0;0;427275,112499999990000;5361828,762699999800000;8,017347447000001;48,405418005000001
121712;121713;08;3;26;074;2016;12;06;7;3;6;4;2;0;0;1;1;0;0;0;464927,052099999970000;5323938,950299999700000;8,529207493000000;48,067762160000001
121713;121714;08;4;15;061;2016;12;16;1;3;6;4;1;1;0;1;1;0;0;0;516750,147100000000000;5370642,738400000100000;9,226695633000000;48,488685646999997
121714;121715;08;1;11;000;2016;12;10;5;3;6;4;0;0;0;1;1;0;0;0;515634,096299999980000;5407291,776300000000000;9,212975295000000;48,818412745000003
121716;121717;08;2;22;000;2016;12;19;5;3;6;7;2;0;1;0;1;0;0;0;461863,296600000000000;5481491,552799999700000;8,473466315000000;49,484866220999997
121717;121718;08;3;35;063;2016;12;19;7;3;5;3;2;0;1;1;0;0;0;0;499156,076699999980000;5286654,350599999500000;8,988744570000000;47,733263743000002
121719;121720;08;1;11;000;2016;12;10;3;3;6;4;0;1;0;1;1;0;0;0;511061,045600000010000;5397445,543300000000000;9,150414399000001;48,729934886999999
121721;121722;08;4;16;041;2016;12;07;6;3;6;4;1;1;0;1;1;0;0;0;503826,674999999990000;5373181,551000000000000;9,051813495999999;48,511737394999997
121725;121726;08;3;36;105;2016;12;09;4;3;5;3;0;0;1;1;0;0;0;0;400022,768700000020000;5266964,307799999600000;7,671285814000000;47,548401208999998
121726;121727;08;2;22;000;2016;12;18;3;3;5;2;0;0;1;1;0;0;0;0;462619,538899999990000;5482863,173399999700000;8,483777188000000;49,497250289999997
121728;121729;08;3;26;074;2016;12;10;1;3;6;1;0;2;0;1;1;0;0;0;459842,373599999990000;5323063,894600000200000;8,461039769999999;48,059589645999999
121730;121731;08;4;16;025;2016;12;07;2;3;5;2;1;1;1;1;0;0;0;0;505069,841699999990000;5361802,115500000300000;9,068508167999999;48,409353991000003
121731;121732;08;3;17;040;2016;12;08;6;3;6;7;0;1;0;1;1;0;0;0;432752,099099999990000;5347608,150899999800000;8,093612887999999;48,278104396000003
121732;121733;08;1;25;065;2016;12;20;4;3;0;7;2;0;0;0;1;0;0;1;516737,193199999980000;5447920,451200000000000;9,229676533999999;49,183860996000000
121733;121734;08;3;36;050;2016;12;13;4;3;5;3;0;0;1;0;0;0;0;1;399435,564200000020000;5273702,791199999900000;7,661940195000000;47,608925876999997
121734;121735;08;3;17;001;2016;12;16;3;2;5;3;1;0;1;1;0;0;0;0;432039,270200000030000;5385961,863800000400000;8,077779758000000;48,623032190000004
121736;121737;08;4;15;061;2016;12;16;5;3;0;1;2;0;1;0;0;0;0;0;515556,277999999990000;5371258,731300000100000;9,210560931000000;48,494258025000001
121738;121739;08;1;17;026;2016;12;12;7;3;6;4;0;0;0;1;1;0;0;0;547929,826099999950000;5394747,148400000300000;9,651442744000001;48,703916473000000