FID;OBJECTID;ULAND;UREGBEZ;UKREIS;UGEMEINDE;UJAHR;UMONAT;USTUNDE;UWOCHENTAG;UKATEGORIE;UART;UTYP1;ULICHTVERH;IstStrasse;IstRad;IstPKW;IstFuss;IstKrad;IstGkfz;IstSonstig;LINREFX;LINREFY;XGCSWGS84;YGCSWGS84
121740;121741;08;3;11;000;2016;12;12;2;3;6;4;0;0;0;1;1;0;0;0;412897,079700000000000;5317315,739099999900000;7,832249549000000;48,003201226999998
121741;121742;08;1;11;000;2016;12;07;6;3;6;7;1;0;0;0;1;0;0;1;508260,832400000010000;5397109,270499999600000;9,112328856000000;48,726953180999999
121743;121744;08;1;26;066;2016;12;10;7;3;5;3;0;0;1;1;0;0;0;0;536641,055799999970000;5448999,821300000000000;9,502898118999999;49,192703784000003
121745;121746;08;3;35;063;2016;12;11;2;3;0;7;0;0;1;0;0;0;0;0;497932,314799999990000;5287096,519999999600000;8,972421122000000;47,737239445999997
121746;121747;08;3;11;000;2016;12;19;6;3;5;3;2;2;1;0;0;0;0;0;413589,373599999990000;5317327,636699999700000;7,841526459000000;48,003402213999998
121747;121748;08;1;19;076;2016;12;06;4;2;6;2;2;1;0;1;1;0;0;0;541543,209999999960000;5406421,368999999900000;9,565821396000001;48,809390706000002
121749;121750;08;1;36;088;2016;12;18;3;3;5;2;2;0;1;0;0;0;0;1;579752,045099999990000;5411408,327100000300000;10,087124028000000;48,850516048999999
121750;121751;08;2;15;009;2016;12;15;6;3;5;3;0;0;1;1;0;0;0;0;467451,982000000020000;5442350,958999999800000;8,553814530000000;49,133127625999997
121752;121753;08;3;11;000;2016;12;17;7;3;0;1;2;0;1;0;0;0;0;0;413480,779500000000000;5315250,089999999900000;7,840489704000000;47,984699261000003
121754;121755;08;1;15;010;2016;12;17;6;2;6;4;2;1;0;1;1;0;0;0;487289,654199999990000;5389165,612700000400000;8,827412347999999;48,655416695000000
121755;121756;08;3;35;075;2016;12;12;3;2;5;3;0;0;1;0;0;0;1;0;488779,772000000000000;5289717,206000000200000;8,850276736000000;47,760724943000000
121756;121757;08;2;15;101;2016;12;12;2;2;6;5;0;0;0;1;1;0;0;0;466962,540800000020000;5424487,429300000000000;8,548562548000000;48,972414526000001
121760;121761;08;1;18;019;2016;12;12;4;2;6;2;0;0;0;1;1;0;0;0;505426,459399999990000;5406106,315600000300000;9,073906438000000;48,807921487999998
121761;121762;08;3;35;043;2016;12;07;2;3;2;6;2;0;1;0;0;0;0;0;513765,502500000000000;5279999,832399999700000;9,183380324000000;47,673242698999999
121765;121766;08;2;16;024;2016;12;17;5;2;6;3;2;1;0;1;1;0;0;0;445382,801900000020000;5408855,107599999800000;8,255799759000000;48,830270994999999
121766;121767;08;4;36;082;2016;12;12;4;3;5;3;0;0;1;1;0;0;0;0;547191,588299999940000;5295858,038800000200000;9,630375999000000;47,814344081999998
121767;121768;08;2;16;043;2016;12;17;5;3;5;2;2;0;1;0;0;0;0;1;441694,130699999980000;5410398,627399999600000;8,205324145000001;48,843819578000002
121768;121769;08;2;26;096;2016;12;07;3;3;6;2;1;0;0;1;1;0;0;0;475931,282100000010000;5489309,435399999800000;8,667214383999999;49,555906335000003
121770;121771;08;1;36;088;2016;12;17;5;3;6;7;2;0;0;0;1;0;0;1;577748,184000000010000;5408367,326000000400000;10,059236843000001;48,823418574000002
121771;121772;08;2;22;000;2016;12;05;3;3;6;2;2;0;0;1;1;0;0;0;461981,450000000010000;5485008,524000000200000;8,474759046999999;49,516506872999997
121773;121774;08;4;36;081;2016;12;07;5;2;5;3;0;1;1;1;0;0;0;0;562257,047600000050000;5282684,983099999800000;9,829712007000000;47,694549621999997
121775;121776;08;3;35;075;2016;12;11;2;2;3;6;0;0;1;1;0;0;0;0;487576,993000000020000;5290498,178799999900000;8,834204534000000;47,767729703000001
121778;121779;08;1;36;065;2016;12;22;5;2;6;4;2;1;0;0;1;0;0;1;560266,028399999950000;5404944,127500000400000;9,820587574999999;48,794569256000003
121780;121781;08;1;28;007;2016;12;20;5;2;6;4;2;1;0;1;1;0;0;0;556037,033999999990000;5482592,557799999600000;9,773810408999999;49,493379883000003
121781;121782;08;1;19;067;2016;12;12;6;3;0;4;0;0;0;1;1;0;0;0;538900,694299999970000;5406094,366000000400000;9,529800821000000;48,806620180000003
121784;121785;08;3;35;075;2016;12;07;2;3;0;3;0;1;1;1;0;0;0;0;487986,859899999980000;5290808,545599999800000;8,839665947000000;47,770530004000001
121785;121786;08;3;17;001;2016;12;19;5;3;0;7;2;1;1;0;0;0;0;0;431317,628700000000000;5386673,356900000000000;8,067870637000000;48,629353256000002
121786;121787;08;4;25;033;2016;12;03;3;3;0;7;2;0;1;0;0;0;0;0;551500,862399999980000;5348231,543499999700000;9,694238517000001;48,285189398999997
121788;121789;08;3;25;049;2016;12;17;2;3;6;7;2;1;0;1;1;0;0;0;471896,549300000010000;5335143,037600000400000;8,622019659999999;48,168908371000001
121790;121791;08;3;17;096;2016;12;15;6;3;5;3;0;1;1;1;0;0;0;0;420420,114599999970000;5369124,252200000000000;7,923353661000000;48,470212050999997
121792;121793;08;2;22;000;2016;12;07;3;3;6;4;2;0;0;1;1;0;0;0;461644,031100000020000;5481332,227699999700000;8,470454621000000;49,483419357999999
121794;121795;08;1;27;052;2016;12;15;5;3;5;2;0;0;1;1;0;0;0;0;540864,226200000030000;5436043,363199999600000;9,559545030000001;49,075893835000002
121796;121797;08;1;19;020;2016;12;07;6;3;6;4;2;1;0;1;1;0;0;0;520077,191300000010000;5407070,739699999800000;9,273489847000001;48,816296635999997
121797;121798;08;3;27;050;2016;12;07;3;3;6;4;2;1;0;1;1;0;0;0;485817,307600000000000;5314494,893299999600000;8,809932217000000;47,983599826999999
121804;121805;08;2;16;015;2016;12;15;3;3;0;7;0;0;1;0;0;0;0;0;449905,920500000010000;5406088,893799999700000;8,317763636000001;48,805769533000003
121805;121806;08;1;36;065;2016;12;07;4;3;6;4;1;0;0;1;1;0;0;0;558207,331200000020000;5405072,376500000200000;9,792577197000000;48,795919005999998
121806;121807;08;1;15;050;2016;12;14;4;3;6;7;0;0;0;1;1;0;0;0;490450,509499999990000;5399652,174200000200000;8,870089384000000;48,749810738999997
121812;121813;08;3;11;000;2016;12;16;6;3;0;1;0;1;1;0;0;0;0;0;413948,154099999990000;5316420,845200000300000;7,846517343000000;47,995293697000001
121816;121817;08;1;16;033;2016;12;04;4;3;6;4;2;0;0;1;1;0;0;0;533277,471900000000000;5387941,228699999900000;9,451754073000000;48,643645337000002
121817;121818;08;3;16;043;2016;12;07;2;3;5;3;2;0;1;1;0;0;0;0;411422,944200000030000;5332345,487800000200000;7,809375956000000;48,138193284000003
121820;121821;08;1;19;067;2016;12;11;4;3;6;2;0;0;0;0;1;0;0;1;538885,957599999970000;5406045,543300000000000;9,529595501999999;48,806181915000003
121821;121822;08;3;36;050;2016;12;00;2;3;5;3;2;0;1;1;0;0;0;0;400069,397000000000000;5274515,110299999800000;7,670186040000000;47,616331037000002
121822;121823;08;1;17;024;2016;12;08;6;3;5;3;0;0;1;1;0;0;0;0;562054,487199999970000;5386114,037300000000000;9,842105356999999;48,625014866999997
121825;121826;08;1;19;085;2016;12;15;5;2;5;2;0;0;1;1;0;0;0;0;529038,678599999980000;5413925,546199999700000;9,396045897000001;48,877605785000000
121826;121827;08;1;19;067;2016;12;15;5;3;6;4;0;0;0;1;1;0;0;0;538180,060599999970000;5405938,147199999500000;9,519972181000000;48,805259595000003
121827;121828;08;2;15;103;2016;12;00;3;3;5;3;2;0;1;0;0;0;1;0;465206,474999999980000;5442199,256000000100000;8,523046104000001;49,131639985000000
121829;121830;08;3;36;050;2016;12;11;5;3;6;4;0;0;0;1;1;0;0;0;399347,916099999970000;5273945,038700000400000;7,660718681000000;47,611091369000000
121830;121831;08;4;36;064;2016;12;15;3;3;3;6;0;0;1;0;0;0;0;0;547382,589299999990000;5293956,867900000000000;9,632719424999999;47,797225316999999
121831;121832;08;3;25;061;2016;12;15;1;3;6;4;0;0;0;1;1;0;0;0;475204,914899999970000;5353380,108599999900000;8,665446512999999;48,333118417000001
121832;121833;08;3;11;000;2016;12;10;2;3;5;2;0;0;1;1;0;0;0;0;414363,463500000010000;5317799,338899999900000;7,851808032000000;48,007749527999998
121835;121836;08;4;15;061;2016;12;20;3;2;6;4;2;1;0;0;1;0;0;1;515310,644499999990000;5374108,038900000000000;9,207340737000001;48,519897372999999
121836;121837;08;1;36;019;2016;12;16;3;3;6;4;1;0;0;0;1;1;0;0;582669,925200000060000;5423503,288999999900000;10,129339454000000;48,958916524999999
121838;121839;08;4;26;087;2016;12;18;4;3;6;2;2;0;0;1;1;0;0;0;570504,556699999960000;5325123,186499999800000;9,946544409000000;48,075482651000002
121840;121841;08;1;35;020;2016;12;15;3;3;5;3;0;0;1;1;0;0;0;0;586554,308599999990000;5386165,980700000200000;10,174526482999999;48,622571641000000
121841;121842;08;3;11;000;2016;12;18;5;3;0;3;2;1;1;1;0;0;0;0;412904,765300000030000;5318064,955199999700000;7,832200421000000;48,009941701999999
121842;121843;08;4;15;061;2016;12;07;3;3;5;3;2;0;1;1;0;0;0;0;514523,167100000020000;5369646,328700000400000;9,196521365000001;48,479776987000001
121843;121844;08;3;11;000;2016;12;17;2;3;5;2;2;0;1;1;0;0;0;0;414073,011799999980000;5317973,212600000200000;7,847879708000000;48,009274597999998
121846;121847;08;2;26;096;2016;12;13;3;3;5;3;0;0;0;1;1;0;0;0;475873,832100000000000;5488905,958999999800000;8,666444781999999;49,552274939999997
121848;121849;08;1;19;067;2016;12;02;4;3;6;7;2;0;0;0;1;0;0;1;538696,544499999960000;5406125,136400000200000;9,527023464999999;48,806909720999997
121855;121856;08;3;11;000;2016;12;08;5;3;0;1;0;0;1;0;0;0;0;0;410422,396000000010000;5316486,922299999700000;7,799253035000000;47,995403832999997
121856;121857;08;2;16;063;2016;12;12;2;2;0;7;0;0;1;0;0;0;0;0;433497,037699999990000;5403277,757299999700000;8,094769994000000;48,778944729000003
121857;121858;08;4;15;061;2016;12;15;2;3;6;4;0;0;0;1;1;0;0;0;515012,110600000010000;5371407,736999999700000;9,203200796000001;48,495611769999996
121858;121859;08;2;12;000;2016;12;22;6;3;6;4;2;0;0;0;1;0;0;1;455763,699800000000000;5428765,216000000000000;8,395079074000000;49,010193504000000
121859;121860;08;1;27;076;2016;12;12;3;2;6;4;0;0;0;1;1;0;0;0;556177,902400000020000;5439794,652599999700000;9,769736281000000;49,108428529999998
121860;121861;08;1;17;026;2016;12;18;7;3;6;2;2;1;0;1;1;0;0;0;547798,104000000050000;5395419,882899999600000;9,649730454000000;48,709978161999999
121861;121862;08;1;21;000;2016;12;12;4;3;5;3;0;0;1;0;1;0;0;0;516260,570100000010000;5443395,035500000200000;9,222953288999999;49,143166381999997
121864;121865;08;1;11;000;2016;12;22;6;2;6;4;2;0;0;1;1;0;0;0;514208,284500000010000;5404710,554999999700000;9,193462969000001;48,795226665999998
121866;121867;08;1;16;019;2016;12;15;5;3;6;4;0;0;0;1;1;0;0;0;522115,016999999990000;5398702,297399999600000;9,300798417999999;48,740946274999999
121871;121872;08;1;18;063;2016;12;10;4;3;5;3;0;2;1;1;0;0;0;0;514657,212999999990000;5423310,575000000200000;9,200242415000000;48,962537404999999
121872;121873;08;2;25;014;2016;12;19;2;2;5;3;2;0;1;1;0;0;0;0;524474,271799999990000;5485983,965900000200000;9,338186403000000;49,525978762999998
121874;121875;08;4;21;000;2016;12;14;3;2;6;4;0;0;0;0;1;0;0;1;573550,020499999980000;5360968,235799999900000;9,993649160000000;48,397581643000002
121878;121879;08;1;15;028;2016;12;18;5;3;6;4;2;1;0;1;1;0;0;0;501074,176299999990000;5405049,720800000200000;9,014627139000000;48,798439203999997
121879;121880;08;1;19;067;2016;12;07;3;3;6;4;1;0;0;0;1;0;0;1;538650,861400000050000;5406110,053899999700000;9,526399895999999;48,806776888000002
121881;121882;08;4;21;000;2016;12;16;3;3;5;3;1;0;1;0;0;0;0;1;573552,246200000050000;5360968,398000000000000;9,993679252000000;48,397582843000002
121882;121883;08;1;11;000;2016;12;16;5;3;0;4;2;0;0;0;1;0;0;1;512084,509700000000000;5402687,655899999700000;9,164485859999999;48,777073745999999
121883;121884;08;1;19;020;2016;12;12;3;3;6;4;0;0;0;1;1;0;0;0;520553,734999999990000;5406308,476900000100000;9,279943027000000;48,809423887999998
121888;121889;08;3;35;043;2016;12;11;3;3;5;2;0;0;1;1;0;0;0;0;512017,204000000030000;5280329,885999999900000;9,160099146000000;47,676247269999998
121889;121890;08;1;18;040;2016;12;07;3;2;6;4;1;0;0;1;1;0;0;0;509996,936999999980000;5432019,193000000000000;9,136789742000000;49,040969488999998
121893;121894;08;4;36;055;2016;12;11;5;3;5;3;0;0;1;1;0;0;0;0;576205,746900000030000;5297457,831000000200000;10,018171642000000;47,825953714000001
121895;121896;08;3;35;075;2016;12;14;3;3;4;2;0;0;1;1;0;0;0;0;487722,662100000020000;5290402,138899999700000;8,836151316000001;47,766868373999998
121897;121898;08;1;15;045;2016;12;14;3;2;0;7;0;0;0;0;1;0;0;1;500025,355900000020000;5394766,373300000100000;9,000344640000000;48,705931085000003
121899;121900;08;2;21;000;2016;12;18;2;3;4;2;2;0;1;1;0;0;0;0;476819,989000000000000;5470286,414200000500000;8,680616241999999;49,384833888999999
121905;121906;08;4;21;000;2016;12;08;4;2;4;2;0;0;1;1;0;0;0;0;573563,376099999990000;5361886,057400000300000;9,993990419999999;48,405836074000000
121906;121907;08;2;15;100;2016;12;20;2;3;5;3;2;0;1;1;0;0;0;0;473785,546500000000000;5450079,264899999800000;8,640132903000000;49,202947967999997
121907;121908;08;4;25;050;2016;12;18;5;1;6;4;2;1;0;1;1;0;0;0;557894,876399999950000;5346601,523500000100000;9,780199523000000;48,269973297000000
121909;121910;08;2;16;043;2016;12;19;2;3;5;2;2;0;1;1;0;0;0;0;441927,604500000020000;5412961,226099999600000;8,208142453000001;48,866891999000003
121911;121912;08;2;22;000;2016;12;20;6;3;5;3;2;0;1;1;0;0;0;0;461745,853799999980000;5483032,751400000400000;8,471695743000000;49,498721085000000
121915;121916;08;1;16;047;2016;12;17;3;3;5;3;2;0;1;1;0;0;0;0;519679,509100000020000;5392401,795099999800000;9,267371655000000;48,684348859000004
121918;121919;08;4;21;000;2016;12;13;4;3;0;3;0;0;1;0;1;0;0;0;573657,983899999990000;5361134,810200000200000;9,995136725000000;48,399067408999997
121919;121920;08;2;16;043;2016;12;08;2;2;5;3;0;0;1;0;0;0;1;0;441367,020900000000000;5412157,225900000000000;8,200614473000000;48,859607308999998
121921;121922;08;2;12;000;2016;12;23;3;3;3;6;2;0;1;1;0;0;0;0;456420,494799999990000;5427356,183699999900000;8,404211297000000;48,997565819000002
121924;121925;08;1;16;078;2016;12;20;3;2;6;4;2;0;0;1;1;0;0;0;510180,560899999980000;5393984,509300000000000;9,138355704000000;48,698814298999999
121926;121927;08;2;26;084;2016;12;18;5;3;6;2;2;1;0;1;1;0;0;0;469187,512300000000000;5470306,927400000400000;8,575453898999999;49,384680070999998
121928;121929;08;1;36;038;2016;12;15;2;3;3;2;0;0;1;1;0;0;0;0;591311,397200000010000;5413939,821000000500000;10,245221344000001;48,871690377000000
121930;121931;08;4;15;061;2016;12;11;3;3;6;7;0;0;0;1;1;0;0;0;511986,956799999990000;5371221,031800000000000;9,162247778999999;48,493997102000002
121931;121932;08;1;11;000;2016;12;18;3;3;6;4;2;0;0;1;1;0;0;0;507490,856199999980000;5398601,690100000200000;9,101886044000001;48,740388748999997
121932;121933;08;1;19;020;2016;12;07;2;3;1;5;1;0;1;1;0;0;0;0;519524,098699999970000;5408808,023799999600000;9,266038459000001;48,831942515999998
121934;121935;08;3;17;065;2016;12;12;7;3;6;4;0;1;0;1;1;0;0;0;414228,103599999970000;5355323,446200000100000;7,842419363000000;48,345263838999998
121936;121937;08;4;17;051;2016;12;15;4;3;6;7;0;1;0;1;1;0;0;0;490876,345399999990000;5357915,935899999900000;8,876797673000000;48,374346127999999
121937;121938;08;4;16;023;2016;12;22;4;3;5;3;2;0;1;1;0;0;0;0;510696,157699999980000;5371281,678700000000000;9,144777962999999;48,494566005000003
121939;121940;08;4;36;081;2016;12;15;6;3;4;2;0;1;1;1;0;0;0;0;561818,172900000010000;5282965,577100000300000;9,823903432000000;47,697116192000003
121940;121941;08;2;26;056;2016;12;16;5;3;5;3;2;1;1;1;0;0;0;0;485215,000300000010000;5471053,167999999600000;8,796256666000000;49,391992471000002
121942;121943;08;1;18;048;2016;12;13;2;3;5;3;0;0;1;1;0;0;0;0;513178,727000000010000;5415958,838499999600000;9,179806271000000;48,896436807999997
121943;121944;08;3;35;063;2016;12;19;3;3;6;2;2;0;0;1;1;0;0;0;495368,768400000000000;5288952,669499999800000;8,938208677000000;47,753926995000000
121946;121947;08;4;15;061;2016;12;07;4;3;5;2;2;0;1;1;0;0;0;0;516308,598300000010000;5371456,937099999700000;9,220751575000000;48,496022074000003
121947;121948;08;3;37;096;2016;12;10;4;2;0;7;0;1;1;0;0;0;0;0;420586,265799999990000;5267267,607699999600000;7,944469374000000;47,553970159999999
121948;121949;08;4;35;016;2016;12;16;4;2;0;7;0;0;1;0;0;0;0;0;536118,904400000000000;5277495,685300000000000;9,480951870000000;47,649849555999999
121949;121950;08;3;16;011;2016;12;19;4;3;2;6;2;1;1;1;0;0;0;0;412587,951100000010000;5331120,471500000000000;7,825283555000000;48,127335297000002
121950;121951;08;1;11;000;2016;12;07;3;3;5;3;1;0;1;1;0;0;0;0;511394,741800000020000;5406130,042000000400000;9,155192741000001;48,808054153999997
121955;121956;08;1;19;079;2016;12;17;3;3;6;3;2;0;0;0;1;1;0;0;523170,402899999990000;5408590,280799999800000;9,315710544000000;48,829858397000002
121957;121958;08;2;26;009;2016;12;09;3;3;2;2;0;0;1;1;0;0;0;0;465796,042100000020000;5472877,071000000500000;8,528505275000001;49,407616691000001
121958;121959;08;4;26;073;2016;12;06;2;3;5;3;1;1;1;1;0;0;0;0;566461,435000000060000;5337254,985999999600000;9,894164075000001;48,185053236000002
121959;121960;08;2;11;000;2016;12;18;4;3;6;4;2;0;0;1;1;0;0;0;440830,000999999990000;5403478,250300000400000;8,194545574999999;48,781488875999997
121961;121962;08;4;16;041;2016;12;11;5;3;4;6;0;0;1;1;0;0;0;0;502875,057500000000000;5375463,085300000400000;9,038944251000000;48,532267988000001
121965;121966;08;3;35;043;2016;12;15;3;3;6;6;0;0;0;0;1;0;0;1;512124,459099999980000;5280801,377299999800000;9,161541140000001;47,680487585000002
121966;121967;08;1;15;041;2016;12;17;2;3;6;7;2;0;0;1;1;0;0;0;495493,569900000000000;5401675,235799999900000;8,938672618000000;48,768067096000003
121968;121969;08;4;26;070;2016;12;13;2;3;8;1;0;0;1;0;0;0;0;0;565251,846800000060000;5341007,744800000500000;9,878469497999999;48,218937767000000
121970;121971;08;1;11;000;2016;12;12;4;2;6;7;0;0;0;1;1;0;0;0;513252,189100000020000;5404461,965800000400000;9,180436625000001;48,793011497999998
121971;121972;08;3;15;015;2016;12;11;4;3;0;1;0;0;0;0;1;0;0;1;394451,845900000010000;5320470,038900000000000;7,584257135000000;48,028792822000000
121974;121975;08;2;31;000;2016;12;18;3;2;6;7;2;0;0;0;1;0;0;1;476015,403400000010000;5414771,659500000100000;8,672833588000000;48,885433268000000
121975;121976;08;1;19;085;2016;12;21;2;3;6;7;2;1;0;1;1;0;0;0;529818,265999999950000;5413194,741399999700000;9,406624791000001;48,870994758999998
121977;121978;08;3;11;000;2016;12;11;4;3;3;2;0;0;1;1;0;0;0;0;414488,032499999970000;5318082,940600000300000;7,853421322000000;48,010317309999998
121979;121980;08;3;36;091;2016;12;16;6;3;3;6;0;0;1;1;0;0;0;0;396102,620700000030000;5271946,849000000400000;7,618022922000000;47,592605063999997
121980;121981;08;3;17;100;2016;12;17;2;3;0;6;2;0;1;0;0;0;0;0;424000,260699999980000;5366295,800400000100000;7,972295306000000;48,445212947999998
121981;121982;08;2;16;043;2016;12;10;6;3;5;3;0;1;1;1;0;0;0;0;441610,601000000020000;5412022,448499999900000;8,203954265000000;48,858417965000001
121983;121984;08;3;26;017;2016;12;12;6;3;6;2;0;1;0;1;1;0;0;0;440812,720700000010000;5322423,840699999600000;8,205750474000000;48,052349825000000
121984;121985;08;1;19;008;2016;12;12;4;3;5;3;0;0;1;0;0;0;0;1;530763,368999999950000;5419646,984000000200000;9,419998615000001;48,928989944000001
121986;121987;08;3;11;000;2016;12;11;7;3;6;4;0;0;0;1;1;0;0;0;414600,138400000000000;5316813,517400000200000;7,855176910000000;47,998913356000003
121987;121988;08;4;21;000;2016;12;17;3;3;6;4;2;0;0;1;1;0;0;0;570999,823899999960000;5362677,574000000000000;9,959490719000000;48,413249987999997
121988;121989;08;2;12;000;2016;12;16;4;3;6;4;2;0;0;1;1;0;0;0;455210,292399999980000;5431092,862599999600000;8,387254828000000;49,031090925999997
121990;121991;08;2;12;000;2016;12;12;4;3;5;2;0;0;1;1;0;0;0;0;453574,885699999980000;5428925,677699999900000;8,365131086000000;49,011476072000001
121991;121992;08;4;21;000;2016;12;16;2;3;3;2;2;1;1;0;0;0;0;1;571387,776300000030000;5360777,212399999600000;9,964409472000000;48,396111881000003
121992;121993;08;3;17;151;2016;12;06;6;2;0;1;2;1;1;0;0;0;0;0;411502,672399999980000;5366013,968399999700000;7,803392170000000;48,441044912999999
121993;121994;08;2;22;000;2016;12;09;5;2;0;7;0;0;1;0;0;0;0;0;463285,059899999990000;5486836,115000000200000;8,492598078000000;49,533025389000002
121995;121996;08;1;11;000;2016;12;16;2;3;6;6;2;0;0;1;1;0;0;0;516225,892500000020000;5403320,471099999700000;9,220880049000000;48,782672255000001
121998;121999;08;4;37;105;2016;12;23;1;3;6;7;2;1;0;1;1;0;0;0;519741,883700000010000;5323614,152900000100000;9,264988159000000;48,065498853000001
122000;122001;08;4;25;033;2016;12;07;2;3;6;4;2;1;0;1;1;0;0;0;552917,456499999970000;5348225,081600000200000;9,713332068000000;48,285014412999999
122001;122002;08;2;35;046;2016;12;07;4;3;0;4;2;0;0;1;1;0;0;0;479698,625400000020000;5377944,046799999700000;8,724887284999999;48,554265452999999
122003;122004;08;2;31;000;2016;12;18;4;3;6;2;2;0;0;1;1;0;0;0;476047,079600000000000;5416352,363400000100000;8,673172993000000;48,899653934000000
122005;122006;08;2;21;000;2016;12;08;5;3;6;4;0;0;0;1;1;0;0;0;476134,633600000000000;5472702,473700000000000;8,671028180000000;49,406539508000002
122010;122011;08;2;15;099;2016;12;13;3;3;5;3;0;0;1;0;0;0;0;1;463783,693700000000000;5448127,463299999900000;8,503009937000000;49,184882176000002
122015;122016;08;2;12;000;2016;12;12;6;3;5;2;0;1;1;1;0;0;0;0;455241,169200000000000;5429265,827399999800000;8,387878810000000;49,014658865000001
122018;122019;08;2;26;032;2016;12;11;4;2;1;5;0;0;1;1;0;0;0;0;467172,138400000000000;5462878,234000000200000;8,548298425000001;49,317755259999998
122019;122020;08;2;22;000;2016;12;10;4;3;5;3;0;0;1;1;0;0;0;0;464291,995999999980000;5484214,308000000200000;8,506750687000000;49,509503817000002
122020;122021;08;4;15;050;2016;12;21;5;3;0;1;2;2;1;0;0;0;0;0;521510,150599999990000;5376468,700400000400000;9,291416932000001;48,540952621999999
122024;122025;08;1;21;000;2016;12;13;4;3;6;4;0;0;0;1;1;0;0;0;515451,013600000010000;5440979,940200000100000;9,211760761000001;49,121462659000002
122033;122034;08;1;15;003;2016;12;13;6;3;6;7;0;0;0;1;1;0;0;0;500294,809699999980000;5391576,665799999600000;9,004004805999999;48,677236086999997
122065;122066;08;4;16;041;2016;12;17;5;3;5;3;2;1;1;0;0;1;0;0;504464,860300000000000;5373410,205099999900000;9,060457019999999;48,513790239999999
122068;122069;08;4;16;036;2016;12;11;5;2;0;7;0;1;1;0;0;0;0;0;495568,326899999990000;5369087,407200000200000;8,940038230000001;48,474900834000003
122074;122075;08;4;36;049;2016;12;15;7;2;6;4;0;0;0;1;1;0;0;0;578138,876099999990000;5282814,309500000400000;10,041363028999999;47,693987559000000
122107;122108;08;3;15;064;2016;12;12;7;3;5;1;0;0;1;1;0;0;0;0;422220,982100000020000;5313458,404299999600000;7,957927063000000;47,969704329999999
122111;122112;08;3;35;043;2016;12;10;5;3;0;7;0;2;1;0;0;0;0;0;512563,664899999970000;5279322,536600000200000;9,167350358000000;47,667173087000002
122115;122116;08;3;35;043;2016;12;07;5;3;0;1;0;2;1;0;0;0;0;0;512759,825900000000000;5279290,258500000500000;9,169962304000000;47,666878818999997
122141;122142;08;2;12;000;2016;12;22;7;2;0;1;2;0;1;0;0;0;0;0;456437,071000000000000;5427144,749300000300000;8,404460576000000;48,995665107999997
122151;122152;08;1;36;065;2016;12;20;7;3;0;1;2;1;1;0;0;0;0;0;557388,109599999970000;5404809,732099999700000;9,781386705999999;48,793632651000003
122155;122156;08;3;17;122;2016;12;06;5;3;5;3;2;2;1;1;0;0;0;0;417893,703400000000000;5367804,345999999900000;7,889439177000000;48,458015021999998
122164;122165;08;3;17;009;2016;12;18;5;2;5;3;2;0;1;1;0;0;0;0;424275,893800000020000;5361382,418999999800000;7,976909375000000;48,401049890000003
122167;122168;08;3;16;020;2016;12;12;5;3;3;2;0;0;1;1;0;0;0;0;408273,838300000000000;5338047,797500000300000;7,765826696000000;48,189038423000000
122172;122173;08;3;36;091;2016;12;10;5;3;6;4;0;1;0;0;1;0;0;1;396327,882600000010000;5271976,584800000300000;7,621011289000000;47,592908598999998
122175;122176;08;3;11;000;2016;12;13;5;3;1;5;0;1;1;1;0;0;0;0;413431,620200000000000;5317008,458999999800000;7,839476377000000;48,000509757000003
122178;122179;08;1;17;019;2016;12;12;7;3;2;6;0;0;1;1;0;0;0;0;552064,836499999980000;5394413,733199999700000;9,707597785999999;48,700585811000003
122190;122191;08;4;15;061;2016;12;16;6;3;5;3;0;0;1;1;0;0;0;0;515329,272000000000000;5377060,716199999700000;9,207701611999999;48,546460058999997
122194;122195;08;3;11;000;2016;12;03;5;3;0;1;2;2;1;0;0;0;0;0;412849,107599999990000;5316160,134899999900000;7,831841258000000;47,992799660999999
122196;122197;08;4;15;061;2016;12;14;6;2;3;2;0;0;1;1;0;0;0;0;515868,137600000020000;5370590,690600000300000;9,214756674000000;48,488240296999997
122213;122214;08;2;22;000;2016;12;14;6;3;1;5;0;0;1;1;0;0;0;0;462214,379800000000000;5488973,025600000300000;8,477596997999999;49,552179774000003
122222;122223;08;2;21;000;2016;12;05;5;3;0;7;2;1;1;0;0;0;0;1;475636,919200000000000;5472597,608300000400000;8,664173999000001;49,405576539000002
122241;122242;08;1;36;088;2016;12;15;6;3;5;2;0;0;1;1;0;0;0;0;581226,711200000020000;5413445,744099999800000;10,107626057999999;48,868649619000003
122260;122261;08;1;17;051;2016;12;16;5;2;0;7;0;0;1;0;0;0;0;0;542280,229599999960000;5394676,238800000400000;9,574652759999999;48,703687158000001
122261;122262;08;1;19;020;2016;12;15;6;2;6;2;0;0;0;1;1;0;0;0;520337,130500000030000;5406127,491000000400000;9,276983930000000;48,807802899000002
122269;122270;08;1;16;015;2016;12;22;5;3;0;7;2;0;1;0;0;0;0;0;523828,290600000010000;5393533,543100000400000;9,323802647000001;48,694385416000003
122281;122282;08;1;16;077;2016;12;10;5;2;6;4;0;0;0;1;1;0;0;0;515970,805500000020000;5388944,910299999600000;9,216851049000001;48,653356397000003